hash_group,file_number,total_copies,filepath,size_kb
6ffdbed5,1,2,7d917a52-ddb7-40ce-b4e5-33ad3a2170951. LRE341 CIE fd.pdf,321.83984375
6ffdbed5,2,2,0dafde6a-e348-4e88-a889-1ed6acd80aef1. LRE341 CIE fd.pdf,321.83984375
d8fe3a91,1,2,61721505-cec5-47e3-9431-74abbeac2a22J01. Informe justificativo-188.pdf,194.96875
d8fe3a91,2,2,44022708-3ee4-49fd-ba40-13d77716c8c2J01. Informe justificativo-188.pdf,194.96875
3aa8d78e,1,2,67db62e0-8ce5-472e-a0ee-740dc25cebffJ01P2-4_fd.pdf,270.169921875
3aa8d78e,2,2,be9063d2-8423-410f-9369-f78d8d83fe8dJ01P2-4_fd.pdf,270.169921875
8b1a6265,1,2,e29dc780-2006-4dc9-9180-3cf41c88538eJ01. Informe justificativo-204.pdf,194.939453125
8b1a6265,2,2,68ac52ad-c5c8-42df-b4e8-a27c7c7a6322J01. Informe justificativo-204.pdf,194.939453125
25e1bb8f,1,3,00a0e9e6-54a8-45e4-af15-25383f6ee28b1. CIE IRVE_fdo.pdf,269.388671875
25e1bb8f,2,3,15318d51-5407-4101-ae25-b9235414ade01. CIE IRVE_fdo.pdf,269.388671875
25e1bb8f,3,3,be29b861-14d4-47c2-b567-4769a401434b1. CIE IRVE_fdo.pdf,269.388671875
1365391a,1,2,20f1541b-d8cb-4717-8bee-0592473dca714. CIE AU085-9 BTNI-420396.08 25.pdf,238.5283203125
1365391a,2,2,72f5feb3-50cc-452c-a5de-c46a5fea7cd94. CIE AU085-9  BTNI-420396.08 25.pdf,238.5283203125
45c46152,1,8,fb6e5b17-49bd-470f-8b17-c0ffac5ffc184. DR Técnico-2-4.pdf,992.7392578125
45c46152,2,8,38acb9d2-eee4-4cba-9c81-466e033bac224. DR Técnico-2-4.pdf,992.7392578125
45c46152,3,8,c7a72a36-ab03-46d2-a72c-e7f8a0a0707c4. DR Técnico-2-4.pdf,992.7392578125
45c46152,4,8,9c96f221-d9c8-43d1-977c-87602aa1e6e24. DR Técnico-2-4.pdf,992.7392578125
45c46152,5,8,bea2b49e-7e93-4c5c-a03a-17d75de45c014. DR Técnico-2-4.pdf,992.7392578125
45c46152,6,8,cc6e74f0-87c4-449f-b964-cfd45d86c6c94. DR Técnico-2-4.pdf,992.7392578125
45c46152,7,8,d17aaaba-5456-4682-abba-3250a7b77aac4. DR Técnico-2-4.pdf,992.7392578125
45c46152,8,8,581d8dd5-a388-4458-9b4c-7249fa2fa7754. DR Técnico-2-4.pdf,992.7392578125
89a0057e,1,2,5d645a98-f5ad-45eb-b3b4-bdf041e5a52c5. C190 Solicitud_IRVE.pdf,1025.572265625
89a0057e,2,2,863393a5-4caf-4adc-afe7-0c809037f7b75. C190 Solicitud_IRVE.pdf,1025.572265625
6e171c53,1,2,c8781c77-b962-4467-a814-2d0dd317be581. CIE.pdf,807.5810546875
6e171c53,2,2,7a849b16-b0b7-4899-be7b-f101667b53a54. LRE395 CIE.pdf,807.5810546875
07ce599a,1,3,ee40d0f7-cbd1-4777-a566-97e7e9e5eff21. Solicitud_coope_fase 2.pdf,1614.087890625
07ce599a,2,3,f801d694-a808-41a6-883a-c7ea077b33d71. Solicitud_coope_fase 2.pdf,1614.087890625
07ce599a,3,3,70bdc5c4-c7cd-4e4c-8983-528ab5f56cda1. Solicitud_coope_fase 2.pdf,1614.087890625
bf6e72b2,1,4,51bcdf16-1895-4bde-9ff3-2c8ee069f7841. LRE074 CIE IRVE fd.pdf,270.9365234375
bf6e72b2,2,4,3b823e13-c54d-4951-89c7-ec3a330e07f41. LRE074 CIE IRVE fd.pdf,270.9365234375
bf6e72b2,3,4,146f2583-a4c1-4480-ab19-49866b175f785.1.  CIE.pdf,270.9365234375
bf6e72b2,4,4,93016637-e786-4461-ab74-05ce380408a41. LRE074 CIE IRVE fd.pdf,270.9365234375
30d690a7,1,2,3f13a244-955f-4dd6-b0d8-647a679b08fd5. LRE077 Solicitud IRVE.pdf,1024.1005859375
30d690a7,2,2,6d6ce28b-5ba7-4b09-8ab8-3bf1812d1f565. LRE077 Solicitud IRVE.pdf,1024.1005859375
174bbc84,1,4,208af58a-0d1b-4981-8d64-72a5dfd2ccd51. Solicitud_coope_fase 2.pdf,1612.384765625
174bbc84,2,4,68a7cc3e-3ce0-46f2-a8e8-e8122a85f4061. Solicitud_coope_fase 2.pdf,1612.384765625
174bbc84,3,4,b78c2894-cbf6-4063-ae2b-da26441306eb1. Solicitud_coope_fase 2.pdf,1612.384765625
174bbc84,4,4,350c4730-0671-4daa-a5e7-4eb8e3416b821. Solicitud_coope_fase 2.pdf,1612.384765625
85f4f385,1,4,db5ab8f0-7598-4a3d-9723-5c2588226d894. C334 CIE.pdf,809.4423828125
85f4f385,2,4,f0d157f0-2616-4bd0-987f-c026c01145b84. C334 CIE.pdf,809.4423828125
85f4f385,3,4,bb408859-495d-4813-b87c-8682d0cd5cff2. C334 CIE.pdf,809.4423828125
85f4f385,4,4,67dd040b-30ed-4962-b033-b324a53b2c4d4. C334 CIE.pdf,809.4423828125
59590dba,1,3,79b38473-5136-4dc0-8061-5e554d6580df1. LRE353 CIE fd.pdf,271.111328125
59590dba,2,3,1a2486c9-9e20-40e7-84af-842978941b7f1. LRE353 CIE fd.pdf,271.111328125
59590dba,3,3,ba78bb44-cc62-44a9-8296-0d37c04c16aa1. LRE353 CIE fd.pdf,271.111328125
9ae56899,1,3,372ad000-018f-4e97-bb0d-8721d2c06c1d1. Solicitud_coope_fase 2.pdf,1613.2333984375
9ae56899,2,3,37c88a3c-fb01-4d16-802c-354aac150fba1. Solicitud_coope_fase 2.pdf,1613.2333984375
9ae56899,3,3,68f58c35-8f3b-49b3-b976-84687f1ab6891. Solicitud_coope_fase 2.pdf,1613.2333984375
b757d4cd,1,2,d75cd495-5abc-464a-8b28-fd17f78f72b0justificante_registro_solicitud (3).pdf,279.150390625
b757d4cd,2,2,64da02c5-448d-48ab-9af6-05b9bacab73ejustificante_registro_solicitud (3).pdf,279.150390625
bc831472,1,2,7ba93d67-140e-42e5-ae8d-036f80a78de6J01. Informe justificativo-198.pdf,194.9677734375
bc831472,2,2,c809f1f2-b2e7-45cf-bdab-0a36f62fb9caJ01. Informe justificativo-198.pdf,194.9677734375
22b493e3,1,2,0ebbbb83-4a3c-498e-8ee5-7454060e04abJ01. Informe justificativo-209.pdf,194.9560546875
22b493e3,2,2,e1c3ee41-dbee-4e31-8685-c2a40d142961J01. Informe justificativo-209.pdf,194.9560546875
ec1e6c3e,1,3,618cee93-0f35-4dd1-81a4-2675465f28531. Solicitud_coope_fase 2.pdf,1612.658203125
ec1e6c3e,2,3,03857be9-4b1d-4da3-9f85-761181fa2d241. Solicitud_coope_fase 2.pdf,1612.658203125
ec1e6c3e,3,3,e4e004e4-0108-4e51-b4aa-0953b21c03681. Solicitud_coope_fase 2.pdf,1612.658203125
93dffb4a,1,4,1335932d-7b20-48ef-9c7e-a7b123cfefca1. Solicitud_coope_fase 2.pdf,1612.7392578125
93dffb4a,2,4,abfe89cd-adb7-454c-822a-fc4f96d3da7c1. Solicitud_coope_fase 2.pdf,1612.7392578125
93dffb4a,3,4,d65f79f4-96bc-4a44-8eaa-16e1cc64a18f1. Solicitud_coope_fase 2.pdf,1612.7392578125
93dffb4a,4,4,10b4b227-0571-41e4-899c-3548dff822251. Solicitud_coope_fase 2.pdf,1612.7392578125
b45be57c,1,2,a1a9afc6-fd9e-4a84-86b6-530f528807583. LRE041 Anexo IRVE.pdf,1250.353515625
b45be57c,2,2,42d27643-0402-4bc6-b014-7bf30bee56403. LRE041 Anexo IRVE.pdf,1250.353515625
0ed3aa3a,1,3,9996d8d2-be4c-4600-8a15-8835e159188c1. CIE IRVE_fdo.pdf,267.349609375
0ed3aa3a,2,3,ee68df5a-de60-4926-936a-ca781f6041981. CIE IRVE_fdo.pdf,267.349609375
0ed3aa3a,3,3,0fc7ea9f-1ef1-4f57-9e55-02f8c3bc66681. CIE IRVE_fdo.pdf,267.349609375
5359c52d,1,3,6de4b603-961d-4e41-a09a-e7a4667d94ef5. LRE387 Solicitud IRVE.pdf,1022.6748046875
5359c52d,2,3,e60bb454-c7df-4e13-b19e-543515df7c385. LRE387 Solicitud IRVE.pdf,1022.6748046875
5359c52d,3,3,bf98664f-9847-4330-a6c6-ab8fde238b115. LRE387 Solicitud IRVE.pdf,1022.6748046875
608fabed,1,3,513c91ef-76e7-4bd7-8cbc-cb0290f840481. Solicitud_coope_fase 2.pdf,1611.8056640625
608fabed,2,3,ae548ce5-4280-453b-8191-6c9552877c4d1. Solicitud_coope_fase 2.pdf,1611.8056640625
608fabed,3,3,401a7631-55cf-432e-80d9-0161b36b21d21. Solicitud_coope_fase 2.pdf,1611.8056640625
6cec6eae,1,4,c8dc3081-3065-4a1e-85bd-de0db0907f531. Solicitud_coope_fase 2.pdf,1612.6875
6cec6eae,2,4,fbdf0b16-a7ad-450c-93bc-0552084dc94d1. Solicitud_coope_fase 2.pdf,1612.6875
6cec6eae,3,4,9d109190-24ac-427e-9ffb-00ee404c537b1. Solicitud_coope_fase 2.pdf,1612.6875
6cec6eae,4,4,91273e78-feb9-49e5-92e5-5b7c13bbe4f81. Solicitud_coope_fase 2.pdf,1612.6875
a7b06c23,1,3,63f7c76b-da7b-41e7-8539-c0d71d1dd5bd1. LRE004 CIE IRVE.pdf,803.7119140625
a7b06c23,2,3,6878c58d-652f-4ef5-b2a5-896daf1d01be1. LRE004 CIE IRVE.pdf,803.7119140625
a7b06c23,3,3,c3d88c35-bef8-42ca-aecf-2bf2785b3b8b5.1 LRE004 CIE IRVE.pdf,803.7119140625
27da1a31,1,2,36ec9b54-4322-4037-8eea-00388a0c6e1cLRE029 jus_registro_22-11-24.pdf,1044.103515625
27da1a31,2,2,53aeb19b-cb20-404d-afcd-c67d34927ae3LRE029 jus_registro_22-11-24.pdf,1044.103515625
d16cceb6,1,2,6e292647-d2e6-4af4-8a98-c290a3fc6817J01P2-3_fd.pdf,270.119140625
d16cceb6,2,2,4cfd4aa9-e4a5-4c93-991c-17ecf663d0e2J01P2-3_fd.pdf,270.119140625
c7e785e1,1,2,081a71f2-648e-490c-b5d7-3756a221d454J01. Informe justificativo-247.pdf,194.9638671875
c7e785e1,2,2,908b212e-769f-4748-9a72-ad24ccfed4dcJ01. Informe justificativo-247.pdf,194.9638671875
472ad268,1,2,cc106971-5a55-4d94-a5c8-5732b39143ff1. J01 Informe justificativo_LPR08.docx,124.681640625
472ad268,2,2,926edf56-38fb-4494-8538-2bc62a91f24c1. J01 Informe justificativo_LPR09.docx,124.681640625
f58ba866,1,2,39098087-01b6-477f-b387-53b401dc59013. Anexo IRVE.pdf,521.236328125
f58ba866,2,2,afbd3fbb-276c-4ba7-bc81-e658bd0bc9d83. Anexo IRVE.pdf,521.236328125
18634342,1,2,30d4ef04-6850-4112-853d-1d1a9d96235bJ01_LPR-1.pdf,189.69140625
18634342,2,2,08e54686-6ba2-41a1-ba78-401bc11d3db3J01_LPR-1.pdf,189.69140625
19b8a4a7,1,2,30b96847-e8b3-4b7e-b4af-e52f65c10975AU044 MC PN  3 2A_V1 fd.pdf,341.775390625
19b8a4a7,2,2,039a9552-aba4-4091-a60c-38045961808aAU044 MC PN  3 2A_V1 fd.pdf,341.775390625
560c2219,1,2,443b2a4f-6345-4248-8e8d-274bc01442725.1.  CIE.pdf,805.177734375
560c2219,2,2,aac3746a-3313-49fa-a674-b16bb53fcc101. LRE331 CIE_IRVE.pdf,805.177734375
5c750dc6,1,5,2198b03b-1786-4b23-8c29-2c21e407b22e4. S4-2 CIE.pdf,809.4560546875
5c750dc6,2,5,0c356bab-bf8d-4578-ae54-53db7ff2dc894. S4-2 CIE.pdf,809.4560546875
5c750dc6,3,5,9018becf-a48c-4eab-bc54-57094d973c6c4. S4-2 CIE.pdf,809.4560546875
5c750dc6,4,5,f01e1659-e6fb-4c32-894a-8c57118abec64. S4-2 CIE.pdf,809.4560546875
5c750dc6,5,5,ce7582bc-05a6-43c1-b76f-467ad0b7b3204. S4-2 CIE.pdf,809.4560546875
1ec751b8,1,3,9a528210-9a58-40e0-99e9-69b3b801b641AU057 CM T 59 4 0C_V1.pdf,329.287109375
1ec751b8,2,3,324282f1-2bcf-4b61-94f4-e365c4fa8a0bAU057 CM T 59 4 0C_V1.pdf,329.287109375
1ec751b8,3,3,97600b1c-2468-4ee0-b76d-674a352520ecAU057 CM T 59 4 0C_V1.pdf,329.287109375
b7f42b3b,1,6,2a224646-4204-4c63-98e0-62d98bbaf4524. CIE AU085-8 fd.pdf,313.3759765625
b7f42b3b,2,6,6c83810e-4a0c-43cf-83b2-5ae4e7c961ec6.8 CIE.pdf,313.3759765625
b7f42b3b,3,6,089a0cdf-1996-403d-ae9c-12fe59180b5c4. CIE AU085-8 fd.pdf,313.3759765625
b7f42b3b,4,6,9ab7d149-d6aa-41d7-b38f-ebb6e57cd4136.8 CIE.pdf,313.3759765625
b7f42b3b,5,6,606676b3-a856-47ec-83c2-19e66a0177166.8 CIE.pdf,313.3759765625
b7f42b3b,6,6,e58c2dda-03e2-4641-a4f4-2bfb503534ac6.8 CIE.pdf,313.3759765625
c4405690,1,3,e81dc1cb-c333-49e4-9178-e2ca0ca772321. Solicitud_coope_fase 2.pdf,1612.9404296875
c4405690,2,3,6596f844-6283-4f0e-98e3-685ce66477171. Solicitud_coope_fase 2.pdf,1612.9404296875
c4405690,3,3,35a25032-5a51-48de-96fe-5e7ef6a9c5651. Solicitud_coope_fase 2.pdf,1612.9404296875
1eaf0e97,1,2,2432408d-38cc-41e5-880e-1554b86fcd5dJ01. Informe justificativo-243.pdf,195.0439453125
1eaf0e97,2,2,3880a7fb-7138-466c-819a-f6676f8158a6J01. Informe justificativo-243.pdf,195.0439453125
68a5f334,1,2,35783cb5-3b6c-44fa-88f0-b039e5e3e8df6. Tabla fd2.pdf,201.837890625
68a5f334,2,2,3f756f11-3447-428b-96dc-c640365cd0cc1.2 Acuerdos IBI.pdf,201.837890625
bb637c81,1,3,5a2b221f-d7a6-4155-9b9f-91255563cab31. LRE221 CIE.xlsx,43.90234375
bb637c81,2,3,19d33562-0ff3-4658-98e6-ca8b3a03f4fd1. LRE353 CIE.xlsx,43.90234375
bb637c81,3,3,a4e3f553-af83-4043-86ad-5f896a0711601. LRE353 CIE.xlsx,43.90234375
f25de187,1,2,e9ae406a-fa7f-4d93-9ce9-cba847eb285a5.1.  CIE.pdf,323.01171875
f25de187,2,2,c26d56b2-b654-480a-b65b-db79203e317c1. LRE090 CIE fd.pdf,323.01171875
5c7a210b,1,3,8c999044-59fc-4498-9f92-e7c61b27aaba3. LRE039 Anexo IRVE.pdf,1253.7802734375
5c7a210b,2,3,5b519c90-bf9f-4be6-bfcb-604bea59df533. LRE039 Anexo IRVE.pdf,1253.7802734375
5c7a210b,3,3,a5caf4d9-f0f3-4c4f-8853-188ce7b1637b3. LRE039 Anexo IRVE.pdf,1253.7802734375
4f4ce901,1,3,a0518f08-d582-4603-a442-7752499347e01. Solicitud_coope_fase 2.pdf,1611.8095703125
4f4ce901,2,3,353322b8-f77b-4dcd-889f-3146355b738b1. Solicitud_coope_fase 2.pdf,1611.8095703125
4f4ce901,3,3,a100a4b1-48e9-456e-b6a9-a9ecd15e931e1. Solicitud_coope_fase 2.pdf,1611.8095703125
a2312412,1,2,a55ae90b-6129-48a2-b1aa-1625d639d39f7.2. Tramitación con Industria_CIE.pdf,809.4716796875
a2312412,2,2,65a7318b-e1d6-43e6-986c-caeddb2c7ea74. LRE307 CIE.pdf,809.4716796875
f4e7ab05,1,2,2d94ee92-4dd2-46f5-8be6-59c2713e95b37.2. Tramitación con Industria_CIE.pdf,804.6884765625
f4e7ab05,2,2,ca80b735-580b-467c-b196-09674615e69a4. LRE217 CIE.pdf,804.6884765625
f0350654,1,2,3562d17b-7df9-4228-a708-6dd983ce67e8AU044 MC PN  3 1C_V1.pdf,293.1708984375
f0350654,2,2,3c52a45c-283d-4194-86ad-732fd2c93951AU044 MC PN  3 1C_V1.pdf,293.1708984375
7eb19792,1,2,bb8561e4-56e5-4599-a90d-99e4da4f517bLRE012 just_registro_13-11-24.pdf,1048.576171875
7eb19792,2,2,4ace181d-92c4-43de-b756-e3eec01878e2LRE012 just_registro_13-11-24.pdf,1048.576171875
7bdd876e,1,2,fbaa3374-93a1-40cb-92f0-b928ff2b88f91. Solicitud_coope_fase 2.pdf,1612.421875
7bdd876e,2,2,e9ce8adf-0302-4850-af4f-f82ac10eedcd1. Solicitud_coope_fase 2.pdf,1612.421875
9cdc743c,1,3,af95cf26-c7a8-488f-83b8-4da9c092b73ajustificante_registro_solicitud (19).pdf,276.017578125
9cdc743c,2,3,856a6388-8385-4648-9e93-450efb90047e5.1 Just registro.pdf,276.017578125
9cdc743c,3,3,070c7813-fe5c-42ee-856a-93a6d0fc7fbcjustificante_registro_solicitud (19).pdf,276.017578125
9b833318,1,2,3d01d95b-7422-4249-a2e7-509bbe905bd3J01. Informe justificativo-238.pdf,194.958984375
9b833318,2,2,ccf1ba1c-c44d-4333-94ed-f2f3a38c8036J01. Informe justificativo-238.pdf,194.958984375
d8a65839,1,3,1f765f3d-4101-4596-aee3-4d5481692c081. Solicitud_coope_fase 2.pdf,1612.650390625
d8a65839,2,3,bb3147b2-0b23-41d6-90df-7e635e460d391. Solicitud_coope_fase 2.pdf,1612.650390625
d8a65839,3,3,c57d3518-e2ec-4386-bfad-a749f4bf82681. Solicitud_coope_fase 2.pdf,1612.650390625
266e7e44,1,2,c7cd8950-49bc-4dc1-9a2b-70e73862f6adJ01. Informe justificativo-202.pdf,195.0126953125
266e7e44,2,2,4466bd38-90b0-4023-a375-a580cf765f53J01. Informe justificativo-202.pdf,195.0126953125
9419ab10,1,2,88ccfd11-cbd0-401f-b0fc-68559b359aaf4. IMS345 CIE.pdf,806.4130859375
9419ab10,2,2,c95f9845-eb58-4806-820f-b8ab6decf50f4. IMS345 CIE.pdf,806.4130859375
7c8dc016,1,2,ebce0c41-3070-4705-867f-2370a79ac7d25. LRE055 Solicitud IRVE.pdf,1026.142578125
7c8dc016,2,2,17a96a84-15a5-4cff-a6c3-2e6c319ee12f5. LRE055 Solicitud IRVE.pdf,1026.142578125
6861e587,1,2,8c38a784-ff09-40c0-9910-fca9332cbc30J01. Informe justificativo-197.pdf,195.0263671875
6861e587,2,2,1a315f0b-516e-4bbd-8ac1-b66287bd0d72J01. Informe justificativo-197.pdf,195.0263671875
64a5777d,1,2,a00896ad-177d-46c1-9cb5-be38d0044b59J01P2-1.pdf,189.359375
64a5777d,2,2,1d37fe06-437c-4a11-bf21-931af828db9eJ01P2-1.pdf,189.359375
264b56fb,1,2,781de369-d534-45e0-8d7a-493f4f9affa0LRE041 just_registro_16-12-24.pdf,1046.255859375
264b56fb,2,2,03ef1c3b-d38f-492a-9ecb-1c5560ffc216LRE041 just_registro_16-12-24.pdf,1046.255859375
a4a2973f,1,5,89424c6e-4e3c-4c5d-9d1c-9f726b58e0f42. Solicitud_CIE_MTD_Anexo.pdf,1386.7900390625
a4a2973f,2,5,1e1b4baf-2bc0-4281-a04b-828f0a7468882. Solicitud_CIE_MTD_Anexo.pdf,1386.7900390625
a4a2973f,3,5,bf3e5a0f-84a7-4b7c-b013-875f3260156b2. Solicitud_CIE_MTD_Anexo.pdf,1386.7900390625
a4a2973f,4,5,ca26d475-dddc-473e-872f-498784c2c5132. Solicitud_CIE_MTD_Anexo.pdf,1386.7900390625
a4a2973f,5,5,4d59b524-8437-4521-9378-069f1a13f5e12. Solicitud_CIE_MTD_Anexo.pdf,1386.7900390625
fd91f276,1,2,d949f633-9895-48af-b751-37d278e106d64. C217 CIE.pdf,807.8134765625
fd91f276,2,2,c723ed45-06f0-4ea6-977f-5eabbe46f4324. C217 CIE.pdf,807.8134765625
bc9c5dd5,1,2,cbfe3e87-936c-4a8e-aec4-c49b41ba4459J01_LPR1000-4-fd.pdf,270.166015625
bc9c5dd5,2,2,b864ade0-9a59-4d09-996c-19eb06a61eadJ01_LPR1000-4-fd.pdf,270.166015625
62b5dca7,1,2,7478e733-9df9-4a00-8f1b-0f5b0d1dd5b9J01_LPR-5_fd.pdf,270.4677734375
62b5dca7,2,2,3f6deddd-07a2-4e51-8a05-3b1f77d2cf58J01_LPR-5_fd.pdf,270.4677734375
62f0c8ef,1,5,df35f14a-e31c-4ca8-9f31-32ebca9fde1b4. S3 CIE.pdf,806.2548828125
62f0c8ef,2,5,0544ff46-a592-4a79-b427-d58f23059fac4. S3 CIE.pdf,806.2548828125
62f0c8ef,3,5,ccdb4aef-fda3-4500-b813-0c4d5ded2a534. S3 CIE.pdf,806.2548828125
62f0c8ef,4,5,ef31d674-d521-4385-b5eb-6164508fbdde4. S3 CIE.pdf,806.2548828125
62f0c8ef,5,5,7ee7dd41-bf38-40e3-bacd-15163af538184. S3 CIE.pdf,806.2548828125
1d14331e,1,2,f3e26465-71dd-4f4e-8de5-9df8283004c25. LRE386 Solicitud IRVE.pdf,1025.830078125
1d14331e,2,2,64041711-a69b-4e40-83fc-7c42c27bfe5c5. LRE386 Solicitud IRVE.pdf,1025.830078125
62f99863,1,12,ae01f43b-8b3a-4b10-b391-4e8277cf70673. Anexo IRVE.docx,329.435546875
62f99863,2,12,013e73f5-682f-474f-8dd6-fac7a17e270b3. Anexo IRVE.docx,329.435546875
62f99863,3,12,62070f34-461b-47e3-8722-c04281282a973. Anexo IRVE.docx,329.435546875
62f99863,4,12,c69e09c9-52e7-403f-9378-91975f6e08703. Anexo IRVE.docx,329.435546875
62f99863,5,12,f9d8c042-f799-47d9-b214-ff8958b271423. LRE387 Anexo IRVE.docx,329.435546875
62f99863,6,12,8162980a-7f77-4584-9c6c-1f80a5015b653. Anexo IRVE.docx,329.435546875
62f99863,7,12,b7c058a0-86d9-4878-885e-129d9b445b963. Anexo IRVE.docx,329.435546875
62f99863,8,12,18d58dc4-8e3e-4fa1-a4ad-82e3df1377c93. Anexo IRVE.docx,329.435546875
62f99863,9,12,5dd56fa1-df54-4c24-a2c2-c7b0294e31ea3. Anexo IRVE.docx,329.435546875
62f99863,10,12,6e2c9248-c25b-4b0f-ae3a-91de485972023. Anexo IRVE.docx,329.435546875
62f99863,11,12,516971a9-dab2-40e0-a389-c8bb391d7e153. Anexo IRVE.docx,329.435546875
62f99863,12,12,fd8b261e-28de-4093-a02b-e21b560252593. Anexo IRVE.docx,329.435546875
3ed66447,1,3,2ec07714-b039-408f-9e4c-c8298f41e5f01.  LRE012 CIE IRVE.pdf,860.4892578125
3ed66447,2,3,cdf112d2-8c10-4c1a-85da-963735beca131.  LRE012 CIE IRVE.pdf,860.4892578125
3ed66447,3,3,bac23189-ae47-45ee-8a51-97ac33c0665f5.  LRE012 CIE IRVE.pdf,860.4892578125
95ada6d0,1,2,75b0be44-7dd3-4099-becc-057787de726cDelta B16 3B_CEE_ - copia.pdf,293.53515625
95ada6d0,2,2,64e54bd3-517c-4a23-9f8d-599eefc674faDelta B16 3B_CEE_V2_fd.pdf,293.53515625
f7116e34,1,2,5d7e2757-a997-4859-bdc0-d521063c1df01. Solicitud_coope_fase 2.pdf,1612.65625
f7116e34,2,2,374f7ed1-4535-4aae-883d-f57c4ba621011. Solicitud_coope_fase 2.pdf,1612.65625
875d5086,1,2,cb7579ad-e559-486d-9eeb-70c31589643d4. CIE AU085-7 FD (1) BTNI-420352.06 25.pdf,237.7900390625
875d5086,2,2,5d4d06ba-7dff-4411-a3de-4636980d31a34. CIE AU085-7 FD (1) BTNI-420352.06 25.pdf,237.7900390625
ab524837,1,2,69d4e830-6210-4e93-92e9-3adcca3dd7a94. CIE fd.pdf,306.1650390625
ab524837,2,2,d3794184-33f8-4b92-b852-99486e47347e4. CIE fd.pdf,306.1650390625
081c02d6,1,2,dde00a44-06da-434a-ace3-c731870cd7f4J01. Informe justificativo-224.pdf,195.0087890625
081c02d6,2,2,b1649e61-f59e-49aa-a4ab-97a7f659f6c1J01. Informe justificativo-224.pdf,195.0087890625
2e04bd84,1,2,b425ac7c-9a84-4dc3-b87f-fdcd03bd8bd4J01P2-3.pdf,189.3740234375
2e04bd84,2,2,6ab692c7-23b2-47e0-b9a0-067bc025cc94J01P2-3.pdf,189.3740234375
61488286,1,3,efa45d08-ba73-4444-bdf4-176fb49b93751. LRE235 CIE IRVE2 fd.pdf,268.9365234375
61488286,2,3,8c5d8a5c-1a74-493e-b0f6-a3b38d81b18d5.1.  CIE.pdf,268.9365234375
61488286,3,3,c3609f23-b74c-4fe9-97d7-77a0ec11652b1. LRE235 CIE IRVE2 fd.pdf,268.9365234375
6a65425c,1,3,6149b357-e755-486a-84a5-cf3952d2bbbf1. LRE225 CIE_IRVE.pdf,806.3095703125
6a65425c,2,3,4c72a895-5acd-47e6-960d-2e81c3aa612d5.1.  CIE.pdf,806.3095703125
6a65425c,3,3,1fa7132d-0f54-4e8c-8bba-228a45d514151. LRE225 CIE_IRVE.pdf,806.3095703125
a06b7002,1,2,1156840d-e363-4f25-a848-d9d5e3a7e16dAU044 MC PS 17 3B_V1.pdf,293.3291015625
a06b7002,2,2,83ff05d0-ec46-4d7f-881b-23e17f6ec5a7AU044 MC PS 17 3B_V1.pdf,293.3291015625
66c4df0d,1,3,406a9ef5-40f6-4005-86c8-1ac16aa698a05.1.  CIE.pdf,728.0400390625
66c4df0d,2,3,0c666bcc-905b-44d8-86f6-b920fe102a111. LRE049 CIE IRVE.pdf,728.0400390625
66c4df0d,3,3,454fdb3e-8d11-41e8-8da4-3544b2e5a46e1. LRE049 CIE IRVE.pdf,728.0400390625
44316ed8,1,3,6ace1cab-8780-45a8-b36a-78e41d9b7a665.1.  CIE.pdf,805.6591796875
44316ed8,2,3,a74fda58-f599-4406-8b30-dddb591f94e91. LRE036 CIE IRVE.pdf,805.6591796875
44316ed8,3,3,51f9ae6e-3d7e-4e60-9a40-3a44ec2afa1b1. LRE036 CIE IRVE.pdf,805.6591796875
cefe44c9,1,2,03c1ebda-a236-45cc-8eeb-9a11682b08c8J01. Informe justificativo-246.pdf,194.994140625
cefe44c9,2,2,fce84533-0ea9-41f3-a9e7-9495e1f7b3f3J01. Informe justificativo-246.pdf,194.994140625
3cbe39d5,1,2,e25ca71b-bdab-4af9-9863-b3ac54d93669J01_LPRP4-3_fd.pdf,322.8115234375
3cbe39d5,2,2,3bfe6df7-a6f8-44f7-bdf9-483eaf883d95J01_LPRP4-3_fd.pdf,322.8115234375
7dc202b9,1,3,69fe8d8b-6d84-4e6e-9144-ac525cb86d5fAU057 CM T 59 0 5_V1.pdf,258.3466796875
7dc202b9,2,3,6c06f030-bcce-4018-a648-67d2ab48d22eAU057 CM T 59 0 5_V1.pdf,258.3466796875
7dc202b9,3,3,2be5039e-1b7f-4d90-8739-1d8abbbb3351AU057 CM T 59 0 5_V1.pdf,258.3466796875
8f2338a8,1,2,81d63ebb-ed35-4c19-b7c1-03578076ce3aAU044 MC PN  3 3D_V1.pdf,293.263671875
8f2338a8,2,2,f27c80a6-8b5c-4be1-b1ad-2f7aed1f848eAU044 MC PN  3 3D_V1.pdf,293.263671875
f54453da,1,2,353bb983-f057-4242-a290-b7b9195b7590J01. Informe justificativo-205.pdf,194.9638671875
f54453da,2,2,093f113a-d582-435e-bc05-9497feb92c30J01. Informe justificativo-205.pdf,194.9638671875
ca90159e,1,2,753b1b0c-9ccb-4204-ba93-86eef4fecd45AU044 MC PS 17 3C_V2.pdf,341.8681640625
ca90159e,2,2,1231e22c-92a3-4841-93fe-d538ebe434e51. CEE 1_Certificado Energético.pdf,341.8681640625
fe30eddc,1,2,8188620e-401e-4d28-b672-77376204848d5. LRE012 Solicitud IRVE.pdf,1027.7021484375
fe30eddc,2,2,750b56cf-f641-4be1-8626-b1f7042883115. LRE012 Solicitud IRVE.pdf,1027.7021484375
2ec4be83,1,2,b3d9530c-9159-42f4-881a-62e77fdb3d6eJ01. Informe justificativo-167.pdf,195.0615234375
2ec4be83,2,2,0aa420c1-bc76-4be6-a7db-958b91241031J01. Informe justificativo-167.pdf,195.0615234375
242ed89b,1,3,a6b161a2-15ad-4d42-94df-8dd316f4f044MEMORIA DES PR fd2.pdf,672.0654296875
242ed89b,2,3,413b751b-8a57-4e83-951b-774cac9ccff3m3a2_29949_memoria_descriptiva_94zvl37.pdf,672.0654296875
242ed89b,3,3,6b1728a9-abc4-4741-9314-a5e21e3c2b76m3a2_29949_memoria_descriptiva_94zvl37.pdf,672.0654296875
1c919ee1,1,3,fec62d8a-f08b-4cdf-aa1f-5e9e74f9c3781. C190 CIE_IRVE.pdf,805.453125
1c919ee1,2,3,837878f6-4ca8-4b84-8644-cf72d3a257146. C190 CIE_IRVE.pdf,805.453125
1c919ee1,3,3,4020ad80-2454-4cee-8e70-dbaa55d416d11. C190 CIE_IRVE.pdf,805.453125
2b456816,1,2,4b7da93c-5766-4898-93ec-3bbfa7948e873. LRE055 Anexo IRVE.pdf,1256.2177734375
2b456816,2,2,0d7e071b-4d0c-4a33-9594-8ee90ad1db063. LRE055 Anexo IRVE.pdf,1256.2177734375
766449b8,1,4,aa654f1c-5009-4ecd-91bc-22a482a9db17IMS308_CEE_V1_fd.pdf,285.0830078125
766449b8,2,4,81e72e98-7810-4882-b06c-803cc15e253cIMS308_CEE_V1_fd.pdf,285.0830078125
766449b8,3,4,2ba5fc41-4532-4bf6-a9ca-0554e37eaf06IMS308_CEE_V1_fd.pdf,285.0830078125
766449b8,4,4,8fc00592-0520-4acf-8283-c8aec03d2c35IMS308_CEE_V1_fd.pdf,285.0830078125
8678ac02,1,2,812ef1d9-e6a1-4c26-a6cc-5b52e9b55733J01_LPR0900-2.pdf,189.515625
8678ac02,2,2,424b2adc-d124-4054-847d-1b73196d7991J01_LPR0900-2.pdf,189.515625
0b0c2dda,1,2,f06a4a28-bfbb-4b46-8a1e-f96a6dc0df5aJ01P2-1_fd.pdf,270.0986328125
0b0c2dda,2,2,263749f2-f7ca-4b3f-8e26-42764253122eJ01P2-1_fd.pdf,270.0986328125
21144f7c,1,2,79be862d-e9b9-43b4-bae5-ecaf17c71948LRE254 just_registro.pdf,277.8896484375
21144f7c,2,2,413f7246-21d9-4a83-a442-37d3a1957471LRE254 just_registro.pdf,277.8896484375
946dbf86,1,2,f6bd58f3-ab7d-4003-828e-0e72d107af4fIMS306_CEE_1 R1 LGM fd.pdf,279.6796875
946dbf86,2,2,54115e30-ca40-4871-8c85-8dfa3691c0d6IMS306_CEE_1 R1 LGM fd.pdf,279.6796875
96133630,1,2,6c8c8f65-0362-44b4-8730-bb812e3c2ef1J01. Informe justificativo-208.pdf,194.982421875
96133630,2,2,05e98a72-f1bf-4d94-85aa-ae0260d75de7J01. Informe justificativo-208.pdf,194.982421875
1215abdb,1,2,7bd5027b-463a-45ba-8735-6e1aeb2e04db0.4. AU068 CFO.pdf,532.298828125
1215abdb,2,2,ee50c2c1-cc85-4b16-9945-8041780b884d3. AU068 CFO.pdf,532.298828125
2b1849e7,1,3,f1ba7c31-304f-424b-aaf6-1759781010a4AU057 CM T 59 5 0C_V1.pdf,329.6865234375
2b1849e7,2,3,436352d0-9439-4148-be76-686154dc5a9dAU057 CM T 59 5 0C_V1.pdf,329.6865234375
2b1849e7,3,3,71d4ed0b-6ef5-43bf-afce-546cd97b9b93AU057 CM T 59 5 0C_V1.pdf,329.6865234375
26caddaa,1,2,c492de4b-1389-42c5-8372-79cc437de9f3J01. Informe justificativo-193.pdf,195.0283203125
26caddaa,2,2,6d12236b-acd3-4a5d-9681-32389daee9d0J01. Informe justificativo-193.pdf,195.0283203125
ae9b3659,1,3,dd4c58a6-7024-4f66-a864-87e5f42d7ce71. LRE254 CIE IRVE_fdo.pdf,269.1025390625
ae9b3659,2,3,6117825d-232a-4f48-b289-2c0568af98a81. LRE254 CIE IRVE_fdo.pdf,269.1025390625
ae9b3659,3,3,7bae7e20-a6ef-42de-a102-4a739909aac75.1 CIE IRVE_fdo.pdf,269.1025390625
079b9243,1,2,e453df7a-c00a-428a-9355-d536eac1d0e25. Solicitud IRVE_fdo.pdf,284.2041015625
079b9243,2,2,a0279262-5225-4633-af1b-0c94fc1632525. Solicitud IRVE_fdo.pdf,284.2041015625
ba9ff0ac,1,2,2ac29c05-9d54-4be8-8a02-04fe8cb5ae3d3. LRE225 Anexo ESQUEMA_IRVE.pdf,1256.37109375
ba9ff0ac,2,2,41a32611-3e09-490c-ae4d-401b8a09443b3. LRE225 Anexo ESQUEMA_IRVE.pdf,1256.37109375
df28f9fc,1,2,ab664d76-4931-42d6-8798-ed8b8c11c855apertura-LA PABLO 5-PRES.pdf,1472.6689453125
df28f9fc,2,2,87988158-d0be-4995-887e-cedc2030dd24apertura-LA PABLO 5-PRES.pdf,1472.6689453125
e01e2ae8,1,2,36ef4396-35bf-4b86-bb8b-71e3d0c94cf4LRE049 justificante_registro_solicitud.pdf,1049.76953125
e01e2ae8,2,2,e7ee1f06-8f36-4cdb-b7af-49e3b87dd126LRE049 justificante_registro_solicitud.pdf,1049.76953125
0b92bd12,1,2,41a70b80-3c9d-4986-9b4e-0dd76867e0f81. Solicitud_coope_fase 2.pdf,1611.8359375
0b92bd12,2,2,6afe0d80-8623-4345-a4d7-2086597c154b1. Solicitud_coope_fase 2.pdf,1611.8359375
78540ad1,1,2,65c1355a-56ae-47bc-96a9-05c0a2a6026e5. LRE041 Solicitud IRVE.pdf,1025.365234375
78540ad1,2,2,79750380-b367-470c-9d0b-2926e68398de5. LRE041 Solicitud IRVE.pdf,1025.365234375
c6f61b52,1,2,969ebaf9-3301-4ac5-8606-3236f867b3aaAU044 MC PS 17 2A_V1.pdf,293.111328125
c6f61b52,2,2,4555f464-89a1-4c84-9378-bb6622d05b4cAU044 MC PS 17 2A_V1.pdf,293.111328125
6b807a7a,1,2,e346c45e-9c00-47c2-a9e3-4814614bcced1. CIE IRVE.pdf,219.9892578125
6b807a7a,2,2,ca636c94-15c9-4a5d-9d8d-45277185d5321. CIE IRVE.pdf,219.9892578125
a4de46e4,1,2,6e170d00-8619-45d7-a00e-73f8bde904d0J01_LPR1000-1-fd.pdf,270.2763671875
a4de46e4,2,2,25098efc-6d13-467a-b411-1ea24074cb2bJ01_LPR1000-1-fd.pdf,270.2763671875
4cdce20c,1,2,a58e0eeb-cfab-4a0c-b84f-dd0b299f297d4. CIE C346_fdo.pdf,270.5654296875
4cdce20c,2,2,1f960396-9597-47b4-8a36-f065917e3d1a4. CIE C346_fdo.pdf,270.5654296875
d302b346,1,2,da52bcb5-69b8-48bb-acc2-f93afe20accb1. LRE003 CIE.pdf,220.611328125
d302b346,2,2,9522403b-1500-4dec-b206-94f7cb1b61bf1. LRE003 CIE.pdf,220.611328125
5949dbdc,1,2,bbe001a8-3165-4080-889a-814c2ebb937cJ01_LPR-5.pdf,189.693359375
5949dbdc,2,2,05c50704-0b16-4383-ae9e-197189fd1d2bJ01_LPR-5.pdf,189.693359375
1495c4bc,1,3,4c9a3c50-3764-422d-b0e8-fa7fcff10d3c4. IMS330 CIE.pdf,806.1650390625
1495c4bc,2,3,c72d0f0c-08db-46e2-b790-f13ebcaddc714. IMS330 CIE.pdf,806.1650390625
1495c4bc,3,3,7263b5ac-f7de-46d4-8510-b1464e7a89ab4. IMS330 CIE.pdf,806.1650390625
8fd397ba,1,2,53906ef1-4898-4fc3-963f-be574052300fJ01. Informe justificativo-218.pdf,194.9873046875
8fd397ba,2,2,1da9216a-7be8-46ff-939d-2b0c36133422J01. Informe justificativo-218.pdf,194.9873046875
dca97412,1,4,0c8c5181-e888-4bec-9cc5-ac76293a774c1. LRE221 CIE fd.pdf,322.798828125
dca97412,2,4,6673b68c-b21f-4d34-bd1c-cb988a557e131. LRE221 CIE fd.pdf,322.798828125
dca97412,3,4,08bfa1f2-ee6d-49a5-ada3-0c7cb24af3bc1. LRE221 CIE fd.pdf,322.798828125
dca97412,4,4,f75179c7-13a2-40b1-ae50-9d7c3d8cf06f1. LRE221 CIE fd.pdf,322.798828125
6bcd51e8,1,3,3f607d57-f4d2-4794-8c17-5dbb9bf743e31. Solicitud_coope_fase 2.pdf,1613.5302734375
6bcd51e8,2,3,d4139079-db76-4eea-a32a-372eda44302d1. Solicitud_coope_fase 2.pdf,1613.5302734375
6bcd51e8,3,3,7625fa9c-7110-418b-aa6f-37385fb08f0d1. Solicitud_coope_fase 2.pdf,1613.5302734375
6913bdca,1,2,364a4197-c1a7-4e75-96bd-22c220101c57J03 CIE.pdf,805.6015625
6913bdca,2,2,97f23980-4d7f-480e-9a90-4429ba21c5ac4. LRE391 CIE.pdf,805.6015625
1fc73bc8,1,2,fd12c81a-f651-4579-8a14-7661de36af0b3. C190 Anexo ESQUEMA_IRVE.docx,350.60546875
1fc73bc8,2,2,01956571-9ca5-44b6-a79c-495452e96e2d3. C190 Anexo ESQUEMA_IRVE.docx,350.60546875
13ece845,1,3,7b478436-f4cb-4a76-b765-81e9bd56f7e94. LRE369 CIE.pdf,809.5302734375
13ece845,2,3,a7e46041-d35f-4abb-99ed-2f4e93fe768312. ALRE021 CIE casa.pdf,809.5302734375
13ece845,3,3,9f0d90e8-e487-44ad-b109-a430ff0528b74. LRE369 CIE.pdf,809.5302734375
70727af2,1,3,5b6c1cbe-e010-4275-8a09-1baeaedcb41a3. Anexo IRVE fd 2.pdf,710.7353515625
70727af2,2,3,245eccaa-05b0-4f90-9ee5-6383f635b58f3. Anexo IRVE fd 2.pdf,710.7353515625
70727af2,3,3,fa3a1fc6-6e58-4d1a-8670-c37b983628fe3. Anexo IRVE fd 2.pdf,710.7353515625
db8b0a95,1,2,2a9b843d-99c3-4435-aee9-8974b8ffec67J01. Informe justificativo-235.pdf,194.966796875
db8b0a95,2,2,01be4a4c-fa0e-476a-8f6b-edfe5f02dfb9J01. Informe justificativo-235.pdf,194.966796875
28d3d9dd,1,2,d3fe41e1-2334-4e0c-9005-dc2497727ae6IMS354 CEE_V1_fd - copia.pdf,307.994140625
28d3d9dd,2,2,a001b51c-e2a6-43c2-839d-057093254135IMS354 CEE_V1_fd.pdf,307.994140625
140bb056,1,4,da28a6c8-4a06-4954-9599-4229989a891d1. Solicitud_coope_fase 2.pdf,1612.6611328125
140bb056,2,4,ac416e18-22af-4caf-aae5-a2db8375d00b1. Solicitud_coope_fase 2.pdf,1612.6611328125
140bb056,3,4,6a3d9893-4c53-42c2-85f1-0d55969e7cf11. Solicitud_coope_fase 2.pdf,1612.6611328125
140bb056,4,4,ccff2834-abc0-44de-b9da-f63ac97e16311. Solicitud_coope_fase 2.pdf,1612.6611328125
f4e3e59e,1,2,9c73951d-51c7-4a9c-8260-66a068c7fc6dJ01. Informe justificativo-241.pdf,194.97265625
f4e3e59e,2,2,ddbdc338-504f-4c7d-bf3f-59e3207d8d0aJ01. Informe justificativo-241.pdf,194.97265625
871cc509,1,4,1936ca3d-dd35-4c05-a540-a378b42f56a41. Solicitud_coope_fase 2.pdf,1612.611328125
871cc509,2,4,f08d6f2b-c010-44c9-9b0a-a2457d89fbdc1. Solicitud_coope_fase 2.pdf,1612.611328125
871cc509,3,4,eabca132-1ce5-4518-9a6b-475987b346631. Solicitud_coope_fase 2.pdf,1612.611328125
871cc509,4,4,0bcdf2cc-51ec-44a1-805a-f2b63824c92f1. Solicitud_coope_fase 2.pdf,1612.611328125
3a25dcb5,1,5,a019fcd4-f362-4c07-ba0a-11d7654fffd1ANEXO V CORREGIDO.docx,308.3857421875
3a25dcb5,2,5,c3b64cef-80b4-4516-8e13-81cf7a262c1dANEXO V CORREGIDO.docx,308.3857421875
3a25dcb5,3,5,e8e9d33b-a71b-4934-b7ff-d6a0752b38f2ANEXO V CORREGIDO.docx,308.3857421875
3a25dcb5,4,5,53dc2d60-9c0a-424a-baa6-24f39eb7ff1aANEXO V IMS2019.docx,308.3857421875
3a25dcb5,5,5,ff639080-cde8-4acf-be2d-0a76955c2461ANEXO V CORREGIDO.docx,308.3857421875
94a86275,1,2,fc39f7f0-753d-4a21-af5b-30102451c9f34. LRE345 CIE.pdf,804.994140625
94a86275,2,2,4a52aeef-e997-46b6-aadc-523fd18515874. LRE345 CIE.pdf,804.994140625
a45fa80d,1,6,eed156ba-62fd-4fdd-b9b3-c0844168877c6.9 CIE.pdf,314.2275390625
a45fa80d,2,6,47f167b0-1099-43de-8c29-28088486fe534. CIE AU085-9 fd.pdf,314.2275390625
a45fa80d,3,6,9598b36d-c40e-441d-bf8c-8a78e044ef6f6.9 CIE.pdf,314.2275390625
a45fa80d,4,6,fe025c0d-40da-4708-b504-ee6333db79d44. CIE AU085-9 fd.pdf,314.2275390625
a45fa80d,5,6,134ce300-be43-4438-b42b-7317275994ab6.9 CIE.pdf,314.2275390625
a45fa80d,6,6,fb72c257-6f1e-45aa-ba25-c0f2fa4f7bd46.9 CIE.pdf,314.2275390625
6ac16c07,1,2,ddb5edc2-b7c8-46ac-a581-33a1f7578269AU044 MC PN  3 1C_V1_fd.pdf,341.8623046875
6ac16c07,2,2,486f6762-9f08-4084-80c6-cb90700869f8AU044 MC PN  3 1C_V1_fd.pdf,341.8623046875
c4be41a8,1,2,407bf272-cb87-43d5-971e-059634b91de9J01. Informe justificativo-172.pdf,195.0087890625
c4be41a8,2,2,7dd3bcc7-c603-42c6-a378-77e6eb9ba59eJ01. Informe justificativo-172.pdf,195.0087890625
025fc8b9,1,2,f9ab4f0a-d8ac-4a6e-bac3-83683bcfcf9b2. MTD FD.pdf,5356.0458984375
025fc8b9,2,2,83af1786-323f-4aec-9f73-3c004b28d74c2. MTD FD.pdf,5356.0458984375
741cd84d,1,2,07365211-e28f-499d-b943-38e8327b8f962. MTD.pdf,3719.078125
741cd84d,2,2,48e16667-2f3d-47d1-b4f1-8324ba1132852. MTD.pdf,3719.078125
a09222da,1,2,9ca44a0b-6f2e-45d9-973d-68a2d0f20079J01. Informe justificativo-240.pdf,194.96484375
a09222da,2,2,5ad558c7-bb6e-49e4-8f1e-5b520462568bJ01. Informe justificativo-240.pdf,194.96484375
e04f0a2d,1,4,b46618f7-9a74-4bdb-9d8f-fc7bebd26643IMS308_CEE_V1.pdf,222.38671875
e04f0a2d,2,4,8b832e27-0b73-48d5-b514-a60e64a2ba0aIMS308_CEE_V1.pdf,222.38671875
e04f0a2d,3,4,ec6c5f1f-1ded-48ef-a47d-c7983efdef5cIMS308_CEE_V1.pdf,222.38671875
e04f0a2d,4,4,aa2dd9e8-0c2e-4a0d-9b49-59993c73f9ceIMS308_CEE_V1.pdf,222.38671875
c6925890,1,2,97cb668e-9787-4480-b9ac-bcec687fb5dc5. LRE080 Solicitud IRVE.pdf,1024.123046875
c6925890,2,2,ef8278a6-870f-4f39-9ed4-e9327914dd055. LRE080 Solicitud IRVE.pdf,1024.123046875
5e8f7ee7,1,3,a9497cd2-7453-4106-a299-cfe20970cf711. Solicitud_coope_fase 2.pdf,1612.9697265625
5e8f7ee7,2,3,40338599-fb8a-46eb-9b6a-bcff8f3070561. Solicitud_coope_fase 2.pdf,1612.9697265625
5e8f7ee7,3,3,9989fb32-b266-4b87-a504-5fb324b05bab1. Solicitud_coope_fase 2.pdf,1612.9697265625
1eec1a3d,1,2,a84e9b2e-a7b4-4434-8306-1685d8c9deefJ01_LPR-1_fd.pdf,270.486328125
1eec1a3d,2,2,d81b3fe7-ebb2-4647-ae38-6754a452b1a3J01_LPR-1_fd.pdf,270.486328125
7afe897a,1,3,48669102-3625-4783-9a7a-54e8ba313a901. CIE IRVE_fdo.pdf,270.8935546875
7afe897a,2,3,0ddf5d2f-214d-4195-9eda-be1c758c8df41. CIE IRVE_fdo.pdf,270.8935546875
7afe897a,3,3,0fb25b49-d840-48bd-a29d-cb00b4c1d1aa1. CIE IRVE_fdo.pdf,270.8935546875
d2d762eb,1,2,3e26b71d-ed4d-49c5-b952-3497934433743. Anexo IRVE_fdo.pdf,601.1669921875
d2d762eb,2,2,d6e209af-ec8b-410f-b54e-e6ceb18374943. Anexo IRVE_fdo.pdf,601.1669921875
f73f2418,1,3,2a8dfb2a-9417-4690-8c78-114370a6ffc81. Solicitud_coope_fase 2.pdf,1612.2099609375
f73f2418,2,3,2503af66-abe4-458a-b375-11803f17f49a1. Solicitud_coope_fase 2.pdf,1612.2099609375
f73f2418,3,3,19c69993-3898-437e-85c6-d23d9f85f7bd1. Solicitud_coope_fase 2.pdf,1612.2099609375
d6073814,1,2,bdbab375-52be-482a-aab7-6af0e3a682a4J01. Informe justificativo-230.pdf,194.974609375
d6073814,2,2,6de24037-292f-4992-9b06-cc6403d5bf59J01. Informe justificativo-230.pdf,194.974609375
dbd11c2a,1,2,bbc43e49-e160-4b62-bf3e-78a2cf872071J01_LPRP4-1_fd.pdf,375.5498046875
dbd11c2a,2,2,5b12e0d3-b79e-49da-91e4-10852a19a81fJ01_LPRP4-1_fd.pdf,375.5498046875
e514c4f2,1,2,95079b73-6a85-49e5-a142-23e797cc74acJ01_LPRP4-2.pdf,189.37890625
e514c4f2,2,2,d7901ceb-66d6-49d1-aba6-7782543399edJ01_LPRP4-2.pdf,189.37890625
1e9f0ef8,1,2,3e69d62f-2688-40cb-8fd2-139c26144d0b4.CIE.pdf,809.119140625
1e9f0ef8,2,2,999c5c62-81f7-41f7-affb-4f847a40574e4. IMS347 CIE.pdf,809.119140625
f4acfd44,1,3,973bf20d-0f50-4fcb-8db4-8137c8e8a7aeLRE387 just_registro_13-11-24.pdf,1043.5390625
f4acfd44,2,3,e5b96cb7-0692-49e3-bc44-23ffdea54227LRE387 just_registro_13-11-24.pdf,1043.5390625
f4acfd44,3,3,6315c352-7d14-4fe9-932b-0c3cf74b550dLRE387 just_registro_13-11-24.pdf,1043.5390625
ee5487b0,1,2,364c64dc-bbb0-478f-adbd-1c4779025302J01_LPR1000-3.pdf,189.3603515625
ee5487b0,2,2,77b4a105-c6e2-4a03-a1bf-08522102f2f6J01_LPR1000-3.pdf,189.3603515625
3f5ba6b0,1,3,356a10e9-8afa-4fb0-9d76-b5240b7b02041. LRE003 CIE FD.pdf,269.5185546875
3f5ba6b0,2,3,f331ec55-7b80-4be2-8a8c-a17279c46ce25. LRE003 CIE FD.pdf,269.5185546875
3f5ba6b0,3,3,efa33925-5781-4a7c-8963-45567760b0591. LRE003 CIE FD.pdf,269.5185546875
329d68b5,1,2,a50cefe7-0fb1-4ebe-b33e-ccc3b08d4919ims2029.pdf,4866.1904296875
329d68b5,2,2,a4c2b50b-0982-454c-99d8-513f580523dfims2029.pdf,4866.1904296875
e3db7fe1,1,2,0bbcbca5-db27-4805-b7f8-2ef7880544dd3. LRE210 Anexo IRVE.docx,337.7626953125
e3db7fe1,2,2,6eeaa3b8-4953-49ce-a360-e5ba46b28f373. LRE210 Anexo IRVE.docx,337.7626953125
01ab21c9,1,2,61d8ef1e-2869-442c-89e3-58c24e614f78AU044 MC PS 17 3D.pdf,341.9169921875
01ab21c9,2,2,5caeccc9-87c8-4b94-ab9e-b0c9c3866374AU044 MC PS 17 3D.pdf,341.9169921875
342674b2,1,2,977cb3c7-3ccc-4e6a-a0ea-68fb97a585394. AU068 CIE.pdf,807.5224609375
342674b2,2,2,00edc6a8-04eb-4cd3-b27e-dd4a74eba49c4. AU068 CIE.pdf,807.5224609375
967766de,1,2,5299f96d-9ca8-4cb2-b49d-c280218724d2J01. Informe justificativo-237.pdf,194.98828125
967766de,2,2,ff072fbc-fe11-41be-b211-a35cde0a3356J01. Informe justificativo-237.pdf,194.98828125
de96f879,1,2,137d1768-1c1b-4ef6-92bb-709be638ceed2025_BTNI_068056 (CIE).pdf,297.6240234375
de96f879,2,2,2e8b8b6d-03b5-4da8-835f-2e8f1a97bcc14. LRE411 CIE ECOOO FDO.pdf,297.6240234375
04aab941,1,2,44c5e7de-40e1-43b3-9379-7ab90418b1eajustificante_registro_solicitud (18).pdf,277.1005859375
04aab941,2,2,539dbed9-5db6-4a0c-b67f-abec30ea7543justificante_registro_solicitud (18).pdf,277.1005859375
c31a04b3,1,2,8cd6a2e4-539d-4c56-96bf-3cd7448ac526J01. Informe justificativo-201.pdf,194.9765625
c31a04b3,2,2,ee335653-a759-48b8-9110-48f1557f3cf5J01. Informe justificativo-201.pdf,194.9765625
d15bde77,1,4,9f015eb0-dfab-46b5-bc1b-993ca72098521. Solicitud_coope_fase 2.pdf,1612.3603515625
d15bde77,2,4,315405f6-8669-4be9-8bc8-78eef35881221. Solicitud_coope_fase 2.pdf,1612.3603515625
d15bde77,3,4,f4a3927c-ace1-4e0f-92bc-5a77711461991. Solicitud_coope_fase 2.pdf,1612.3603515625
d15bde77,4,4,6d45bf6f-34f3-4db6-9776-9d441facaaa91. Solicitud_coope_fase 2.pdf,1612.3603515625
bc43e5f6,1,3,fa1be3a7-8ee6-4adb-a08b-f98334c79f9c1. LRE386 CIE IRVE.pdf,803.9970703125
bc43e5f6,2,3,88ee4db0-b812-44e9-9cfb-dd0b09671a601. LRE386 CIE IRVE.pdf,803.9970703125
bc43e5f6,3,3,55731b68-bf60-47e6-ad1c-47fb83d5d4335.1.  CIE.pdf,803.9970703125
390558b9,1,3,31d9a5af-864b-40eb-9d38-2f5043aa4b423. LRE378_Anexo IRVE.pdf,608.0908203125
390558b9,2,3,781eb2fe-0fbf-4ede-b3bb-963c7237df6e3. LRE378_Anexo IRVE.pdf,608.0908203125
390558b9,3,3,04eb1636-d9dd-4577-816b-2d2a5cf54f983. Anexo IRVE_fdo.pdf,608.0908203125
8e87e2ca,1,2,e6db2fce-0f15-4050-bcb9-bff8d868efef3. LRE080 Anexo IRVE.pdf,1254.875
8e87e2ca,2,2,52674269-0ece-4118-b29f-ac8a16a595763. LRE080 Anexo IRVE.pdf,1254.875
37535f2f,1,3,6a865d87-616c-46cc-8f31-fc0275207f133. Anexo IRVE_fdo.pdf,600.216796875
37535f2f,2,3,a5210d3d-c550-42fa-b282-9641efdc4f6d3. Anexo IRVE_fdo.pdf,600.216796875
37535f2f,3,3,12bf1c7b-e34b-4b03-9fd2-f8f6deb29ab23. Anexo IRVE_fdo.pdf,600.216796875
1db80c44,1,2,a98eb4a3-8911-4a13-82d8-036f2e338dbbAU044 MC PN  3 2D_V1.pdf fd.pdf,341.7197265625
1db80c44,2,2,b2d8e0d0-1218-496b-9cde-3c72d9bb77a4AU044 MC PN  3 2D_V1.pdf fd.pdf,341.7197265625
8dc4e9bf,1,3,372d0dd4-d83d-4e3d-ae47-82f9b57ecbb21. CIE IRVE_fdo.pdf,267.4794921875
8dc4e9bf,2,3,818ece62-47a8-454c-8c47-054d762285915.1.  CIE.pdf,267.4794921875
8dc4e9bf,3,3,de392297-1b37-487c-b31c-cd792148d38d1. CIE IRVE_fdo.pdf,267.4794921875
e3fb42ae,1,3,b7d56483-f85f-4de9-b4d6-5118763042a91. Solicitud_coope_fase 2.pdf,1612.33984375
e3fb42ae,2,3,1ec2afdf-d8f4-4d2e-bdd0-6bd72fbd66ea1. Solicitud_coope_fase 2.pdf,1612.33984375
e3fb42ae,3,3,51fbfe2e-ad10-48ba-9a7e-7e078640661c1. Solicitud_coope_fase 2.pdf,1612.33984375
a913fdd0,1,2,2a6d846a-f6ba-4265-b936-e16d05e15d11AU044 MC PS 17 3C_V1.pdf,293.3310546875
a913fdd0,2,2,0068b39a-8dc5-47a6-a04c-f0755ffe08d8AU044 MC PS 17 3C_V1.pdf,293.3310546875
4288545f,1,2,a5361a3b-7357-41c6-80be-cd807667a8daAU044 MC PS 17 3B_V1.pdf FD.pdf,341.9658203125
4288545f,2,2,aa0fc4e0-1177-402b-b76b-128bc6bfa14fAU044 MC PS 17 3B_V1.pdf FD.pdf,341.9658203125
d28a8a08,1,2,764729f0-7671-4e79-986d-5556c8e79195J01. Informe justificativo-222.pdf,194.9736328125
d28a8a08,2,2,8132db6a-2989-4e8f-847a-9682eb8244beJ01. Informe justificativo-222.pdf,194.9736328125
92e70933,1,3,4b582e58-fcc3-4129-b6b0-06b8bdf04a480.4. S3 CFO_VISADO.pdf,533.3916015625
92e70933,2,3,e0a28f06-1f43-4dd1-94c9-c81a8382ffd70.4. S4-2 CFO_VISADO.pdf,533.3916015625
92e70933,3,3,edd944aa-91c8-4214-86fa-bea7914a67410.4. S4-1 CFO_VISADO.pdf,533.3916015625
d2310265,1,2,f6f114a8-5461-4402-8da3-cbef9e5fa4143. LRE003 Anexo IRVE.docx,374.287109375
d2310265,2,2,a6855e79-541d-4fa2-af36-cfff0a6e1d6c3. LRE003 Anexo IRVE.docx,374.287109375
176f561b,1,2,075cb74e-e23b-425d-9a6a-dcdefa0d1627AU044 MC PN  3 2D_V1.pdf,293.0439453125
176f561b,2,2,96482b1c-16d1-4dfd-bd7a-ab223f8b562dAU044 MC PN  3 2D_V1.pdf,293.0439453125
29c73cf7,1,2,1761f599-3241-4158-b505-76b0802e19c75.1.  CIE.pdf,802.3037109375
29c73cf7,2,2,2751b03e-4ea6-4376-a6a1-260f91c4ef1c1. LRE212 CIE IRVE.pdf,802.3037109375
936112e2,1,2,3ae57a23-5d71-4db7-841d-5fa7ad02c9ddLRE207 justi_registro.pdf,279.2294921875
936112e2,2,2,67835520-f60c-4816-bf67-b0d807c78dc4LRE207 justi_registro.pdf,279.2294921875
66cd0c31,1,2,9c2cecf0-05c3-4891-a596-47be5f7b2306J01_LPR-4_fd.pdf,270.4423828125
66cd0c31,2,2,f4d427e7-daa5-4999-864a-0d22ccd85b27J01_LPR-4_fd.pdf,270.4423828125
b174bf56,1,2,d7c6c707-af0c-42ad-bff2-f36c172c6b8bIMS303_CEE_V2.pdf,230.765625
b174bf56,2,2,0f551c31-e267-4993-9e65-f5d67131ed48IMS303_CEE_V2.pdf,230.765625
4648f783,1,2,17373a7b-df7e-4dca-97b2-bed8f60300464. CIE C346_fdo.pdf,266.3408203125
4648f783,2,2,39862d8a-e598-4efe-bc5a-35d27248ebf6C346 CIE_fdo.pdf,266.3408203125
6a6fd82c,1,2,a2f83985-c0b6-44db-b977-291200ccd7792. Declaración responsable.pdf,296.8125
6a6fd82c,2,2,fbc7077f-2a7d-4a99-9cd4-75e375195b8f2. Declaración responsable.pdf,296.8125
5387209e,1,2,2868057d-4af2-4420-9599-8ac825b12cbe1. LRE235 CIE IRVE2.pdf,219.5771484375
5387209e,2,2,49180c99-6bf6-485d-875d-89054de419f21. LRE235 CIE IRVE2.pdf,219.5771484375
d7c86de0,1,2,aca1c2da-84cc-4b32-885e-bdc095b068f4LRE207  justificante_registro_solicitud 17-04-2023.pdf,286.7734375
d7c86de0,2,2,ebd8d9bc-9814-4789-b78e-8e6aca00ee69LRE207  justificante_registro_solicitud 17-04-2023.pdf,286.7734375
db499b73,1,2,a54500df-442e-4a79-ad98-74032bdd66245. Solicitud IRVE_fdo.pdf,278.994140625
db499b73,2,2,a16d896a-8cf0-4843-bcbc-4188c745c78f5. Solicitud IRVE_fdo.pdf,278.994140625
9e8cae54,1,3,304e8db8-67af-48c4-8fb0-7136319c8fb11. CIE IRVE_fdo.pdf,270.4443359375
9e8cae54,2,3,be198fda-3423-4e8d-922d-62ceadde70861. CIE IRVE_fdo.pdf,270.4443359375
9e8cae54,3,3,19755cd9-f82f-4a51-8640-152b04bf7b981. CIE IRVE_fdo.pdf,270.4443359375
8f8e6f40,1,3,20f4334d-4414-45e1-a535-fcaeee6a1e271. LRE010 CIE IRVE.pdf,269.0078125
8f8e6f40,2,3,bebec762-8c3d-4126-aa9f-322c125f3d261. LRE010 CIE IRVE.pdf,269.0078125
8f8e6f40,3,3,a01a0696-75aa-41a7-80bf-c4327d5019d85.1.  CIE.pdf,269.0078125
7172c73c,1,3,039ddfe2-27c8-44bf-85af-4272a23926855.1  CIE.pdf,264.203125
7172c73c,2,3,4e810cdd-bb34-42ad-9b2d-713526cb40821. LRE275 CIE IRVE3 fd.pdf,264.203125
7172c73c,3,3,271c0ee3-443e-4a85-b501-5e784ad1f4491. LRE275 CIE IRVE3 fd.pdf,264.203125
f3f73303,1,2,fa43ac3f-f7f7-4dbe-97f9-70925c1dbbf73. IMS354 Anexo IRVE.pdf,643.216796875
f3f73303,2,2,852ac26c-30bc-443e-a412-7af4fce49ba03. IMS354 Anexo IRVE.pdf,643.216796875
c8720732,1,2,a259a775-2248-4e05-8c09-d7fc54874cf0AU044 MC PS 17 2B_V1.pdf fd.pdf,341.8046875
c8720732,2,2,82f9fb68-18ff-41c9-8d42-3036bdf1fe9eAU044 MC PS 17 2B_V1.pdf fd.pdf,341.8046875
8daa3e26,1,3,b1b76de3-aa97-4cf7-8dcf-d81a1de36d701. Solicitud_coope_fase 2.pdf,1612.4521484375
8daa3e26,2,3,16aff533-700b-4683-bf60-b79084d3b10d1. Solicitud_coope_fase 2.pdf,1612.4521484375
8daa3e26,3,3,6abb60f9-3864-4787-8a5c-f62f22d3de5a1. Solicitud_coope_fase 2.pdf,1612.4521484375
799e0534,1,4,0563d792-3557-4d9c-b3c9-3d820d0208a91._Solicitud_coope_fase_2.pdf.pdf,1611.7822265625
799e0534,2,4,5dea5f95-2071-414e-b6a2-9e30260c31bf1. Solicitud_coope_fase 2.pdf,1611.7822265625
799e0534,3,4,dc185b29-c5c2-423b-9e8a-907982b603b71. Solicitud_coope_fase 2.pdf,1611.7822265625
799e0534,4,4,cc029a12-727e-4f73-a811-66bfa81778671. Solicitud_coope_fase 2.pdf,1611.7822265625
395af093,1,2,e150ecb8-d9a5-4018-8ae9-37fee373d8c5J01. Informe justificativo-200.pdf,195.0751953125
395af093,2,2,5f9f2725-7876-424e-9754-fa0412aa813fJ01. Informe justificativo-200.pdf,195.0751953125
49695767,1,2,5a92c634-16e4-42b4-bae5-325103c78e774. LRE389 CIE.pdf,806.9580078125
49695767,2,2,3c1126f1-1e52-4386-8574-e540f6d65fb64. LRE389 CIE.pdf,806.9580078125
682ff360,1,2,4511c239-0a88-467b-a782-991aa9cd3fa8justificante_registro_solicitud (15).pdf,276.7646484375
682ff360,2,2,ac129885-8207-4b25-bb4d-2aa17e80759ajustificante_registro_solicitud (15).pdf,276.7646484375
3e86e7f1,1,2,b7e9ee8d-be9c-4539-9991-6122ad6a7ac94. CIE.pdf,799.759765625
3e86e7f1,2,2,c92cc257-e8ce-4ca8-a08b-3198a065c5944. CIE.pdf,799.759765625
61c031d9,1,3,1c885303-6650-4881-b009-f1cd15e899674. IMS307 CIE.pdf,804.5234375
61c031d9,2,3,d450238a-3f88-47f8-8ec5-c296b6a633722. CIE.pdf,804.5234375
61c031d9,3,3,112a95fb-625c-477d-9b03-b5acc746991d4. IMS307 CIE.pdf,804.5234375
506ea754,1,2,c6ca7b93-964f-4549-807a-5e297c3f9360IMS2034 justificante_registro_solicitud 04-05-2023.pdf,298.0791015625
506ea754,2,2,14023d6e-8c43-4f88-b3ff-fe70057d611f1. Comunicación.pdf,298.0791015625
2c69bb8b,1,3,9f7db467-73ff-404e-85a7-a013180bfe971. Solicitud_coope_fase 2.pdf,1612.6982421875
2c69bb8b,2,3,04e5a3ab-d0c3-4542-849c-4fd0e10c8b421. Solicitud_coope_fase 2.pdf,1612.6982421875
2c69bb8b,3,3,849fb7c9-cdb0-4189-bf10-5b3fbbec454d1. Solicitud_coope_fase 2.pdf,1612.6982421875
e50d8ce7,1,2,a72f2249-c74c-42eb-b4f0-806a2d026098J01. Informe justificativo-232.pdf,194.97265625
e50d8ce7,2,2,2145a3ce-77ad-4762-8084-8b316d78f51aJ01. Informe justificativo-232.pdf,194.97265625
c840e9da,1,2,82671eb8-d2ad-4b8b-b80a-840820a451c9AU044 MC PS 17 3C_V1.pdf fd.pdf,342.005859375
c840e9da,2,2,88d3cf2d-93cf-43c3-9d59-74c8b4b9c292AU044 MC PS 17 3C_V1.pdf fd.pdf,342.005859375
21722fed,1,3,5c06ca13-e593-48e4-b647-9708ee97a3f11. Anexo ESQUEMA IRVE_COOP.docx,230.2705078125
21722fed,2,3,8475a6f8-a9f7-41d2-b83c-478999d3c2031. Anexo ESQUEMA IRVE_COOP.docx,230.2705078125
21722fed,3,3,f7705c88-84ad-4286-9564-ca9382cefa893. Anexo ESQUEMA IRVE_COOP.docx,230.2705078125
926ca147,1,4,820e1d92-435e-4ff5-ab80-f9b1dc129d385.1.  CIE.pdf,268.8017578125
926ca147,2,4,ba6fe299-96e9-4ecf-9247-9100c42d903f5.1.  CIE.pdf,268.8017578125
926ca147,3,4,3a0e02be-2b87-4c08-8054-41b90a499cec1. CIE IRVE_fdo.pdf,268.8017578125
926ca147,4,4,56bf1088-daaa-4dc2-921d-b7f47d602d841. CIE IRVE_fdo.pdf,268.8017578125
791934cf,1,2,57110139-b30c-44de-90f0-2824040607deJ01. Informe justificativo-183.pdf,195.0478515625
791934cf,2,2,a5671e96-fc85-4c92-b60c-01b7a98f2d6bJ01. Informe justificativo-183.pdf,195.0478515625
48251bd8,1,4,7d25bf7b-f3d3-4eea-9d9d-510ad53af6cf4. IMS302 CIE.pdf,806.947265625
48251bd8,2,4,1f318df6-7d17-46f4-bba7-b63fe56b8cd4J04 CIE.pdf,806.947265625
48251bd8,3,4,c3046a68-0952-4f16-a5df-6430a4c7afad4. IMS302 CIE.pdf,806.947265625
48251bd8,4,4,09a90855-4831-41d3-8a65-69a14f45834a4. IMS302 CIE.pdf,806.947265625
3cefdbed,1,2,ed5e1202-3587-4d2a-b28e-09b7a08539deIMS307_CEE.pdf,254.146484375
3cefdbed,2,2,86192544-7d45-4af4-b31a-a7b954559c62IMS307_CEE.pdf,254.146484375
c0fc31f3,1,2,f146834e-b2aa-4443-b39c-743a18d6bb53LRE073 Just registro_02-12-24.pdf,1049.63671875
c0fc31f3,2,2,ed814516-ab8d-4d66-b7cf-ecd1a1797beaLRE073 Just registro_02-12-24.pdf,1049.63671875
46235126,1,2,112ac534-431a-4fb6-8ab2-d0f53d897cb0J01_LPR0800-2.pdf,294.8046875
46235126,2,2,31618031-d08a-4b3a-8e66-55e37f7c3d03J01_LPR0800-2.pdf,294.8046875
20fec5e6,1,2,164719c1-d19d-41b9-89f1-becf2e7fbfb55. LRE074 Solicitud IRVE fd.pdf,282.0556640625
20fec5e6,2,2,b86dd1fa-13d4-4166-9b75-f2a8e1dd0be25. LRE074 Solicitud IRVE fd.pdf,282.0556640625
d3abed5a,1,2,dcb34b22-5efb-4ffd-a56c-87bd85215de91. LRE210 CIE IRVE_SIN FIR.pdf,218.4375
d3abed5a,2,2,738d2aef-cf7d-48dc-8cbb-915a1dda6a6d1. LRE210 CIE IRVE_SIN FIR.pdf,218.4375
fee211f7,1,2,b8542bc1-164d-438d-9858-84f80e7fa421J01_LPR0900-3.pdf,189.4072265625
fee211f7,2,2,85afa0d0-ca79-4ff0-b7ac-26ab84002537J01_LPR0900-3.pdf,189.4072265625
76c16227,1,2,c30af261-777e-46f5-96d2-e0615a72221fJ01. Informe justificativo-228.pdf,194.9765625
76c16227,2,2,41350030-70d8-4509-8d86-e94997a824c5J01. Informe justificativo-228.pdf,194.9765625
21003e09,1,2,b1182c3c-c78a-4389-958b-d8aa93cc92eaANEXO V IMS2041V2 fd1.pdf,367.8349609375
21003e09,2,2,6dfac970-ccba-4a53-8474-38d6b85a272fANEXO V IMS2041V2 fd1.pdf,367.8349609375
ece2d17e,1,2,141ba9b5-7d70-4df5-9618-5fdcfe6268dbJ01. Informe justificativo-248.pdf,194.994140625
ece2d17e,2,2,a1903515-e6d8-49c9-bd76-982d3725ce81J01. Informe justificativo-248.pdf,194.994140625
ae579bb6,1,2,b6a706b3-55a9-44ad-b0ef-e246294891284. CIE fd.pdf,800.9111328125
ae579bb6,2,2,542742ae-19b8-4012-ae82-ff9d0a4cf9307.2. Tramitación con Industria_CIE.pdf,800.9111328125
f91107a5,1,2,3f4ff5de-3498-466f-8a14-ca3914241cc8apertura-LA PABLO 7-PRES.pdf,1472.6572265625
f91107a5,2,2,099fe8ac-cb5c-4361-94cd-727082425c76apertura-LA PABLO 7-PRES.pdf,1472.6572265625
f36e788e,1,2,6109b173-35bd-42d7-a566-661dff619773AU044 MC PN  3 3D_V1.pdf fd.pdf,341.953125
f36e788e,2,2,fee84954-42b5-413b-baa8-6323563bc5ddAU044 MC PN  3 3D_V1.pdf fd.pdf,341.953125
d7bbd37a,1,2,a498354a-4c60-459a-9b53-a0c7cc13d624J01. Informe justificativo-207.pdf,194.96875
d7bbd37a,2,2,c743d97f-9add-4452-a28f-f48c865f446eJ01. Informe justificativo-207.pdf,194.96875
c2d36adf,1,2,3bd41b33-2f10-4220-8c58-2aee58e5a9b53. LRE012 Anexo.pdf,1255.5400390625
c2d36adf,2,2,9c9936c1-8158-4add-a60f-f8af80c231713. LRE012 Anexo.pdf,1255.5400390625
4e343638,1,2,c2a8dcc6-919e-4e5f-bf8d-4e5f1a9f1cd9J01. Informe justificativo-170.pdf,194.966796875
4e343638,2,2,c3b8f714-fe4f-4c08-9e64-391b783f73e5J01. Informe justificativo-170.pdf,194.966796875
7f62fd7a,1,3,47388361-cbd7-45f9-bfdc-ebbbef12cd76CM T 59 0 7_CEE_V1.pdf,255.9248046875
7f62fd7a,2,3,bb6de0c8-64fc-4cd6-9660-5b1c68f64ae1CM T 59 0 7_CEE_V1.pdf,255.9248046875
7f62fd7a,3,3,84949e6b-d7eb-476e-9d8b-6baf9221bc88CM T 59 0 7_CEE_V1.pdf,255.9248046875
442cbb50,1,2,6aed95bf-4853-4e4e-8df4-d2d496822feeC190 just_registro_13-12-2023.pdf,1047.328125
442cbb50,2,2,7f3c9c14-b2d3-47bc-908b-cd0f65fe69caC190 just_registro_13-12-2023.pdf,1047.328125
36237f52,1,2,122199b3-19b0-4503-8d61-3698475474d9J01. Informe justificativo completo.pdf,4899.302734375
36237f52,2,2,60bc0afd-39c7-427e-bcb1-14a02aa766b1J01. Informe justificativo completo.pdf,4899.302734375
415f19e2,1,3,be8d2d34-c008-47a6-9ee4-bb6a0d1c55bd1. Solicitud_coope_fase 2.pdf,1612.3427734375
415f19e2,2,3,aa7d88e6-4023-4e24-841e-801a7f3a67b51. Solicitud_coope_fase 2.pdf,1612.3427734375
415f19e2,3,3,09692281-0f54-4d34-8f27-d0e422ef98591. Solicitud_coope_fase 2.pdf,1612.3427734375
dd1c1823,1,3,3f5e9506-1f62-403b-9287-c42da63d70473. A055 Anexo IRVE.pdf,603.3720703125
dd1c1823,2,3,2d0a74b5-0374-4ab3-84de-baa2fd2740613. A055 Anexo IRVE.pdf,603.3720703125
dd1c1823,3,3,91bb8a98-c30c-4b39-84bc-8053b932c2ef3. A055 Anexo IRVE.pdf,603.3720703125
1e7298cf,1,2,74d64ffc-a546-4768-bb1f-8fcd20586719J01. Informe justificativo-251.pdf,195.0244140625
1e7298cf,2,2,d5e5c876-1293-4c2b-a64b-9687f29892acJ01. Informe justificativo-251.pdf,195.0244140625
e502484e,1,2,33360b51-583e-47dc-a972-d8ee2bd09554J01P2-2.pdf,189.5302734375
e502484e,2,2,6eda8c6c-01ae-47ec-8217-841739180495J01P2-2.pdf,189.5302734375
bcb1852a,1,2,6d8463ad-8bf0-4ccf-a8c2-96c3168f2a5bJ01. Informe justificativo-178.pdf,194.97265625
bcb1852a,2,2,63e174dc-137a-4ae0-9f64-f188803f8cf4J01. Informe justificativo-178.pdf,194.97265625
743ae025,1,2,3a65aec4-1b9e-4439-a436-9d3ef303dac7AU044 MC PS 17 1C_V1.pdf,292.9736328125
743ae025,2,2,f2717719-d581-44c0-aba4-9fc0cd18a5a6AU044 MC PS 17 1C_V1.pdf,292.9736328125
ea06818a,1,2,baa76c1f-e199-4682-ba92-c5afccb119d43. IMS2039 Solicitud inscripción.pdf,1008.5146484375
ea06818a,2,2,0d650ace-e7f5-40fd-8366-31ce7a9f88113. IMS2039 Solicitud inscripción.pdf,1008.5146484375
dedcdd0b,1,2,11db6453-c1fd-4955-9978-003999124a2f5. LRE213 Solicitud IRVE.pdf,1024.8232421875
dedcdd0b,2,2,3f5a7a99-8fd2-41ab-ae0d-eba3af8a54405. LRE213 Solicitud IRVE.pdf,1024.8232421875
58991cff,1,2,8be9fa4d-3948-487c-a727-60193a1f6d463. LRE073 Anexo IRVE.pdf,1256.08203125
58991cff,2,2,b1b1ab69-a1f3-421c-812c-b2f5cab2fdfe3. LRE073 Anexo IRVE.pdf,1256.08203125
5d264ce2,1,2,ebfc76d1-c7bf-440c-aa0c-c459eaa5fca6J01. Informe justificativo-179.pdf,195.048828125
5d264ce2,2,2,3cb4620a-19b4-4fec-a95b-91a8453858b8J01. Informe justificativo-179.pdf,195.048828125
11008489,1,2,07d7b254-2eb9-4432-89d2-acef3a55e4dbJ01_LPR1000-1.pdf,189.4677734375
11008489,2,2,b3c4bc14-b192-40f0-9125-7842e7fdbb34J01_LPR1000-1.pdf,189.4677734375
c14e735f,1,2,484bc856-a5d6-4645-bfca-4d107c07bc7c4. CIE.pdf,268.5
c14e735f,2,2,f69805a8-8019-4ce7-88f2-930936e6a8554. CIE.pdf,268.5
376e800d,1,3,fe5c78f9-e003-4eed-9808-f5ee4b731ed0apertura-LA PABLO 1-PRESENTADA .pdf,1472.6611328125
376e800d,2,3,adbb6431-5bd3-4377-868b-794f12f5f4a4apertura-LA PABLO 1-PRESENTADA .pdf,1472.6611328125
376e800d,3,3,9618edb0-47ce-40f8-8e6a-c481025b1df3apertura-LA PABLO 1-PRESENTADA .pdf,1472.6611328125
29f5e591,1,2,86b525b6-32dc-43b4-8c4d-ef2df8a58b39IMS315_CEE_V2_fd.pdf,286.646484375
29f5e591,2,2,bb31c847-b3c0-48ad-bffa-95fc0a359f28IMS315_CEE_V2_fd.pdf,286.646484375
d3ba434e,1,2,97f2d86f-fc94-4eef-9290-159590dc66a53. LRE386 Anexo IRVE.pdf,1239.8232421875
d3ba434e,2,2,6a79e412-ed1f-4d58-85f9-f48c4838a6cc3. LRE386 Anexo IRVE.pdf,1239.8232421875
30bf3dd5,1,2,211fb6da-39c8-4d65-a51f-84c70424f86bjustificante_envio_exin_solicitud (4).pdf,276.86328125
30bf3dd5,2,2,95d7f87c-9dd5-4097-bdec-2606aef350dbjustificante_envio_exin_solicitud (4).pdf,276.86328125
61ef80be,1,2,1f92a35f-b89b-401e-8e5f-4cd650f4d1abJ01. Informe justificativo-213.pdf,194.986328125
61ef80be,2,2,a126c42a-572a-4d32-ad79-c65d0bb0fa20J01. Informe justificativo-213.pdf,194.986328125
1cb22503,1,3,83548796-cc2a-48da-a985-bfa687389aa41. LRE077 CIE IRVE.pdf,801.8916015625
1cb22503,2,3,73b1ad1a-91d1-42c8-988a-c7c487807f6a5.1.  CIE.pdf,801.8916015625
1cb22503,3,3,11a57603-4e4d-481f-91a0-d8fe88a524841. LRE077 CIE IRVE.pdf,801.8916015625
480d1a52,1,2,d7003526-e51d-4d78-a505-e2f5c6121de83. LRE004 Anexo IRVE.pdf,1251.9599609375
480d1a52,2,2,810d109f-b705-4fee-aaf7-f18f4cdc573b3. LRE004 Anexo IRVE.pdf,1251.9599609375
5b0a4bb4,1,2,84932f6b-5639-4ba0-b807-f197586d6563AU057 CM T 59 3 0D_V1.pdf,328.2900390625
5b0a4bb4,2,2,70db3a1a-51c2-47a2-ae16-2f9636c3d7feAU057 CM T 59 3 0D_V1.pdf,328.2900390625
18c88107,1,2,b56dd536-c95f-4277-a1b0-312ae77b7500LRE039 just_registro_13-12-24.pdf,1050.3974609375
18c88107,2,2,9b0f2c3e-d1d7-4371-a4ea-49ccc086b78bLRE039 just_registro_13-12-24.pdf,1050.3974609375
8769c8da,1,2,5681e1b2-b3bd-41c6-8fb8-1532c2fbff7aJ01. Informe justificativo-160.pdf,195.015625
8769c8da,2,2,53775277-ab34-4b38-a63a-d3477cb9b842J01. Informe justificativo-160.pdf,195.015625
e666ddae,1,3,4808b0c9-e1d2-4981-96f8-af71463cc6e21. LRE233 CIE IRVE_fdo.pdf,269.6689453125
e666ddae,2,3,187e360b-8cb5-4074-a64c-98094ec039b25.1.  CIE.pdf,269.6689453125
e666ddae,3,3,e5574d54-021d-449b-a143-864f1d241b901. LRE233 CIE IRVE_fdo.pdf,269.6689453125
e35e39f4,1,3,a6c6e0b1-67ea-44cf-8436-981e9e80ace21. Solicitud_coope_fase 2.pdf,1611.7919921875
e35e39f4,2,3,2ea36b70-7b6b-447e-9a5a-271e9455c3bf1. Solicitud_coope_fase 2.pdf,1611.7919921875
e35e39f4,3,3,3ca375c7-c09d-4999-8346-4ebd81d4a2ec1. Solicitud_coope_fase 2.pdf,1611.7919921875
ad528621,1,2,02acc605-2e04-4064-b149-7df16bf8e86d4. LRE236 CIE.pdf,271.984375
ad528621,2,2,d3d192f9-2b0f-4ab6-9168-1c07ed5ddf5e7.2. Tramitación con Industria_CIE.pdf,271.984375
d5de9f5a,1,2,b137da97-0b3c-4df9-80f4-1d284f8ee652J01. Informe justificativo-174.pdf,195.0146484375
d5de9f5a,2,2,e0a6fb5f-ae43-4fbd-a0cc-5a62a5c9392fJ01. Informe justificativo-174.pdf,195.0146484375
8b37373c,1,2,fea3825e-5200-4e3d-a63f-642a2cb7e1f84. CIE COLORES.pdf,714.9833984375
8b37373c,2,2,0f9145fd-dbfc-45b7-875e-ba4774adcbaf4. CIE COLORES.pdf,714.9833984375
ec20e245,1,4,905d5ba1-ecb0-48a2-9ab9-3672cc28da641. Solicitud_coope_fase 2.pdf,1611.908203125
ec20e245,2,4,e82af5a0-17b8-457b-b454-40f658367b4f1. Solicitud_coope_fase 2.pdf,1611.908203125
ec20e245,3,4,9ac97a08-ca76-471e-bc2e-1cbb4ebaffb91. Solicitud_coope_fase 2.pdf,1611.908203125
ec20e245,4,4,53824918-647d-43cd-902b-9131d6d62bda1. Solicitud_coope_fase 2.pdf,1611.908203125
9ae9a0f0,1,2,ab71c45c-9de7-488d-8b64-fca7ff9c4f0aJ01. Informe justificativo-153.pdf,194.986328125
9ae9a0f0,2,2,8a0207d1-fa1c-45b6-860f-263002c0e0aaJ01. Informe justificativo-153.pdf,194.986328125
310f11ed,1,9,a532fa55-6edd-4c05-9724-dd046d3cc9b24. DR Técnico-2-4.pdf,973.5693359375
310f11ed,2,9,977be360-cdb3-4e97-b625-efd154d083514. DR Técnico-2-4.pdf,973.5693359375
310f11ed,3,9,fef0a85d-af9a-4977-8f5d-89ab818ece724. DR Técnico-2-4.pdf,973.5693359375
310f11ed,4,9,b88ca0b6-19a4-4ac3-9fa4-d125d95636474. DR Técnico-2-4.pdf,973.5693359375
310f11ed,5,9,39ab954c-abbf-46dd-94fc-4d38ad18898c4. DR Técnico-2-4.pdf,973.5693359375
310f11ed,6,9,afc69b95-be54-443c-87a3-79eca082f0a94. DR Técnico-2-4.pdf,973.5693359375
310f11ed,7,9,60c7f480-6ac5-480a-885f-fa7dbfa514e34. DR Técnico-2-4.pdf,973.5693359375
310f11ed,8,9,38c26d94-0e28-403d-9cbf-7f4d5336ac7e4. DR Técnico-2-4.pdf,973.5693359375
310f11ed,9,9,fd37350c-a469-4674-9628-c7c92d4702964. DR Técnico-2-4.pdf,973.5693359375
efe1c711,1,4,d457c420-920c-440e-afbf-7340e2bfaf2b1. LRE387 CIE IRVE.pdf,804.3251953125
efe1c711,2,4,6674e8d0-a1b5-4000-8e1a-b084805f67111. LRE387 CIE IRVE.pdf,804.3251953125
efe1c711,3,4,2bc952a3-b126-429d-8a92-45d2bb84c10d1. LRE387 CIE IRVE.pdf,804.3251953125
efe1c711,4,4,79e38a1d-9fe0-4b37-9214-153a2392c7415.1 CIE.pdf,804.3251953125
7b514c93,1,3,9b9edd8c-46f5-401d-a479-cda87b9eef1e5.1.  CIE.pdf,802.189453125
7b514c93,2,3,41bbbc76-edb8-4384-bf26-3c12462f2b801. LRE213 CIE IRVE.pdf,802.189453125
7b514c93,3,3,3ba53a1c-5592-46be-b5dd-ffeed930310b1. LRE213 CIE IRVE.pdf,802.189453125
4db6af8e,1,3,93b3c4d8-16ef-4aa6-bac2-2b79d246bb1fSolicitud en formato PDF - copia.pdf,1144.0712890625
4db6af8e,2,3,44f67f4c-078e-4977-aabd-4906a75420e9240821 - Presentación doc.pdf,1144.0712890625
4db6af8e,3,3,f9d44161-705d-45fb-aa20-43f96d3af67eSolicitud en formato PDF (con Huella Digital) (14).pdf,1144.0712890625
c81a4c01,1,2,002ea500-d756-43f3-b498-028e49b0e17c4. IMS331 CIE.pdf,809.84765625
c81a4c01,2,2,6f9894ee-8e53-4496-9f52-b12b10b210434. IMS331 CIE.pdf,809.84765625
be045176,1,2,5ffcbc29-5056-4d50-8eba-2e10390a62631. Solicitud_coope_fase 2.pdf,1612.640625
be045176,2,2,e53119c1-4b7b-4771-9a92-8cece686e8291. Solicitud_coope_fase 2.pdf,1612.640625
5cf53208,1,3,6a81798a-14fe-4ebe-9eb3-ff6ac2def25b0.4 VISADO_CFO_VISAdo fd4.pdf,393.0302734375
5cf53208,2,3,d2733c21-7ef9-43bd-b488-0d8778c606a73. CFO.pdf,393.0302734375
5cf53208,3,3,a2b01ca1-be41-4235-955c-a45103e844d40.4 VISADO_CFO_VISAdo fd4.pdf,393.0302734375
da5f49ff,1,2,86b33349-e623-4707-881d-fe9eb3006a42AU057 CM T 59 4 2A_V1.pdf,329.328125
da5f49ff,2,2,a5248c61-5706-443b-82be-2386d467f175AU057 CM T 59 4 2A_V1.pdf,329.328125
cfc4a4e9,1,3,866025d7-4f51-4ff3-8381-f8b6790354453. LRE387 Anexo IRVE.pdf,1256.44140625
cfc4a4e9,2,3,ae555d43-faed-4ca2-abe1-e9e0ab2706083. LRE387 Anexo IRVE.pdf,1256.44140625
cfc4a4e9,3,3,77d5b329-76ce-476d-aa37-7c2c123f8ee13. LRE387 Anexo IRVE.pdf,1256.44140625
6cbc4b3f,1,2,88205bdc-3046-4686-b76f-be0c4aeb5639justificante_envio_exin_solicitud (6).pdf,277.2275390625
6cbc4b3f,2,2,39adbd55-87da-4c2c-af92-bce39e54989cjustificante_envio_exin_solicitud (6).pdf,277.2275390625
b03ffcd4,1,3,3dea5e30-ba8b-4820-8046-0c3bbc657aa91. LRE308 CIE IRVE_fdo.pdf,266.150390625
b03ffcd4,2,3,b4490efc-101a-41f5-ad31-73edd4371ff01. LRE308 CIE IRVE_fdo.pdf,266.150390625
b03ffcd4,3,3,b5180401-8a2f-45a6-9260-9a0ac346480e5.2 CIE IRVE_fdo.pdf,266.150390625
d08e3526,1,2,92bbcace-2225-4afd-b9a9-b65e2787c9cf1. CEE 1_Certificado.pdf,341.7685546875
d08e3526,2,2,22641447-5fa2-4c6c-be14-899c5bfa5d96AU044 MC PN  FD 3 2A_V1.pdf,341.7685546875
a5fe1141,1,3,ea7aefda-0bfd-4af7-8bc8-6cea797661501. Solicitud_coope_fase 2.pdf,1611.7880859375
a5fe1141,2,3,e9ffa40e-1080-418e-b539-235fb3b582841. Solicitud_coope_fase 2.pdf,1611.7880859375
a5fe1141,3,3,f2e60826-e651-4e0f-82ff-de37484d77941. Solicitud_coope_fase 2.pdf,1611.7880859375
54f35d36,1,2,7d3a2acd-ed69-45a3-a1fb-1641b23ab9e65. LRE075 Solicitud IRVE.pdf,1024.4111328125
54f35d36,2,2,768f46df-2c88-43ab-a6b6-4c16ab0e0f365. LRE075 Solicitud IRVE.pdf,1024.4111328125
c5edb536,1,2,8f55650c-5833-496a-a697-a32a7ec286b95. LRE210 Solicitud IRVE_fdo.pdf,279.1162109375
c5edb536,2,2,c447529a-6e0e-44f1-b9cc-82d2e33879ea5. LRE210 Solicitud IRVE_fdo.pdf,279.1162109375
d7ae9a8b,1,2,12424f5e-bea9-4082-826b-63d02db38b7fJ01. Informe justificativo-157.pdf,195.0224609375
d7ae9a8b,2,2,2936f8f9-e3a4-4928-b821-6693d141637dJ01. Informe justificativo-157.pdf,195.0224609375
645e3be7,1,4,94835412-df34-412b-b6dd-ac916d43f8641. Solicitud_coope_fase 2.pdf,1612.625
645e3be7,2,4,983b6050-b0e0-4870-a1e7-3c3b405ef73d1. Solicitud_coope_fase 2.pdf,1612.625
645e3be7,3,4,88c4c00f-5cf1-4661-b8ea-551c58b27dd01. Solicitud_coope_fase 2.pdf,1612.625
645e3be7,4,4,03184753-0125-456e-82b0-613f75263f061. Solicitud_coope_fase 2.pdf,1612.625
52e59159,1,2,1b687ed4-8740-4d66-b5c2-f12597f244b0J03 CIE.pdf,808.564453125
52e59159,2,2,91c34f34-014c-451d-bb0e-325c8de36dde4. LRE356 CIE.pdf,808.564453125
c67ab45d,1,2,64b7c3ed-b96e-4904-90bc-9d4c562d8aa6J01. Informe justificativo-190.pdf,194.9755859375
c67ab45d,2,2,619434a7-f577-4789-ad7c-392ec702e1d8J01. Informe justificativo-190.pdf,194.9755859375
aa375c52,1,6,ae76d9d4-2b9e-4363-9c41-fcfa979ad6f16.4 CIE.pdf,238.0205078125
aa375c52,2,6,ca8a0d84-a758-4210-a46a-5760723949664. CIE AU085-4 fd.pdf,238.0205078125
aa375c52,3,6,96c24faf-bd94-4bca-b3b7-676a5dfdf7936.4 CIE.pdf,238.0205078125
aa375c52,4,6,623fe5c0-2e30-4fce-b736-6f58d4d63ff36.4 CIE.pdf,238.0205078125
aa375c52,5,6,90f6404b-7969-4673-be66-a2584c0b225f6.4 CIE.pdf,238.0205078125
aa375c52,6,6,bd9d51b6-71d0-4738-a2db-6b8beb23730e4. CIE AU085-4 fd.pdf,238.0205078125
a7aa4a1c,1,2,79eba9fc-1176-464d-8e15-de292dde841aJ01_LPRP4-4_fd.pdf,270.1728515625
a7aa4a1c,2,2,9ad14051-e94b-412c-8e4c-cf57061c535dJ01_LPRP4-4_fd.pdf,270.1728515625
624ebfdf,1,2,f2ccc07c-55ef-47f7-a940-38fe004cf5e8J01. Informe justificativo-192.pdf,194.9677734375
624ebfdf,2,2,afc556f4-9ed5-4495-9899-e09ad8ff56b8J01. Informe justificativo-192.pdf,194.9677734375
39197dbd,1,2,f669f2ab-c809-4dd7-9e7c-026839b9f035J01. Informe justificativo-216.pdf,194.9677734375
39197dbd,2,2,469026b1-24c2-4abc-b0e4-87553135e430J01. Informe justificativo-216.pdf,194.9677734375
b94ffc66,1,2,1a313687-fef8-4766-87a0-da3bb16ce3993. Anexo IRVE.pdf,523.3701171875
b94ffc66,2,2,408bd6ce-b90a-476e-8cbc-c717a3600c9d3. Anexo IRVE.pdf,523.3701171875
6830e85c,1,3,9da880df-5d8f-4611-9297-e1aba509ee4c4. IMS2034 CIE.pdf,269.85546875
6830e85c,2,3,698810a5-b5d0-4026-8503-78738064dc514. CIE.pdf,269.85546875
6830e85c,3,3,16ce905b-5b14-4b15-b20e-57b3497780d94. IMS2034 CIE.pdf,269.85546875
c7b7cf11,1,2,85bbf5ed-1749-4df8-beed-29bbd68a931d3. LRE080 Anexo IRVE.docx,330.697265625
c7b7cf11,2,2,e80bf0db-95fb-45ca-a269-4391d3daa0df3. LRE080 Anexo IRVE.docx,330.697265625
197baa3c,1,2,fc1e132e-e635-4f8f-9cc9-477aaf3b8f60C203 (COVE) Cert Instalación_08-02-2024.pdf,458.5390625
197baa3c,2,2,88817b8c-3332-4923-8040-494ac5d8f97c3.1. CIE.pdf,458.5390625
f19ad970,1,2,db57c60e-bf23-4d1d-af55-12efb271002a5. LRE308 Solicitud IRVE_fdo.pdf,280.140625
f19ad970,2,2,fcddc5ff-0b8e-47a8-8d15-30ae08ccb6ff5. LRE308 Solicitud IRVE_fdo.pdf,280.140625
62efd6c2,1,2,07d15b3b-df4f-4248-b630-fa2cd0e1be9f3. LRE210 Anexo IRVE_sin fir.pdf,535.0634765625
62efd6c2,2,2,724b8c1d-1f02-4d68-b032-ba6c24168e273. LRE210 Anexo IRVE_sin fir.pdf,535.0634765625
19f06c04,1,4,81de589f-5494-47fc-9e00-9d14f227b8fe1. Solicitud_coope_fase 2.pdf,1612.9228515625
19f06c04,2,4,b3285c2b-830d-4a53-81b0-cc74cbb40ddb1. Solicitud_coope_fase 2.pdf,1612.9228515625
19f06c04,3,4,656d75b5-7249-46cc-8693-452b43910ef21. Solicitud_coope_fase 2.pdf,1612.9228515625
19f06c04,4,4,5b6e1bd1-dd0d-4015-b9fd-75960754a15b1. Solicitud_coope_fase 2.pdf,1612.9228515625
a3d31932,1,2,cdd43f95-7b8a-4a44-9038-b1aad90170c4J01. Informe justificativo-199.pdf,194.9931640625
a3d31932,2,2,ed0c5edb-3eb9-4e37-80f7-911297a044a5J01. Informe justificativo-199.pdf,194.9931640625
3d36b83d,1,2,00accdb8-b473-4a1c-8205-e3d369beee564. IMS311 CIE.pdf,801.0869140625
3d36b83d,2,2,4f2d00d5-cba8-483c-98bd-b2cc54789fb44. IMS311 CIE.pdf,801.0869140625
5d85072e,1,2,e8f9a19a-5362-4ebb-b137-df91fa5c05ecIMS303_CEE_V1.pdf,231.5078125
5d85072e,2,2,daf5a48f-df7d-4225-9321-2e9f058b04faIMS303_CEE_V1.pdf,231.5078125
27f9de4c,1,2,eba743e8-f58f-4f1a-8c1c-732fe695698fLRE078 just_registro_10-12-24.pdf,1044.8662109375
27f9de4c,2,2,ad2a6355-2052-4e71-96bb-0214092d3535LRE078 just_registro_10-12-24.pdf,1044.8662109375
4e20b8f1,1,3,aa041b17-5949-400c-a88c-f2422d858d2eSolicitud en formato PDF (con Huella Digital) (15).pdf,1144.0263671875
4e20b8f1,2,3,ac2d6a28-8e78-4543-b726-0ae0d4666c5d240821 - Presentación doc.pdf,1144.0263671875
4e20b8f1,3,3,d329d4f7-b8b6-40df-8478-68bf06533044Solicitud en formato PD - copia.pdf,1144.0263671875
d05ac7b8,1,2,20cbf245-3d1b-4b34-968a-16d6181b9514J01. Informe justificativo-154.pdf,194.9599609375
d05ac7b8,2,2,1e84a281-dd66-4daf-aa38-191ebb0becdeJ01. Informe justificativo-154.pdf,194.9599609375
04b26459,1,2,78cee000-b1d0-4e0a-9fd4-fdc17d3be75cJ01. Informe justificativo-212.pdf,194.962890625
04b26459,2,2,cbe62d4b-67c9-45dc-a4f3-dc1a96552ee2J01. Informe justificativo-212.pdf,194.962890625
5ce6f72b,1,2,26608fff-7359-4514-8383-e04da2aa9a3bJ01. Informe justificativo-169.pdf,194.96484375
5ce6f72b,2,2,b119b5f6-ff9f-4cd8-9e5a-af6b4d146151J01. Informe justificativo-169.pdf,194.96484375
9e4f11ac,1,5,1034b847-bf22-475a-b878-bc6072a42d346.5 CIE.pdf,311.8740234375
9e4f11ac,2,5,be2a9641-1216-418c-b233-d299e6911e0d6.5 CIE.pdf,311.8740234375
9e4f11ac,3,5,9c01acdb-c672-4203-9386-87c420d11b5e6.5 CIE.pdf,311.8740234375
9e4f11ac,4,5,4fef8001-b12b-479d-8ffd-163dba1907ab6.5 CIE.pdf,311.8740234375
9e4f11ac,5,5,6f6c7575-3e99-47c7-b914-5f573a0512604. CIE AU085-5 fd.pdf,311.8740234375
c08317bf,1,2,ca82f29e-d23e-48ca-8023-e24253f4f7da7.2. Tramitación con Industria_CIE.pdf,804.541015625
c08317bf,2,2,40d5a31f-8654-473f-a6dc-f6b9899ad71a4. LRE304 CIE.pdf,804.541015625
273b3f09,1,2,52f3e7cc-1d5a-4002-9ad3-38f35dcd2e737.2. Tramitación con Industria_CIE.pdf,267.7294921875
273b3f09,2,2,99c1c83c-585c-47cd-b3d0-b54f7d4ef7a14. CIE.pdf,267.7294921875
3237c985,1,3,9742eb13-f5db-4fd7-975c-0804819dc1871. Solicitud_coope_fase 2.pdf,1612.677734375
3237c985,2,3,1ce8f81d-5829-4d9c-883c-31692e7a66ab1. Solicitud_coope_fase 2.pdf,1612.677734375
3237c985,3,3,8fc4251b-e80b-48c8-822c-eb6630bfc6a31. Solicitud_coope_fase 2.pdf,1612.677734375
92f45f19,1,2,392363af-0e1f-4ef8-860e-796ff77f602aJ01. Informe justificativo-249.pdf,194.9580078125
92f45f19,2,2,fe14e039-727f-4b3b-b6b9-7ea56b6b43deJ01. Informe justificativo-249.pdf,194.9580078125
7f7551cb,1,2,76611e23-0824-4105-a030-4cbb1f9aec7b5. LRE013 Solicitud IRVE.pdf,1023.3779296875
7f7551cb,2,2,4d74f273-2ea1-491b-82a1-9dbd89acf2e55. LRE013 Solicitud IRVE.pdf,1023.3779296875
eecaa633,1,2,a7329b9d-6b00-49e9-91e0-644922efe655J01. Informe justificativo-185.pdf,194.9765625
eecaa633,2,2,6ecfb047-1adc-4a1b-9b00-01fc2523301bJ01. Informe justificativo-185.pdf,194.9765625
eef4fcad,1,2,56dfed88-d795-4fc4-8a71-2bfa21925d313. LRE012 Anexo.docx,364.9150390625
eef4fcad,2,2,1f95bba1-daac-4b68-8d7e-3ccafe5450383. LRE012 Anexo.docx,364.9150390625
4a31d3da,1,2,0e23d89f-0e60-49a0-a200-701211255d0aLRE013 just_registro_26-11-24.pdf,1044.3076171875
4a31d3da,2,2,8a9a24b0-7d0e-4a5e-ad0c-568166fcfac2LRE013 just_registro_26-11-24.pdf,1044.3076171875
00f9b627,1,4,3d016408-8303-4d14-b02d-c1e611a2f67e1. LRE080 CIE IRVE.pdf,803.69140625
00f9b627,2,4,3aca0f0f-d567-4ff5-8c1c-873120daff931. LRE080 CIE IRVE.pdf,803.69140625
00f9b627,3,4,ed3b6796-59e5-4d99-8c95-32933eefe4185.1.  CIE.pdf,803.69140625
00f9b627,4,4,55765b07-d292-424c-979e-30c5e554ea421. LRE080 CIE IRVE.pdf,803.69140625
78e6fb74,1,2,3a8a9d2b-d447-4f7e-b41b-cad5ed4d3ad4J1 individuales completo.docx,1969.3037109375
78e6fb74,2,2,26036da8-4637-4269-93c4-97f071e0b4e0J1 individuales completo.docx,1969.3037109375
48b79c24,1,6,b2340345-59e6-4e60-8f10-f725bbf58ecf6.7 CIE.pdf,313.4794921875
48b79c24,2,6,8405d637-63cd-4c2a-aa5f-c91d7165599d6.7 CIE.pdf,313.4794921875
48b79c24,3,6,b6379c9c-8666-4d01-9e72-8a80e7801a586.7 CIE.pdf,313.4794921875
48b79c24,4,6,48768acb-f20b-488a-b743-a9c396e44d666.7 CIE.pdf,313.4794921875
48b79c24,5,6,d904ce45-e510-4269-a510-32e4092cca7d4. CIE AU085-7 FD.pdf,313.4794921875
48b79c24,6,6,964ad144-a2d9-494a-af3a-9b07ea3d03c24. CIE AU085-7 FD.pdf,313.4794921875
dd8e4dfc,1,3,bedb439c-b61f-403c-b10c-b2a5205c705d1. Solicitud_coope_fase 2.pdf,1613.2587890625
dd8e4dfc,2,3,bc0ce01e-87bf-4d01-acb5-640c196bdf281. Solicitud_coope_fase 2.pdf,1613.2587890625
dd8e4dfc,3,3,e073f565-24ac-4bc9-9e4c-f4816874c6b71. Solicitud_coope_fase 2.pdf,1613.2587890625
a5cbbffd,1,2,fb2b0432-d1c6-4336-8758-a1b8fe360dc14. IMS2051 CIE.pdf,726.5341796875
a5cbbffd,2,2,ec0b3255-3aa9-4f9d-a7e7-77b0179801ab4. IMS2051 CIE.pdf,726.5341796875
dab93af4,1,2,ecb5e948-5acb-4344-aba1-8d7b4ea79abf1. Solicitud_coope_fase 2.pdf,1612.6455078125
dab93af4,2,2,7de045f3-68eb-428a-864c-a871fac74e5a1. Solicitud_coope_fase 2.pdf,1612.6455078125
e4819d56,1,3,ac7a34c3-d79e-480c-bb92-677e03fc776f1. Solicitud_coope_fase 2.pdf,1611.7548828125
e4819d56,2,3,cc515cac-0327-4843-a30a-d2d18380262c1. Solicitud_coope_fase 2.pdf,1611.7548828125
e4819d56,3,3,d95d7892-a66d-4161-954b-c720c0a333701. Solicitud_coope_fase 2.pdf,1611.7548828125
2aac2687,1,3,2bb2249c-bba2-44f0-8fa5-1374739d1e51IMS122 just_registro_12-12-24.pdf,1052.5244140625
2aac2687,2,3,10868bc3-93f2-436e-afae-89d347a2e63fIMS122 just_registro_12-12-24.pdf,1052.5244140625
2aac2687,3,3,d2be8b19-63f5-4748-bc88-7757ba9b9a1cIMS122 just_registro_12-12-24.pdf,1052.5244140625
4548e451,1,3,5ff9d1bb-1797-4ca2-9e17-4de4566cdb903. Anexo IRVE.docx,374.044921875
4548e451,2,3,f36b0702-bc0b-44e0-b899-b1921c2a15273. Anexo IRVE.docx,374.044921875
4548e451,3,3,48e47c0e-4302-433a-82fd-6938fcd4c7c63. Anexo IRVE.docx,374.044921875
bd8c4455,1,3,16753745-6e74-4e47-acbb-b07f8f317ce75.1.  CIE.pdf,267.9384765625
bd8c4455,2,3,cfb3174a-e9a7-496e-9ea8-f7169092673b1. LRE207 CIE IRVE_2 fdo.pdf,267.9384765625
bd8c4455,3,3,b90e0720-cfa1-493e-818c-0b772f18aeb01. LRE207 CIE IRVE_2 fdo.pdf,267.9384765625
a2c5d70f,1,3,2538f04b-4bbd-49dc-ab2e-09453ffac2643. LRE078 Anexo IRVE.pdf,1255.9267578125
a2c5d70f,2,3,ef48c282-84d2-4c24-a4d6-1ad7b1e2fef33. LRE078 Anexo IRVE.pdf,1255.9267578125
a2c5d70f,3,3,889d8423-c2b2-4503-ad56-da47a8aa405d3. LRE078 Anexo IRVE.pdf,1255.9267578125
07af14fc,1,2,999b8645-fd81-4f3a-9f25-f1f61504bac7AU057 CM T 59 2 1A_V1.pdf,329.166015625
07af14fc,2,2,00cf1efa-fd4c-4832-af6c-3548c0827982AU057 CM T 59 2 1A_V1.pdf,329.166015625
41cf46b3,1,2,1dce0b69-15f1-404c-accf-1b57f81dc36622-12-23 justificante_registro_solicitud (16).pdf,1053.2236328125
41cf46b3,2,2,2db30bf2-b545-4f8f-809f-b4e8bd400d905. Certificado de la instalación baja tensión.pdf,1053.2236328125
3dddea55,1,2,3e8d84d4-165e-4bd6-b493-c5175a747ba8J01_LPR1000-3-fd.pdf,270.181640625
3dddea55,2,2,ea170865-1814-45a1-8844-6a8e1fd86964J01_LPR1000-3-fd.pdf,270.181640625
db298ef3,1,5,7242f950-7371-472c-b3ce-073be84a8e4e4. S4-1 CIE.pdf,802.921875
db298ef3,2,5,04a9cea3-827f-4a12-ba11-77ccfdfdae5c4. S4-1 CIE.pdf,802.921875
db298ef3,3,5,8cf0c4a3-5085-431e-a8f3-79724f945c474. S4-1 CIE.pdf,802.921875
db298ef3,4,5,b53d3de2-a1bc-4915-beae-ed7832f168684. S4-1 CIE.pdf,802.921875
db298ef3,5,5,d4c587be-e7e2-4ba2-8729-33802e9e010a4. S4-1 CIE.pdf,802.921875
46c5ae0b,1,2,300f448c-2cfe-4f77-840c-257b319d9bb01. Tablas R Catastral fd.pdf,538.7001953125
46c5ae0b,2,2,6cbf126d-3021-4f61-8b00-f9478b39d5ebJ14.2 Tabla Refe Catastro.pdf,538.7001953125
234b38b8,1,4,186e23f6-9a0a-4a9e-ba1b-c286a53bbe7a0.2 Encargo de obra VISADO.pdf,368.7412109375
234b38b8,2,4,812fe4dd-be45-49ba-8cdb-c81db179dd5a0.2 Encargo de obra VISADO.pdf,368.7412109375
234b38b8,3,4,b7051860-163f-40f6-bc6d-eeac500f014a0.2 Encargo de obra VISADO.pdf,368.7412109375
234b38b8,4,4,5ce78e8a-26db-4e39-8643-06a2ea797eae2.  Encargo visado.pdf,368.7412109375
0351ecd9,1,3,15f31a14-4ac2-4810-97be-01d1b1e0c1b41. Solicitud_coope_fase 2.pdf,1611.8037109375
0351ecd9,2,3,da445105-c9bc-4a7b-9179-310256c3ccfc1. Solicitud_coope_fase 2.pdf,1611.8037109375
0351ecd9,3,3,bbd1d271-12f2-4a54-83e6-12c0d6d809301. Solicitud_coope_fase 2.pdf,1611.8037109375
2995945c,1,2,abdbf750-7274-482d-a2f9-87747be6eeecAU044 MC PS 17 3B_V2.pdf,341.9921875
2995945c,2,2,9bb66c8d-874b-48d6-84de-7a6317d13ef81. CEE 1_Certificado Energé.pdf,341.9921875
4507fcb8,1,3,dd97e711-6026-4c1f-a687-0fdf547e99af4. IMS305 CIE.pdf,805.36328125
4507fcb8,2,3,c21390ac-1ce3-42e3-a0ba-69dafaa8da3b4. IMS305 CIE.pdf,805.36328125
4507fcb8,3,3,8b8319f3-fb52-48ba-91d1-4b5a377eec8d2.pdf,805.36328125
d31465ae,1,2,a5178893-ed30-417e-b5e8-919637a986e66. MTD FD.pdf,3184.2392578125
d31465ae,2,2,fea3f515-efa7-4149-bd83-375a461db59e2. MTD FD.pdf,3184.2392578125
7287948a,1,4,52b160fb-cb2c-47d1-a6fb-60dc8a5d815d1. Solicitud_coope_fase 2.pdf,1613.3212890625
7287948a,2,4,f1d190d2-fc91-4c28-87af-9db2e1e883a81. Solicitud_coope_fase 2.pdf,1613.3212890625
7287948a,3,4,940639c6-4988-4d51-82ae-af970896364d1. Solicitud_coope_fase 2.pdf,1613.3212890625
7287948a,4,4,3b3cb7dc-480e-4d84-b46a-cf084eada0771. Solicitud_coope_fase 2.pdf,1613.3212890625
b5abe57c,1,2,a9647870-e6e1-4fab-aae8-a2f6fd42f584ACTUALIZADO08052025.pdf,282.9541015625
b5abe57c,2,2,dcf2834d-b88b-4898-b40c-fc0662dcae1bjustificante_registro_solicitud.pdf,282.9541015625
3348519f,1,2,d7e9fcb0-2b4c-488a-802b-086f3b8929713. LRE003 Anexo IRVE.pdf,554.6103515625
3348519f,2,2,81eb5440-ad1e-4d86-ac73-cb1c0949f6e53. LRE003 Anexo IRVE.pdf,554.6103515625
690fdddd,1,2,9bd1556c-1943-41a2-a885-6b416fa14188C220 justificante_registro_solicitud 18-05-2023.pdf,1031.703125
690fdddd,2,2,8bf89daf-66a5-4cdd-b81b-6b194bae9a61C220 justificante_registro_solicitud 18-05-2023.pdf,1031.703125
877252dc,1,3,eb9497ec-3bee-43c2-84f2-72adb9c6d5163. Anexo IRVE_fdo.pdf,604.78125
877252dc,2,3,a5e0e959-ad47-45cf-aeae-378eba34400c3. Anexo IRVE_fdo.pdf,604.78125
877252dc,3,3,ce9572ba-077f-44b0-b04f-c6e594a802af3. Anexo IRVE_fdo.pdf,604.78125
ec684d3f,1,3,5f97d4bd-54d7-4b53-9983-3f7fa8a1be2e5. LRE378_Solicitud IRVE.pdf,278.255859375
ec684d3f,2,3,5fdfb733-3506-4206-87d4-cca2ed1026885. Solicitud IRVE_fdo.pdf,278.255859375
ec684d3f,3,3,f82aaa29-d27b-436c-b780-480fdff945575. LRE378_Solicitud IRVE.pdf,278.255859375
fa7099af,1,3,3f03822e-8df1-48cd-915c-f2da14d468053. LRE235 Anexo IRVE_fdo.pdf,611.2763671875
fa7099af,2,3,0825d0be-eaf4-46ee-a4aa-8e9ed008ba693. LRE235 Anexo IRVE_fdo.pdf,611.2763671875
fa7099af,3,3,6ebe1475-661b-45c1-bd28-b8228065dd713. LRE235 Anexo IRVE_fdo.pdf,611.2763671875
2ac128e8,1,4,d72a676e-bce4-4c94-875d-227df72fce721. LRE378 _CIE IRVE.pdf,268.2138671875
2ac128e8,2,4,f40744dc-aa3a-490c-917c-04d3f68d60111. CIE IRVE_fdo.pdf,268.2138671875
2ac128e8,3,4,636fc2c2-6bec-423e-aa14-2685218cf9ba1. LRE378 _CIE IRVE.pdf,268.2138671875
2ac128e8,4,4,95e0c67a-c1d9-4233-88a1-9c0d982e7ebd5.1 _CIE IRVE.pdf,268.2138671875
3f2d8e1c,1,2,12698b2f-2179-44ed-8305-25befb5fa3bb1. CIE IRVE.pdf,220.9423828125
3f2d8e1c,2,2,4b81b8e8-107f-412c-abf2-3896706ac20b1. CIE IRVE.pdf,220.9423828125
1dff71e9,1,2,799ba738-592b-4c3e-a70e-eba61968900c5. Solicitud IRVE_fdo.pdf,279.79296875
1dff71e9,2,2,6c115061-a97f-441e-ad9c-46e7b2d688835. Solicitud IRVE_fdo.pdf,279.79296875
0b19718b,1,3,2c0cdd1b-f4d1-4d9a-b369-80bb54a33e815.1.  CIE.pdf,803.955078125
0b19718b,2,3,9d815aa3-1789-4be8-97f7-dd42e8f7b7d41. LRE029 CIE IRVE.pdf,803.955078125
0b19718b,3,3,71ca6f1c-ce0a-43d4-85c5-72a323b541371. LRE029 CIE IRVE.pdf,803.955078125
274d40a4,1,3,ff6b2482-940b-40dc-96f9-a8eb0b0cde711. LRE073 CIE IRVE.pdf,803.4443359375
274d40a4,2,3,b3031e88-35ec-4d28-8808-8253760eb57e1. LRE073 CIE IRVE.pdf,803.4443359375
274d40a4,3,3,8196e599-72fe-4fe6-88af-fd4e4f9a2d015.1.  CIE.pdf,803.4443359375
7172abcc,1,2,7fa21e24-6c37-49d8-a811-a69b974ffe9e20220921 Solicitud registro.pdf,267.103515625
7172abcc,2,2,b6134a5f-34df-467b-a868-88badaa6518720220921 Solicitud registro.pdf,267.103515625
078d8e5e,1,2,454e342e-9e3b-48b6-8a27-99f4b666b186LRE055 just_registro_25-11-24.pdf,1047.0361328125
078d8e5e,2,2,1c7057cd-1d8a-42df-9de9-3a2e9eac2651LRE055 just_registro_25-11-24.pdf,1047.0361328125
50894af9,1,2,88230626-151c-4844-9874-876aa6c6393f4. C383 CIE ECOOO FDO.pdf,304.47265625
50894af9,2,2,7b974167-2608-4198-8a4c-7496c60bd8b13. C383 CIE ECOOO FDO.pdf,304.47265625
0db5f685,1,2,8d14f1dd-1920-4a01-a752-16b9f9f75bb410. CFO.docx,26.359375
0db5f685,2,2,49ad0946-6c6c-4e6b-a91b-6ed1b4f743fc10. CFO.docx,26.359375
7245f123,1,3,cbc85c67-e16f-4156-a5c1-e1b088ebde905. LRE039 Solicitud IRVE.pdf,1029.5029296875
7245f123,2,3,d9b03b4d-6172-4989-9f06-451350c1a5de5. LRE039 Solicitud IRVE.pdf,1029.5029296875
7245f123,3,3,e2480f57-eafa-4bfa-b0b1-be60dca200b05. LRE039 Solicitud IRVE.pdf,1029.5029296875
6fb2bfea,1,2,0396458d-6fc8-4e75-a766-c82b007c6854J01. Informe justificativo-233.pdf,194.962890625
6fb2bfea,2,2,d6a4e76b-198a-4c16-9bd6-6fe700afa1b6J01. Informe justificativo-233.pdf,194.962890625
f95bbdff,1,2,46eb63a3-c554-4cad-973a-ecb06697e21b3. Anexo IRVE.pdf,528.3935546875
f95bbdff,2,2,886969a3-171c-40bc-9770-5a2fa654ad743. Anexo IRVE.pdf,528.3935546875
bfca8a07,1,3,abfad426-acc7-4778-8504-ac7b87425a42justificante_registro_solicitud.pdf,277.5517578125
bfca8a07,2,3,35f11243-0200-410e-90cb-6025ebd1e941justificante_registro_solicitud.pdf,277.5517578125
bfca8a07,3,3,e22d9e9e-4ef4-4323-b81c-3c38f8fa949ajustificante_registro_solicitud.pdf,277.5517578125
a914aa1e,1,3,d8099c10-2b2b-4532-ab95-77c8bf884d6b2. LRE303 CIE VE.pdf,804.162109375
a914aa1e,2,3,9418d71f-f6ce-46a1-b461-813b18d6c08a2. LRE303 CIE VE.pdf,804.162109375
a914aa1e,3,3,2a0e09b4-e314-4d6d-a119-2b8ef8d2ea0e5.1 CIE VE.pdf,804.162109375
94082167,1,2,4bc6e397-b08f-4e3f-ba81-1ec1f6325668J01. Informe justificativo-206.pdf,195.0068359375
94082167,2,2,6f22aefd-0064-4063-b6ba-4667eaeb6fb5J01. Informe justificativo-206.pdf,195.0068359375
47e8e29f,1,2,9332d009-753f-4415-9b33-4de44e757ccc1. Solicitud_coope_fase 2.pdf,1612.1103515625
47e8e29f,2,2,2ef59456-868a-46d7-8032-a1720d9b10591. Solicitud_coope_fase 2.pdf,1612.1103515625
69039132,1,2,76d70efd-66cf-4285-ad81-fe2322ead0241. Solicitud_coope_fase 2.pdf,1613.4453125
69039132,2,2,827e670c-e7eb-4fe7-9b88-3bd3f7bf09871. Solicitud_coope_fase 2.pdf,1613.4453125
64a50cef,1,3,3108ede4-5225-4c73-965b-da96aeb98877apertura-LA PABLO 2-PRESENTADA .pdf,1472.6591796875
64a50cef,2,3,812f1ede-4f4b-450f-af02-6cd5f5e17a5eapertura-LA PABLO 2-PRESENTADA .pdf,1472.6591796875
64a50cef,3,3,7c8f09f6-9be9-47db-bd85-146b2d24be15apertura-LA PABLO 2-PRESENTADA .pdf,1472.6591796875
2109ec41,1,2,d15f87e9-8553-40d5-acce-ae8f8b1dee924. CIE IMS349 FD.pdf,305.1103515625
2109ec41,2,2,bb912116-42d5-49df-ada4-166ad32f3c644. CIE IMS349 FD.pdf,305.1103515625
b8a6d7a2,1,2,8f97a45d-310f-4995-adb9-a546f7f6125f3. LRE077 Anexo IRVE.pdf,1249.5556640625
b8a6d7a2,2,2,75e0d356-0f1b-4765-ab37-6f5bc0a22d913. LRE077 Anexo IRVE.pdf,1249.5556640625
ee17b711,1,2,8fa0c3b4-d739-4b74-a4a7-332705ab1d215. IMS354 Solicitud.pdf,278.5029296875
ee17b711,2,2,7201a6b0-e34e-44ee-8b5f-f6778c9fb7415. IMS354 Solicitud.pdf,278.5029296875
e50f2f89,1,2,42bb61d3-09c0-41ad-8f2f-c8e40187ae441. Solicitud_coope_fase 2.pdf,1613.2939453125
e50f2f89,2,2,244221d8-3d4d-41ef-a3b7-408ca99c7c301. Solicitud_coope_fase 2.pdf,1613.2939453125
c6fbd9f0,1,3,848a6c6e-0f42-4d3b-bbe1-d80be529ee8a1. LRE235 CIE IRVE_fdo.pdf,269.748046875
c6fbd9f0,2,3,9e228bf4-c2f9-4a8d-bbae-60483a285b4e1. LRE235 CIE IRVE_fdo.pdf,269.748046875
c6fbd9f0,3,3,8c200da7-f22d-4ac2-9206-3961f9687de11. LRE235 CIE IRVE_fdo.pdf,269.748046875
c394b890,1,2,d0330282-4118-4310-8d1a-8fc4bdfd043eJ01_LPR-4.pdf,189.6640625
c394b890,2,2,d26aaf5c-864c-4eb2-8984-10fbbcf5bb07J01_LPR-4.pdf,189.6640625
8a3097e5,1,2,819ae09c-cc7f-43ac-b57b-d46a3ebf8e4b4. LRE303 Anexo ESQUEMA IRVE Infraestr Veh Eléctr.pdf,600.798828125
8a3097e5,2,2,648f777d-3628-480c-996d-a73b68be53664. LRE303 Anexo ESQUEMA IRVE Infraestr Veh Eléctr.pdf,600.798828125
591d6abf,1,3,934ca475-0f12-4c40-bd85-006b3a1b798c4. LRE212 CIE.pdf,804.673828125
591d6abf,2,3,4553ab60-ae01-4245-a622-6552e2ab79fa5. CIE.pdf,804.673828125
591d6abf,3,3,ea8b36a2-22a9-4691-8ee3-1e61c8beaeb07.2. Tramitación con Industria_CIE.pdf,804.673828125
b3273487,1,3,8e0665b9-6852-4ca9-b763-dfe31c74bd451. Solicitud_coope_fase 2.pdf,1611.4375
b3273487,2,3,c13b9d56-70ca-4012-a794-f1df9310e73d1. Solicitud_coope_fase 2.pdf,1611.4375
b3273487,3,3,539770d2-167d-46b1-b011-dbcfd93e58961. Solicitud_coope_fase 2.pdf,1611.4375
677f962d,1,2,c62ac01b-58a8-4c18-a620-c362aa8c89bcJ01_LPRP4-4.pdf,189.421875
677f962d,2,2,1a831f9e-462e-49a1-b505-e89a4c52b8eeJ01_LPRP4-4.pdf,189.421875
f15d61c3,1,2,2d500b1a-88f5-4bb4-b67b-e5564ebd8bd0J01. Informe justificativo-156.pdf,195.0625
f15d61c3,2,2,6845dac3-2862-4faa-a48c-6d6df1299bafJ01. Informe justificativo-156.pdf,195.0625
c543e11e,1,3,54cb4017-53f6-4395-8cb8-f2912d806ed95.1 CIE IRVE_fdo.pdf,268.2109375
c543e11e,2,3,6d7bf238-110b-4acc-895e-8826d21c5bfd1. LRE259 CIE IRVE_fdo.pdf,268.2109375
c543e11e,3,3,518e9007-ccf5-4710-97c3-67652a3a62ef1. LRE259 CIE IRVE_fdo.pdf,268.2109375
b917bdd9,1,2,0cf0e08c-eb84-4bc5-bd78-aadaa09b43b7IMS335 CEE_V2.pdf,270.248046875
b917bdd9,2,2,75702f05-b6b2-478b-a7e1-f3d42440a54eIMS335 CEE_V2.pdf,270.248046875
a4449ead,1,2,34f7409d-c9c0-4bb3-b5c0-5f9d56c8b5904. CIE AU085-6 fd.pdf,238.2099609375
a4449ead,2,2,e5a17889-2224-476a-a68f-8f586373d8164. CIE AU085-6 fd.pdf,238.2099609375
0154378a,1,2,95f9af68-7ebe-4f66-91be-edaf94309dfdAU044 MC PS 17 2B_V1.pdf,293.0751953125
0154378a,2,2,b0cd1329-b6c2-4e6a-9e45-5d6b9e7599ccAU044 MC PS 17 2B_V1.pdf,293.0751953125
b39b1d6d,1,2,9d754744-3498-4154-81f4-d6913745c8c4J01. Informe justificativo-194.pdf,194.9765625
b39b1d6d,2,2,243398aa-9de2-4fab-8cc0-7623aa528bc8J01. Informe justificativo-194.pdf,194.9765625
ee88720f,1,2,9a578361-060f-41c9-b71d-75a762b110635. Just registro.pdf,1043.7158203125
ee88720f,2,2,9b80e4c2-5caf-4354-afc3-e24188ee6ebaIMS347 Just registro.pdf,1043.7158203125
66c3dc62,1,3,78b030db-bd3d-45e5-97ed-2ca93a0761f91. Solicitud_coope_fase 2.pdf,1612.9365234375
66c3dc62,2,3,10aed429-2ed4-4a4e-b188-33041b09e3351. Solicitud_coope_fase 2.pdf,1612.9365234375
66c3dc62,3,3,507dd3f1-2cd2-43ee-883e-f61a5655a73a1. Solicitud_coope_fase 2.pdf,1612.9365234375
623faed8,1,2,3709587c-e739-4fca-bb37-87d81fefd561J01. Informe justificativo-234.pdf,194.96875
623faed8,2,2,c81a66ab-ef28-464e-88b1-186002b89896J01. Informe justificativo-234.pdf,194.96875
52f698c4,1,2,f29e1a18-d002-4b08-8553-ee827d294d5ePuentelarra_CEE_V1.pdf,271.99609375
52f698c4,2,2,c2f47a85-3896-4f58-afab-504838485bb2Puentelarra_CEE_V1.pdf,271.99609375
41e778e7,1,4,6af728a3-a693-4272-96bc-6bdea5a389561. LRE078 CIE IRVE.pdf,802.900390625
41e778e7,2,4,53f23060-95e8-4d22-9333-0ae2cbecfe671. LRE078 CIE IRVE.pdf,802.900390625
41e778e7,3,4,8f93fdf7-cf08-487b-8763-1359f8179d771. LRE078 CIE IRVE.pdf,802.900390625
41e778e7,4,4,0021d1df-6ae7-4d2d-a46e-289ae58d66c45.1.  CIE.pdf,802.900390625
bb2c4796,1,2,97a0d357-3a70-4aff-a712-77723876991d4. LRE295 CIE.pdf,809.193359375
bb2c4796,2,2,67e94c0c-d8ce-4f8e-a837-baa22d3a1bd77.2. Tramitación con Industria_CIE.pdf,809.193359375
5dff2b61,1,2,6c0216e0-b4b3-4139-b3a8-592bfd8dd2395. LRE207 Solicitud IRVE_fdo.pdf,281.537109375
5dff2b61,2,2,4b60147a-eba5-4edf-b559-9d9bfa5cf9065. LRE207 Solicitud IRVE_fdo.pdf,281.537109375
950b4e65,1,3,f4a7ed92-f35e-469c-8724-ac8d1257949c0.2 Encargo de Obra VISADO.pdf,368.9072265625
950b4e65,2,3,46870dc2-8511-41ad-b894-6bc26bfd9c6a2. Encargo.pdf,368.9072265625
950b4e65,3,3,f5c238bd-df0a-42da-b92d-4088041e0f4fVISADO_0.2 Encargo de Obra fd.pdf,368.9072265625
ba1ad900,1,2,eb48944e-025a-44bc-bf03-783ed9cc5ca1J01. Informe justificativo-195.pdf,194.97265625
ba1ad900,2,2,c6f4262f-a482-40f7-b05c-67b53817f36dJ01. Informe justificativo-195.pdf,194.97265625
0a104452,1,2,45c4bd8c-cc35-4ca3-8992-b0d9222708411. Solicitud_coope_fase 2.pdf,1611.76171875
0a104452,2,2,354ff133-0ff4-4348-8016-215ce1b685501. Solicitud_coope_fase 2.pdf,1611.76171875
a9aa4c2f,1,2,3e56847c-f60f-4683-b6e6-5631a824e7dcAU044 MC PS 17 1B_V1.pdf,293.0634765625
a9aa4c2f,2,2,ba5d79d5-9204-4158-9493-77e7a9f5324dAU044 MC PS 17 1B_V1.pdf,293.0634765625
68ba8037,1,3,a2e35b73-632e-47ed-90ee-e95180d84a214. LRE207 CIE.pdf,269.134765625
68ba8037,2,3,c7fd44db-745f-4210-93ea-114a575c429c4. LRE207 CIE.pdf,269.134765625
68ba8037,3,3,66316a6f-4114-4b20-94a4-84de28f60df27.2. Tramitación con Industria_CIE.pdf,269.134765625
0b6b84ea,1,2,b4993cc8-e489-4e3d-9e8f-4a765fe8f5093. LRE013 Anexo IRVE.pdf,1255.0029296875
0b6b84ea,2,2,d92a43ea-76d1-4cb4-b578-1b02fc51bf543. LRE013 Anexo IRVE.pdf,1255.0029296875
7113c4c6,1,2,db9051eb-df6c-4732-a8f5-235e47fd57564. C263 CIE (2).pdf,805.072265625
7113c4c6,2,2,c6fcde3b-098d-48de-8ec2-18559c05bcea4. C263 CIE (2).pdf,805.072265625
ca5aa444,1,2,b58cb4bb-6fbd-4b0c-8b17-5146991fe706J01. Informe justificativo-177.pdf,194.947265625
ca5aa444,2,2,aa3293fa-e592-4bb4-a370-944cf19cbb70J01. Informe justificativo-177.pdf,194.947265625
d85c77a4,1,2,119f94fb-eb32-4de5-8588-c1da0aa34f3fJ01_LPRP4-2_fd.pdf,270.1171875
d85c77a4,2,2,355a39c0-4d67-42e0-bff5-5714d3449028J01_LPRP4-2_fd.pdf,270.1171875
80a7253b,1,2,ccf51af4-1a78-491c-9436-777c5dd7e38aJ01. Informe justificativo-219.pdf,194.96484375
80a7253b,2,2,ac9783e6-f213-4d45-958f-826091668f35J01. Informe justificativo-219.pdf,194.96484375
a3e72e8c,1,2,0a68a9ab-08fd-4998-b1c4-b24b724e0db03. LRE003 Anexo IRVE FD.pdf,684.4501953125
a3e72e8c,2,2,9c07cd9f-fe7d-4117-a27d-d131fd51e1133. LRE003 Anexo IRVE FD.pdf,684.4501953125
d09e1d66,1,3,7a111d4d-2882-4b94-b0a0-d8766cc2b5b95.1.  CIE.pdf,801.9658203125
d09e1d66,2,3,731ba054-4425-4cd3-bf89-6c0ef6bb2ee41. LRE019 CIE IRVE.pdf,801.9658203125
d09e1d66,3,3,30529600-c088-4ff0-80bd-8fa679e793271. LRE019 CIE IRVE.pdf,801.9658203125
54462572,1,3,9fe442a1-a99c-4837-8aaa-97c61f3af6a3AU057 CM T 59 0 7_V1.pdf,258.3759765625
54462572,2,3,97fb6f44-ef99-4751-b554-f827b6ce65afAU057 CM T 59 0 7_V1.pdf,258.3759765625
54462572,3,3,c63b6d2e-130f-434f-8e64-879fb85a959eAU057 CM T 59 0 7_V1.pdf,258.3759765625
24a33ffb,1,2,7e139112-d0f8-45ea-9db8-3ed5135259151. DR Ayto FD.pdf,1694.333984375
24a33ffb,2,2,889a0368-f58a-4741-be0e-4be1d01142750. DR Ayto FD.pdf,1694.333984375
51059216,1,2,6bdca74e-4cc8-4d82-9438-f03de5e6d1ba6. Tabla.xlsx,13.369140625
51059216,2,2,f6c118fd-9eaa-4afa-b6ed-d9088b08c3685. Tabla.xlsx,13.369140625
5062cdec,1,2,2e6c88e8-abe1-4cec-aead-0d303441f4554. IMS310 CIE.pdf,808.0380859375
5062cdec,2,2,6a704966-c5a6-4764-bec0-ac7830a47ec44. IMS310 CIE.pdf,808.0380859375
f15cb1c2,1,2,da98f989-52c2-49a5-9101-8b55a00d9d392. LRE303 Declaracion responsable.pdf,579.4541015625
f15cb1c2,2,2,f8cd2250-58ac-4337-905c-6a6a5e89e3782. LRE303 Declaracion responsable.pdf,579.4541015625
0877bf5d,1,2,a2472bf8-b49b-4bc4-9a0e-3b32c0b3c4532023-06-22 justificante_registro_solicitud.pdf,1030.8994140625
0877bf5d,2,2,ca140560-5ab0-4708-819d-283f171b4a872023-06-22 justificante_registro_solicitud.pdf,1030.8994140625
e92ef8a6,1,2,888b4328-872e-4fed-87d5-8e39ea32d201LRE075 Just_registro_02-12-24.pdf,1045.3251953125
e92ef8a6,2,2,7ec76ab9-77f7-43f4-86b3-6f264e95c6c2LRE075 Just_registro_02-12-24.pdf,1045.3251953125
af084957,1,2,7a749200-3359-4851-9320-b2349ccfad892. MTD Hector.docx,115.66015625
af084957,2,2,2d5d972f-dbe2-46ad-bd4d-f8baadb67c542. MTD Hector.docx,115.66015625
8e805508,1,2,e2add928-1d39-42fc-9607-057800623110AU044 MC PS 17 2B_V2.pdf,341.76171875
8e805508,2,2,86119138-d1f0-47f6-9b58-6d8c893f3a211. CEE 1_Certificado Energético.pdf,341.76171875
1a1e36c9,1,3,30a0f3aa-73b8-43ca-a268-7729ae02df071. IMS354 CIE IRVE.pdf,269.1455078125
1a1e36c9,2,3,b952da98-2ac8-4298-8e86-334fea4fe3d81. IMS354 CIE IRVE.pdf,269.1455078125
1a1e36c9,3,3,e3d8efbb-c72c-4838-bad3-577e94cc24895. IMS354 CIE IRVE.pdf,269.1455078125
2f7a6db6,1,2,501d9c71-9725-48aa-ab58-b34671ba15d03. Anexo IRVE.docx,332.822265625
2f7a6db6,2,2,410692aa-260d-4d85-9a6b-00480eda9b793. Anexo IRVE.docx,332.822265625
3f772af6,1,2,d4d3a209-f840-4708-8319-49510e8da581J01. Informe justificativo-176.pdf,194.982421875
3f772af6,2,2,4b48d614-2ce4-4e84-8f0e-abd87bb88c85J01. Informe justificativo-176.pdf,194.982421875
1985cbd4,1,2,d050cb7c-a47b-45ed-a959-895687ffb6efJ01_LPR1000-2.pdf,189.349609375
1985cbd4,2,2,166f270d-bb39-4f50-bbdc-404983b0fe27J01_LPR1000-2.pdf,189.349609375
4908ba63,1,2,1d0407cb-6414-4827-af9d-d18ce4501dd73. Anexo IRVE.docx,333.2802734375
4908ba63,2,2,db1bd248-9168-4795-ae88-1ddabda9e0d53. Anexo IRVE.docx,333.2802734375
c5d30985,1,3,db5b9b09-64ed-43f2-a954-bc77ea1234391. LRE210 CIE IRVE_fdo.pdf,267.5576171875
c5d30985,2,3,4d4c6ae2-2de6-4c59-9059-2c653ab2bad81. LRE210 CIE IRVE_fdo.pdf,267.5576171875
c5d30985,3,3,a3dd17bc-da7f-4e98-ba6f-62998c0d95b01. LRE210 CIE IRVE_fdo.pdf,267.5576171875
2726728f,1,3,9482eb28-1141-48d7-828e-fe6afda6b30e5.2 CIE.pdf,267.625
2726728f,2,3,386b039c-37ba-49fb-b1d0-5d4b0a3b39451. CIE IRVE_fdo.pdf,267.625
2726728f,3,3,439310f5-6787-4037-93c9-5135467096461. CIE IRVE_fdo.pdf,267.625
8d56a299,1,2,68377b06-2cd6-426f-bcdf-dd0c5ad33506LRE233 justi_registro.pdf,281.884765625
8d56a299,2,2,6d97da3f-bbe1-4cbf-891d-0771ba9c594aLRE233 justi_registro.pdf,281.884765625
65ade3d1,1,2,d2295dea-8b9c-4a24-ae41-bafdc852d6bc3. LRE254 Anexo IRVE_fdo.pdf,609.62109375
65ade3d1,2,2,bc951a04-314a-42d4-a730-e97df0357b193. LRE254 Anexo IRVE_fdo.pdf,609.62109375
c5c18884,1,2,91cc4345-5599-49d1-9294-8ce1b0ce386d4. CIE AU085-5 fd.pdf,235.9248046875
c5c18884,2,2,e2a1ec45-18a3-4459-8f71-ccfaab19af5f4. CIE AU085-5 fd.pdf,235.9248046875
65ff93fb,1,3,013ed8b0-a9a6-4605-aa44-7190ce6500d94. LRE387 CIE.pdf,808.9873046875
65ff93fb,2,3,377546ab-4237-4b65-857f-dd808aa231734. LRE387 CIE.pdf,808.9873046875
65ff93fb,3,3,912ce79e-c28c-4d8e-995c-9837cb42dcb54. LRE387 CIE.pdf,808.9873046875
28407d3b,1,2,91f1b819-26ed-4903-9c00-d2ba4f9da92d7.2. Tramitación con Industria_CIE.pdf,804.6318359375
28407d3b,2,2,b09a3978-a0c4-4984-81b8-738333ac665d4. LRE234 CIE.pdf,804.6318359375
2117ebb0,1,2,44894bd9-61e6-4eec-8bf5-a95814a64e71AU057 CM T 59 6 1E_V1.pdf,328.28515625
2117ebb0,2,2,d10a9c66-57ac-43e3-9a45-c200c350272aAU057 CM T 59 6 1E_V1.pdf,328.28515625
a869029e,1,2,bead4a31-5732-40a0-aad4-b53360667aa3J01. Informe justificativo-155.pdf,194.9501953125
a869029e,2,2,e45d9b2c-84ef-48bf-b1fc-138fbe29287fJ01. Informe justificativo-155.pdf,194.9501953125
6862606b,1,2,c86c9dcf-70f5-4a15-bd20-541dd8704722C1B_CEE_V1.pdf,261.2392578125
6862606b,2,2,e417c385-eb4f-44e6-846b-00fd72637ab2C1B_CEE_V1.pdf,261.2392578125
4a9eddac,1,2,de8075d5-b20e-4312-879f-e42f73442353justificante_registro_solicitud (5).pdf,359.69140625
4a9eddac,2,2,c63db3bd-235d-4d4a-9b7a-cbe35bf867bajustificante_registro_solicitud (9).pdf,359.69140625
1897d013,1,2,4e43f13d-ff88-4b17-bdc9-a808d4a943fb7.2. Tramitación con Industria_CIE.pdf,802.837890625
1897d013,2,2,55f8c3f1-d9fb-467b-af68-361de99333954. CIE fd.pdf,802.837890625
bc3b1913,1,2,0720a12f-0582-4ef1-a80d-f0790e4e4ed8LPR_J01P3-1.pdf,295.0205078125
bc3b1913,2,2,0de1f2d5-b5b8-4be1-ae59-767cbd0731a1LPR_J01P3-1.pdf,295.0205078125
662fc3eb,1,2,2132dfaa-ce7a-49c7-a810-6b363e70f5af7.2. Tramitación con Industria_CIE.pdf,804.8037109375
662fc3eb,2,2,f4bde49b-a5af-4c2e-8366-3bf61564c5924. LRE266 CIE.pdf,804.8037109375
e52d7d16,1,2,e1ed6931-0bdc-4a8b-8be3-5e10c93bde5b4. IMS2010 CIE.pdf,804.2646484375
e52d7d16,2,2,eb0a6e1d-9069-4e9e-9349-73c5c4e531804. IMS2010 CIE.pdf,804.2646484375
1b438c56,1,2,58d2132c-b634-468e-ad9c-3a3ede9c8d96LPR_J01P3-1_fd.pdf,375.70703125
1b438c56,2,2,c907a3de-d976-4009-83ed-9cab4c3ebbd0LPR_J01P3-1_fd.pdf,375.70703125
c15d1103,1,2,cae217e4-68a6-40e6-b052-740aabbbf2eb4. IMS2022 CIE.pdf,267.6396484375
c15d1103,2,2,e6172ff6-e75a-4f38-90f3-03da824078af4. IMS2022 CIE presentado 03-05-2023.pdf,267.6396484375
5b1413a4,1,2,0e72d6cc-de6e-41b4-b9e7-89fe64644a8bLRE275 just_registro.pdf,277.9326171875
5b1413a4,2,2,ea9b552a-40bf-4c26-87f4-9a3e738c58ccLRE275 just_registro.pdf,277.9326171875
108555f3,1,2,180f7a34-02c5-4450-a887-f9a797f4d7f12. AU085-3 DR_firmado 2.pdf,332.4677734375
108555f3,2,2,f8932b37-23d1-409f-bf7b-be35c9c2ee182. AU085-3 DR_firmado 2.pdf,332.4677734375
dc6aa02f,1,2,979fae5a-992c-48d8-855f-0af929b8e312AU044 MC PN  3 2A_V1.pdf,293.109375
dc6aa02f,2,2,89b8ab63-6f48-4839-8bd1-2b310fa7cfc3AU044 MC PN  3 2A_V1.pdf,293.109375
3ff52254,1,2,9257fc75-a9ec-477a-975b-69421ba3916d1. Solicitud_coope_fase 2.pdf,1612.669921875
3ff52254,2,2,a5aa27c5-eadd-483f-aa8d-ad747c8436171. Solicitud_coope_fase 2.pdf,1612.669921875
92428fb2,1,3,6b317ee3-0e7b-4227-bf66-d251c9c689785.1  CIE IRVE_fdo.pdf,267.7421875
92428fb2,2,3,2c95f52f-be62-48ab-874b-70d090cba9091. LRE256 CIE IRVE_fdo.pdf,267.7421875
92428fb2,3,3,2313b976-c8db-45dd-abdb-d8634adb95361. LRE256 CIE IRVE_fdo.pdf,267.7421875
864897bd,1,2,bd6a3008-ffeb-4532-8c5c-f6ae74c357e1J01. Informe justificativo-158.pdf,194.9873046875
864897bd,2,2,f30e0ae6-b62e-47ae-92fb-966bdce0b3bdJ01. Informe justificativo-158.pdf,194.9873046875
81898518,1,2,5ea3301c-f837-4b94-9a87-9dc5643fd5391. Solicitud_coope_fase 2.pdf,1604.9150390625
81898518,2,2,95cec225-ff38-47c2-bc4f-03a0ca211eff1. Solicitud_coope_fase 2.pdf,1604.9150390625
d941f997,1,2,7f6e34f4-de6a-4383-8049-e29ad55827b4J01_LPRP4-3.pdf,242.1103515625
d941f997,2,2,0cebc435-512c-49d2-920c-784c9b85d254J01_LPRP4-3.pdf,242.1103515625
011518f0,1,2,1233451c-ef08-49d4-b17a-e7dfe3094220K4A_CEE_V2.pdf,261.8212890625
011518f0,2,2,87fe0fd0-999e-4879-a2dc-f4a285ab0530K4A_CEE_V2.pdf,261.8212890625
c0066951,1,2,14711261-9419-43c5-b83a-90aa3588a7f7J01P2-4.pdf,189.4130859375
c0066951,2,2,398e72ef-fe06-44c2-a3a9-46627d9c2575J01P2-4.pdf,189.4130859375
cce60ffe,1,2,fba4de50-127d-459b-ad6b-221ffc05e433J01_LPR0900-1.pdf,189.3369140625
cce60ffe,2,2,637e5054-cee4-4bf3-92a3-74b22c7e1a65J01_LPR0900-1.pdf,189.3369140625
9b6621a9,1,3,800b1286-e9f3-40ab-b1bb-fae6aa39a7fe5.1.  CIE.pdf,805.7978515625
9b6621a9,2,3,b5c55d06-5875-4394-8a61-3c0ae97af6a81. LRE006 CIE IRVE.pdf,805.7978515625
9b6621a9,3,3,0387a776-7a9e-41dc-8a2c-11fcd90003de1. LRE006 CIE IRVE.pdf,805.7978515625
7f83d171,1,2,9390e611-8f63-46c3-aade-5661d077ffce5. LRE036 Solicitud IRVE.pdf,1027.8720703125
7f83d171,2,2,955da8aa-0ae4-4094-977b-cc258d494ab65. LRE036 Solicitud IRVE.pdf,1027.8720703125
7c245b82,1,2,4ef267a1-baa2-45fb-8bd9-d28712d0bbb1VISADO_14. CFO fd.pdf,218.1708984375
7c245b82,2,2,a7873e85-a317-493e-b254-1164371edb6bVISADO_14. CFO fd.pdf,218.1708984375
81146567,1,2,90f9b707-0367-4a54-a959-a99339fe0c25AU044 MC PS 17 1C_V1.pdf fd.pdf,341.7412109375
81146567,2,2,ea567ab3-00e6-41db-802e-5adcf7171080AU044 MC PS 17 1C_V1.pdf fd.pdf,341.7412109375
fe52ddba,1,2,bc22249f-8d90-44d5-9a62-71fea09248ad1. Solicitud_coope_fase 2.pdf,1611.7958984375
fe52ddba,2,2,6d6f9875-2361-4de8-b77a-6bf884fe1c011. Solicitud_coope_fase 2.pdf,1611.7958984375
28f469f1,1,2,e775b551-a516-4c2d-baac-5028cbdcb47a1. LRE068 Solicitud_coope_fase 2.pdf,1770.52734375
28f469f1,2,2,18bf01e4-245f-41a8-ad30-93260f5e172f1. LRE068 Solicitud_coope_fase 2.pdf,1770.52734375
e0de9bb9,1,2,c8372520-6da4-4f8b-8e52-27e9e2b01b913. LRE356 Anexo IRVE_fdo.pdf,604.291015625
e0de9bb9,2,2,9700acb1-1dee-4d42-a300-51d8e372bbf43. LRE356 Anexo IRVE_fdo.pdf,604.291015625
06ceffed,1,2,88d981a2-7c96-4f5a-a1a5-fa90afe389a3J01. Informe justificativo-229.pdf,194.9736328125
06ceffed,2,2,e485818c-c49f-4462-9ee7-c4049cd6d60dJ01. Informe justificativo-229.pdf,194.9736328125
954c5285,1,2,45b5edc5-0073-4fea-8a53-0ba7cdc72734J01_LPR1000-4.pdf,189.3876953125
954c5285,2,2,74cffb08-de7c-47f8-bf41-04d748a5f3b0J01_LPR1000-4.pdf,189.3876953125
fc2d8c17,1,2,2ee9eced-0122-4309-8ccb-c02916cab7e2IMS307 just registro_22-11-2023.pdf,1042.83203125
fc2d8c17,2,2,0dc64c59-ffc3-474f-a4cb-b1d42f7a91a5IMS307 just registro_22-11-2023.pdf,1042.83203125
ad04f020,1,4,ab53094d-b8b6-4fbc-b51a-d513ebe36a771. IMS122 CIE IRVE.pdf,805.6484375
ad04f020,2,4,18e1dff6-3183-4404-9c73-b51f66c192b35. IMS122 CIE IRVE.pdf,805.6484375
ad04f020,3,4,ec5d190c-a194-4cca-84ed-e9e40456c2721. IMS122 CIE IRVE.pdf,805.6484375
ad04f020,4,4,02f4f9d8-1fac-48e0-bc53-a16518035b8b1. IMS122 CIE IRVE.pdf,805.6484375
00c9d253,1,2,0cccc193-966b-4a2c-b5d2-e73dd404230e3. Anexo IRVE.pdf,526.6162109375
00c9d253,2,2,8efcc9fb-8a7a-4e9a-9777-305baa36d3913. Anexo IRVE.pdf,526.6162109375
fc813db1,1,2,89373f61-e11a-4f4b-90d3-b517a4c77c19J01. Informe justificativo-221.pdf,194.96484375
fc813db1,2,2,92867482-7bdd-44da-8a93-1183b9a9f441J01. Informe justificativo-221.pdf,194.96484375
1011cf54,1,2,1b5645fc-3b12-49a1-903a-1ca887921240LRE004 Jus_registro_26-11-24.pdf,1046.083984375
1011cf54,2,2,8d543b38-ac68-47d8-a5f1-117f11714c29LRE004 Jus_registro_26-11-24.pdf,1046.083984375
345ecd69,1,2,ee749249-e0bd-4610-975a-a33dd2fa4a54J01. Informe justificativo-189.pdf,194.97265625
345ecd69,2,2,a7b60546-f00b-496d-8a31-c6dfd04e4e23J01. Informe justificativo-189.pdf,194.97265625
0873c33e,1,2,4c829950-8bee-4dc4-904e-a78396ca01b54. C220 CIE.pdf,804.6025390625
0873c33e,2,2,c923cef7-f48a-47b0-a37f-ecb9d359688f4. C220 CIE.pdf,804.6025390625
b984a7b8,1,2,6aa9e354-c6fc-4983-ae06-8c4f1449b5813. LRE207 Anexo IRVE_fdo.pdf,602.029296875
b984a7b8,2,2,d52104d1-37d8-4cfe-84b8-52b458d006693. LRE207 Anexo IRVE_fdo.pdf,602.029296875
9b4177c7,1,2,187b1cce-40bc-4463-96b1-b263f37554974. IMS334 CIE.pdf,805.744140625
9b4177c7,2,2,bbc28ddc-49b0-45d0-835e-033aec47642b4. IMS334 CIE.pdf,805.744140625
5c0903db,1,2,1fd86b67-5f19-4a53-9af1-14838d60f3deDelta B20 3B_CEE_V2_fd.pdf,294.03125
5c0903db,2,2,863e0b41-a0da-43e1-b7b8-773f3003188fDelta B20 3B_CEE_V2_fd.pdf,294.03125
33364197,1,2,2e279e1f-2f43-46ff-90ca-a82f22e98d0f7.2. Tramitación con Industria_CIE.pdf,804.828125
33364197,2,2,865e426d-c34d-49dc-92ef-d480306a36944. LRE232 CIE.pdf,804.828125
eb6a0180,1,2,f83c3bfe-01de-4a9d-8e16-5dd69a40c213J01. Informe justificativo-152.pdf,195.060546875
eb6a0180,2,2,dd1cca7e-4099-4ff0-9f4e-1777b6b7a0b2J01. Informe justificativo-152.pdf,195.060546875
6072d0d2,1,3,d0f2e649-3205-4332-80c4-99aeed0a774b1. LRE055 CIE IRVE.pdf,803.646484375
6072d0d2,2,3,dfe160a9-d1a9-4308-ac75-ab58cb314b825.1.  CIE.pdf,803.646484375
6072d0d2,3,3,349cfbcc-c890-407b-902a-56060b04db9e1. LRE055 CIE IRVE.pdf,803.646484375
79687bfb,1,2,c9a01ae3-8cc4-4a40-966f-36b1687cc808J01_LPR0800-1.pdf,189.314453125
79687bfb,2,2,900b6a2b-e1fe-47e4-b5e0-89192d672b3eJ01_LPR0800-1.pdf,189.314453125
dfd84264,1,2,832dffd6-d180-4bd2-ad49-f124cd40e9d13. LRE029 Anexo IRVE.pdf,1256.98828125
dfd84264,2,2,1ae0f8a3-b829-4221-ad3a-c522f7c8bece3. LRE029 Anexo IRVE.pdf,1256.98828125
a39ff38d,1,2,429c39cf-a9fa-493a-9645-5fd208ff5e18J01. Informe justificativo-166.pdf,195.005859375
a39ff38d,2,2,8f9997ec-046c-41a0-9fed-bcc90f322fecJ01. Informe justificativo-166.pdf,195.005859375
2fc873dc,1,2,ac411858-a572-4b87-a201-b0a94841a682apertura-LA PABLO 3-PRES.pdf,1472.6484375
2fc873dc,2,2,ea525328-fd76-41c5-ad9e-e8a049dea2d7apertura-LA PABLO 3-PRES.pdf,1472.6484375
3b2e798f,1,2,f4c8ec43-43f7-4edb-a57f-fd4472e08e67justificante_registro_solicitud (16).pdf,1050.677734375
3b2e798f,2,2,26b086f0-06fa-4be5-ac11-bba2bf66259223-01-25 justificante_registro_solicitud.pdf,1050.677734375
6e4fbe8a,1,2,d92538e0-cd24-40ac-aedc-c5f3633b51d73. Anexo IRVE.pdf,523.869140625
6e4fbe8a,2,2,b750b444-f221-44a9-8f07-2f0ec63ef7443. Anexo IRVE.pdf,523.869140625
da9db28e,1,2,752bf19d-9479-4110-99c3-c486e19d4d4fLPR_J01P3-3.pdf,242.3095703125
da9db28e,2,2,9d477012-0dc0-4adc-95c0-a82d195025e3LPR_J01P3-3.pdf,242.3095703125
d17df415,1,2,7cf38a8a-a274-48d6-ad03-2468e61fb247LRE213 just_registro_10-12-24.pdf,1045.740234375
d17df415,2,2,e0985cfc-8f07-40cc-a85a-aecdc473879eLRE213 just_registro_10-12-24.pdf,1045.740234375
da25e0e7,1,3,61634b65-2278-4260-9405-fef84fe58e17LRE235 justif_registro.pdf,282.0458984375
da25e0e7,2,3,0ace5b36-2cd2-4cfe-8d59-cd2c308b18bfLRE235 justif_registro.pdf,282.0458984375
da25e0e7,3,3,f98b1666-cc3c-462c-9eac-7a30a86343cf5.2 COVE.pdf,282.0458984375
75f31c19,1,2,f04d1998-dcba-410d-9e6a-c762fd5ac3dd3. Anexo IRVE_fdo.pdf,597.59765625
75f31c19,2,2,0ef19c46-a164-4167-944f-7f91501fa5f93. Anexo IRVE_fdo.pdf,597.59765625
4f9d617c,1,2,f75197be-c5c1-47de-82d2-da367488cb5bJ01_LPRP4-1.pdf,294.8623046875
4f9d617c,2,2,f626a580-015d-4efc-9d90-36cb0a3fc950J01_LPRP4-1.pdf,294.8623046875
356cc58b,1,2,4ec1aacb-572d-45ec-85cb-7dc4bb3cfe69apertura-LA PABLO 6-PRES.pdf,1472.6513671875
356cc58b,2,2,3c58f654-01a2-43df-9252-828c0d526924apertura-LA PABLO 6-PRES.pdf,1472.6513671875
63ad9c5c,1,5,b3a0b596-525d-499f-ba64-4e3db536ac406. Tabla fd.pdf,308.265625
63ad9c5c,2,5,3c3a6c8f-931b-4e56-9e37-c1680580aa706. Tabla fd.pdf,308.265625
63ad9c5c,3,5,b824fb54-2943-441b-92a5-795a1bdf9d456. Tabla fd.pdf,308.265625
63ad9c5c,4,5,c52a5a15-1ee7-4011-b0d0-b976d1f729886. Tabla fd.pdf,308.265625
63ad9c5c,5,5,aeff0a68-a9f4-4d4f-8dca-7f232280fb3f6. Tabla fd.pdf,308.265625
7fb108b1,1,3,87eaaaeb-01b8-4202-9b1e-310f2cd965423. Anexo IRVE_fdo.pdf,599.734375
7fb108b1,2,3,a68408a0-76bc-4fae-ab0d-3ef1c248d13c3. Anexo IRVE_fdo.pdf,599.734375
7fb108b1,3,3,f84de25a-f21f-4c01-81f6-2a695c3fc9bd3. Anexo IRVE_fdo.pdf,599.734375
c0831b59,1,2,8a50f9ee-a717-40dc-80d9-308fba20bb6eJ01. Informe justificativo-186.pdf,194.9541015625
c0831b59,2,2,2d91850f-0bb8-4255-81da-2258c9f6aec6J01. Informe justificativo-186.pdf,194.9541015625
54734e96,1,2,61791f24-f8e6-44c5-b3e4-d7a36ce8fcb320250113 Registro de subsanación.pdf,122.0966796875
54734e96,2,2,5de0b605-ee36-4bea-9685-321f74b201c920250113 Registro de subsanación.pdf,122.0966796875
48e21bd6,1,3,2e340c3c-2f59-4748-8d38-c2b4a30b578a5. LRE256 Solicitud IRVE_fdo.pdf,279.1884765625
48e21bd6,2,3,6be23fbd-e729-4862-b7c7-6b5c2e59533b5. LRE256 Solicitud IRVE_fdo.pdf,279.1884765625
48e21bd6,3,3,b8dd55d6-8f0d-422b-b387-28eebc0e2ec15. LRE256 Solicitud IRVE_fdo.pdf,279.1884765625
52ae315b,1,3,d2e6d2f0-6f5f-4aa0-a28d-a621e3a48bf4AU057 CM T 59 2 0C_V1.pdf,329.6875
52ae315b,2,3,b4648f7d-1ff7-4cc9-8715-f2c8ffec8a0fAU057 CM T 59 2 0C_V1.pdf,329.6875
52ae315b,3,3,47caa4de-110b-417b-ba22-55de3f93261eAU057 CM T 59 2 0C_V1.pdf,329.6875
56701681,1,2,7b1d969b-c62d-456a-a5e2-794d084aa19dLRE386 just_registro_10-12-24.pdf,1046.76171875
56701681,2,2,a1f58397-db34-4ef7-b6d9-1370e2a65e2dLRE386 just_registro_10-12-24.pdf,1046.76171875
469dd898,1,2,4de151cd-b1b1-4656-a957-99c9a47e49dbJ01_LPR0800-4.pdf,190.029296875
469dd898,2,2,8877821b-073c-4260-bde1-c7e455017604J01_LPR0800-4.pdf,190.029296875
70ef9694,1,2,82d01cf4-f7fd-4498-baa9-feea9555f02cJ01_LPR-3_fd.pdf,323.1416015625
70ef9694,2,2,7f2ae7f8-c918-43f2-acc1-c550456ecb68J01_LPR-3_fd.pdf,323.1416015625
e2acca8b,1,3,a89765f3-c5a4-49d3-a6b4-58af456142a25.1.  CIE.pdf,804.845703125
e2acca8b,2,3,579e1259-bfd6-4f70-a02b-8cfb9e11a2761. LRE041 CIE IRVE.pdf,804.845703125
e2acca8b,3,3,778ac8e6-bb8d-42e7-9175-0ffd50b8cfcb1. LRE041 CIE IRVE.pdf,804.845703125
fd3d99d2,1,2,544485b1-76c0-4de2-b739-38db0ba61bf65. LRE275 Solicitud IRVE_fdo.pdf,279.9140625
fd3d99d2,2,2,fd466cd5-7540-47bc-9989-4c5cdf292cd85. LRE275 Solicitud IRVE_fdo.pdf,279.9140625
ae99357e,1,2,d1c40443-9f2b-4935-a027-c26f429af7303. Solicitud inscripción.pdf,1030.6923828125
ae99357e,2,2,c86f5d6f-03f8-4447-bc7f-4b568430e3763. Solicitud inscripción.pdf,1030.6923828125
e28b3549,1,3,a4a32565-cd19-4580-9d78-d435273991054. LRE306 CIE.pdf,804.3681640625
e28b3549,2,3,214d2c1b-8530-4349-b056-4bdaea8925a07.2. Tramitación con Industria_CIE.pdf,804.3681640625
e28b3549,3,3,3088d067-23d5-47b9-957d-6089f4008ba07.2. Tramitación con Industria_CIE.pdf,804.3681640625
a3feddcd,1,3,28e01d1a-6207-4d21-b51a-629bfac948101. Solicitud_coope_fase 2.pdf,1612.623046875
a3feddcd,2,3,903740cd-c5b5-4209-9823-921008ccb5e41. Solicitud_coope_fase 2.pdf,1612.623046875
a3feddcd,3,3,c364aefd-ff24-4d6f-9b23-4203b0cd0d331. Solicitud_coope_fase 2.pdf,1612.623046875
3d415d00,1,2,d59642dc-8d12-40ba-8a95-d9f2fc6325767.2. Tramitación con Industria_CIE.pdf,265.578125
3d415d00,2,2,cefaba24-edb4-432a-8316-5de7a59fd9954. LRE268 CIE.pdf,265.578125
5810a7c7,1,2,de34c14d-c4d1-42d2-8c60-1592d9d71e6e3. Anexo IRVE.pdf,524.8427734375
5810a7c7,2,2,dd2c112c-c862-43bb-b164-8f2836e7dd5c3. Anexo IRVE.pdf,524.8427734375
a3111fb7,1,2,928f8309-5007-4b45-9287-fbee38ab96ddJ01. Informe justificativo-182.pdf,195.0712890625
a3111fb7,2,2,aaa89601-c3c6-4be9-86fe-07af7f720d98J01. Informe justificativo-182.pdf,195.0712890625
1f11be73,1,2,8f22eb68-c57c-49fb-b34d-21b6763320871. CIE IRVE.pdf,221.3994140625
1f11be73,2,2,8f0dbaaa-7d14-410f-ab8e-5315dda17e611. CIE IRVE.pdf,221.3994140625
47a69268,1,2,aee7d49f-653b-48bc-9281-b1d27955905c4. C295 CIE.pdf,806.580078125
47a69268,2,2,bc11a340-f78e-49a5-ac43-cb30402aa95f4. C295 CIE.pdf,806.580078125
46861cc1,1,2,b936d2ba-997f-40f6-a73d-a6ea2f9739b9J01. Informe justificativo-226.pdf,195.02734375
46861cc1,2,2,17d64d62-2c9c-473e-aa77-c7ce357c1e8dJ01. Informe justificativo-226.pdf,195.02734375
a351abcc,1,4,04c764d5-e7e5-43da-a0ae-8957eb9c55291. Solicitud_coope_fase 2.pdf,1612.931640625
a351abcc,2,4,d59bf400-161d-453c-9670-53f2185e9d851. Solicitud_coope_fase 2.pdf,1612.931640625
a351abcc,3,4,fd99e8da-acad-495e-951d-9237a9a68ab51. Solicitud_coope_fase 2.pdf,1612.931640625
a351abcc,4,4,6e775f25-8a43-4a2b-bb8c-e6c89ff8cbf91. Solicitud_coope_fase 2.pdf,1612.931640625
dd3efd97,1,4,871f17bd-d38e-4064-be2b-f7448f137b86LRE225 Registro_IRVE_singed.pdf,1045.083984375
dd3efd97,2,4,f3adaaee-427d-4b54-9c83-171b8ff90fd0LRE225 Just_registro_IRVE_23-02-2024.pdf,1045.083984375
dd3efd97,3,4,ac2abfd9-aa6f-45c3-b4d8-b6c948fac0ecLRE225 Just_registro_IRVE_23-02-2024.pdf,1045.083984375
dd3efd97,4,4,fb1d3c39-93a8-46d9-87fa-4cdfbd5b1ea3LRE225 Registro_IRVE_singed.pdf,1045.083984375
f1457124,1,2,f66f2c15-4297-46f0-b30a-1d2236ff0a7e3. Anexo IRVE_fdo.pdf,610.9287109375
f1457124,2,2,f2f0c4d1-51b5-4692-bed4-d624ad87de7e3. Anexo IRVE_fdo.pdf,610.9287109375
3e4be9ba,1,2,d5321008-3def-4167-8246-641279ac84beJ01. Informe justificativo-239.pdf,194.9921875
3e4be9ba,2,2,e66ae83b-1fbd-4318-8132-db0a3d8bb821J01. Informe justificativo-239.pdf,194.9921875
974c3f15,1,3,190f0280-5b87-426a-9573-85d6c41b40db4. C290 CIE.pdf,809.10546875
974c3f15,2,3,96ede3f3-24e9-4faa-ae08-3e9f3ca6c3884. C290 CIE.pdf,809.10546875
974c3f15,3,3,ab0561da-903a-4bcd-b562-b0e288e966104. C290 CIE.pdf,809.10546875
11cc5736,1,4,6c5b99c1-8221-4171-81ba-3f36d3bfaa531. Solicitud_coope_fase 2.pdf,1612.6796875
11cc5736,2,4,aaf0d124-fef4-435c-ba9e-d250c480b4951. Solicitud_coope_fase 2.pdf,1612.6796875
11cc5736,3,4,fac435fc-80a1-4d6a-b4c1-0d718985120a1. Solicitud_coope_fase 2.pdf,1612.6796875
11cc5736,4,4,ea873fcc-2b09-4242-bd3d-d395168562121. Solicitud_coope_fase 2.pdf,1612.6796875
33f5b0eb,1,2,4930b254-d8a1-43e9-8ee1-2f5d28b1f9874. IMS2039 CIE.pdf,805.3076171875
33f5b0eb,2,2,4dd14c24-85ce-4680-9d4d-39a4588f57f04. IMS2039 CIE.pdf,805.3076171875
0039099b,1,2,f9b9eb58-49c3-4448-b653-c9cc69b2e738J01. Informe justificativo-181.pdf,194.9375
0039099b,2,2,b37217bf-6895-4808-b835-d4ab129c8ab8J01. Informe justificativo-181.pdf,194.9375
3cb29773,1,2,4f465f2e-43eb-4281-b515-b5fdc12f821314. CFO fd.pdf,166.013671875
3cb29773,2,2,2fcae6c6-5917-401c-a2be-98af3e1bc91e14. CFO fd.pdf,166.013671875
defe7b38,1,2,ae73921c-c7e1-4759-a5cc-0715d887b55f3. LRE341 Anexo IRVE fd3.pdf,708.259765625
defe7b38,2,2,22209e33-2fa0-476f-b5ca-5ad56b51256f3. LRE341 Anexo IRVE fd3.pdf,708.259765625
f52c5668,1,2,837616ca-995e-431b-8f0e-8e4570d207d1J01. Informe justificativo-203.pdf,194.9638671875
f52c5668,2,2,62f7604b-c361-4699-9dea-229ca124922aJ01. Informe justificativo-203.pdf,194.9638671875
7e96f95a,1,4,63dc75ee-b87f-483b-bc77-f8effc2c85d13. Anexo IRVE fd3.pdf,714.1376953125
7e96f95a,2,4,863ed76d-66be-424b-b80e-2997c2534d5c3. Anexo IRVE fd3 (2).pdf,714.1376953125
7e96f95a,3,4,4e3d4104-43f3-4f4b-a8b5-8f507cb8fa8d3. Anexo IRVE fd3.pdf,714.1376953125
7e96f95a,4,4,12fd202b-6785-47be-abe2-a4c8565c305a3. Anexo IRVE fd3 (2).pdf,714.1376953125
13b76235,1,2,7b57036a-6df7-4f5e-a28e-2a55f8897bd55. IMS122 Solicitud IRVE.pdf,1031.6572265625
13b76235,2,2,472468ab-661e-4bcd-ae50-d0f177644ecd5. IMS122 Solicitud IRVE.pdf,1031.6572265625
ada286b3,1,3,fda35af1-d3c5-4f98-86c0-b5869d8dd030AU057 CM T 59 3 2B_V1.pdf,328.611328125
ada286b3,2,3,0a3ee017-b459-45e4-a7f4-a8d161be03deAU057 CM T 59 3 2B_V1.pdf,328.611328125
ada286b3,3,3,bfbb6d11-d97f-4cbb-9e45-6789610ad03aAU057 CM T 59 3 2B.pdf,328.611328125
377f3f92,1,2,97cda6e0-c62c-4405-99e1-afd49609e213J01. Informe justificativo-214.pdf,194.98828125
377f3f92,2,2,a8a39280-133a-466e-9abc-ee521b238a5bJ01. Informe justificativo-214.pdf,194.98828125
b67edfc2,1,3,1337b8ac-9807-4bbc-95fa-4c38223971065.1.  CIE.pdf,805.3740234375
b67edfc2,2,3,a5001c03-f59d-4f30-a3d3-5513d9f1c8af1. LRE075 CIE IRVE.pdf,805.3740234375
b67edfc2,3,3,e5848888-42ae-46b7-b74d-21f6de9a03871. LRE075 CIE IRVE.pdf,805.3740234375
be6dbed6,1,2,5f464479-8cd0-41f6-96fe-36b849091cd2justificante_registro_solicitud.pdf,1052.08203125
be6dbed6,2,2,f439eb1e-6d07-4d78-b0d9-674b945c809b5. Certificado de la instalación baja tensión.pdf,1052.08203125
f598dea4,1,2,5c36bbcb-a960-4758-9ce3-c23c417278525. LRE254 Solicitud IRVE_fdo.pdf,279.9892578125
f598dea4,2,2,6b99d236-d788-4940-9f7c-871f31822a665. LRE254 Solicitud IRVE_fdo.pdf,279.9892578125
0c61adbd,1,2,f1b45539-dfa8-42a8-8cee-b031ff22eb8aG1A_CEE_V1_fd.pdf,316.2373046875
0c61adbd,2,2,62ef2ec0-1a45-4ff5-8bcd-db402ea24c29G1A_CEE_V1_fd - copia.pdf,316.2373046875
2e4b73cd,1,2,99e60fe4-7cb0-4282-bf8a-0d65732c46f85. LRE003 Solicitud inscripción IRVE_COOP FD.pdf,280.2939453125
2e4b73cd,2,2,db858440-4ac7-4537-acac-03573e5d07f35. LRE003 Solicitud inscripción IRVE_COOP FD.pdf,280.2939453125
e682150f,1,2,4162275e-4912-47c8-8110-bd3b3491ecc2J01. Informe justificativo-161.pdf,194.982421875
e682150f,2,2,691cee3b-19cf-482f-aecc-4473db9759a7J01. Informe justificativo-161.pdf,194.982421875
1ae55471,1,2,369d1d8c-c048-4339-953d-371d47fe8de7J01. Informe justificativo-164.pdf,194.998046875
1ae55471,2,2,7cd0576d-a7aa-40e9-8154-d6138b388a22J01. Informe justificativo-164.pdf,194.998046875
e4da5215,1,2,d1dedacd-f7a9-4ad7-96d8-3f912548c3beLRE036 just_registro_25-11-24.pdf,1048.9169921875
e4da5215,2,2,ea33b6bf-e8ae-462b-872d-b69b359481efLRE036 just_registro_25-11-24.pdf,1048.9169921875
7eed6b1e,1,2,82c7cc79-670c-46af-b982-aaea8cf6a8243. LRE049 Anexo IRVE.pdf,1143.2783203125
7eed6b1e,2,2,061caa51-5333-4bec-ab26-8b3e0a0cf9eb3. LRE049 Anexo IRVE.pdf,1143.2783203125
9d53b5ac,1,2,1e68af95-e103-42be-ba65-5cacac6b8d86J01. Informe justificativo-184.pdf,194.994140625
9d53b5ac,2,2,49f01e32-427e-4a87-a420-c94c99610804J01. Informe justificativo-184.pdf,194.994140625
6347feba,1,2,83040420-85f9-498d-b454-f750b198054cJ01. Informe justificativo-196.pdf,195.0166015625
6347feba,2,2,3b516c3a-bb45-40c4-b9e3-e0ab595be461J01. Informe justificativo-196.pdf,195.0166015625
d0d7687f,1,2,0d464e7f-bf50-4cdc-853a-151ab54a5b9c5. LRE078 Solicitud IRVE.pdf,1023.958984375
d0d7687f,2,2,07aa2c37-7ca3-4225-8856-b03756e316ff5. LRE078 Solicitud IRVE.pdf,1023.958984375
b7c44812,1,2,00932153-660e-4b35-965e-c6d4c496539e1. LRE003 CIE.xlsx,43.86328125
b7c44812,2,2,07575aa4-dc58-4135-8739-a8377a27d1661. LRE003 CIE.xlsx,43.86328125
d567ba7b,1,2,7f9ab203-07f0-4a6c-8883-2525135f1a755. Solicitud IRVE_fdo.pdf,278.0927734375
d567ba7b,2,2,9c746a42-9b97-45ea-974f-87c047ce082d5. Solicitud IRVE_fdo.pdf,278.0927734375
d411b0c7,1,2,88e8eab6-1df4-4f9e-afd7-98aafa1a3f241.LRE069 Solicitud_coope_fase 2.pdf,1766.076171875
d411b0c7,2,2,c9a7eb3f-99a8-40d0-88d1-ed91ba8ba2d61.LRE069 Solicitud_coope_fase 2.pdf,1766.076171875
ef7f93a2,1,2,b895e319-58fe-4901-80e0-f89ad733828ajustificante_registro_solicitud (23).pdf,277.72265625
ef7f93a2,2,2,2a81f621-aa6d-41c2-b00f-804ca8c107c9justificante_registro_solicitud (23).pdf,277.72265625
193a6132,1,2,69957395-a801-4bae-811b-e91b3493d0757.2. Tramitación con Industria_CIE.pdf,801.2666015625
193a6132,2,2,b0534e66-8198-46f2-b30c-e6cb7254b1b14. LRE300 CIE.pdf,801.2666015625
2725f439,1,2,a6cbc73a-f47b-4b74-af75-a3864ec2c262IMS2019 Anexo V.pdf,419.5390625
2725f439,2,2,093e3dc1-2da1-4177-9f3e-74c88b042091IMS2019 Anexo V.pdf,419.5390625
fd83ca90,1,2,803e4ff5-b9a8-40ad-ab29-6d9d5d4e32daJ01. Informe justificativo-191.pdf,194.9765625
fd83ca90,2,2,0914f38d-68d1-4e8a-8522-f95d9e01e428J01. Informe justificativo-191.pdf,194.9765625
16bfda15,1,2,071bd717-95ef-4fa3-8b00-0979f58e9a14J01. Informe justificativo-223.pdf,194.9677734375
16bfda15,2,2,c8371706-7966-4732-be06-9945f0cd1d7eJ01. Informe justificativo-223.pdf,194.9677734375
4228a13f,1,3,36259a9b-57b5-429b-a959-d07a58ff33a61. A055 CIE IRVE.pdf,269.24609375
4228a13f,2,3,68ec8277-4c92-43a6-aa17-abe7f67f24571. A055 CIE IRVE.pdf,269.24609375
4228a13f,3,3,8e168d5c-3007-41f8-9489-55adfa5f2dc01. A055 CIE IRVE.pdf,269.24609375
700d0dc3,1,6,37b6710b-5b99-4fa2-bf4f-5942f1fbdb966.3 CIE.pdf,328.9296875
700d0dc3,2,6,486a0491-82fb-4159-a033-f6c0c24061f46.3 CIE.pdf,328.9296875
700d0dc3,3,6,1e30d99f-9abb-47d9-b948-7ef0f05ece134. CIE AU085-3 FD.pdf,328.9296875
700d0dc3,4,6,6014f3ea-86f8-480d-b8d5-919e9a4131de4. CIE AU085-3 FD.pdf,328.9296875
700d0dc3,5,6,c6bda8c4-5e4d-465e-a88b-ee1d5069a3eb6.3 CIE.pdf,328.9296875
700d0dc3,6,6,aafe3efc-0430-4c0f-bfed-9db6dc21f2056.3 CIE.pdf,328.9296875
f1bfc95e,1,2,fc7d2e3d-2c24-4ce7-87e8-f36daa9d5959LRE210 justi_registro.pdf,276.939453125
f1bfc95e,2,2,6a34d05d-c9c5-4cd0-a11e-448343cad0b1LRE210 justi_registro.pdf,276.939453125
05f06f43,1,2,5c1b416b-c281-4db8-bff9-f31ddf3e46cbJ01. Informe justificativo-159.pdf,195.044921875
05f06f43,2,2,bf794758-e6a0-4c30-be0e-58d1c8657c10J01. Informe justificativo-159.pdf,195.044921875
f10230bd,1,3,2336ec6e-0bcb-4e0c-9142-cf54b8b887b1AU057 CM T 59 C1 2C_V1.pdf,329.7294921875
f10230bd,2,3,eb6453f5-837f-4ded-9b3d-0d47235d1821AU057 CM T 59 C1 2C_V1.pdf,329.7294921875
f10230bd,3,3,b34d8597-93ef-47cc-968c-1965f9401f6fAU057 CM T 59 C1 2C_V1.pdf,329.7294921875
1e170b8c,1,4,69456168-b604-4cd2-826a-696069fc28631. Solicitud_coope_fase 2.pdf,1612.99609375
1e170b8c,2,4,b70494f5-e4e2-4ce4-9965-75a10c25d9e11. Solicitud_coope_fase 2.pdf,1612.99609375
1e170b8c,3,4,6de385c7-600e-4cb9-9698-f89a704441241. Solicitud_coope_fase 2.pdf,1612.99609375
1e170b8c,4,4,4b1568e6-29ef-40db-ada2-9f518e3c9be41. Solicitud_coope_fase 2.pdf,1612.99609375
76031c11,1,2,e4433f09-f558-4936-9c6d-2c461897c372J01. Informe justificativo-210.pdf,195.0048828125
76031c11,2,2,95f6b670-01e0-440c-9a9e-433060d20acdJ01. Informe justificativo-210.pdf,195.0048828125
31ffbf17,1,2,964c091a-e089-4a15-9392-2ddce817a06bAU057 CM T 59 4 1B_V1.pdf,329.150390625
31ffbf17,2,2,c8058051-1631-4c67-a55a-56c2f02852d7AU057 CM T 59 4 1B_V1.pdf,329.150390625
b2f36502,1,3,426f60e1-cbb8-4122-a402-70f74e89de6c1. CIE IRVE_fdo.pdf,266.0830078125
b2f36502,2,3,a922504a-aa0a-48ad-9776-cb9edba4d9611. CIE IRVE_fdo.pdf,266.0830078125
b2f36502,3,3,d7297847-31bf-40fd-ad81-f2eefb88103c1. CIE IRVE_fdo.pdf,266.0830078125
de819254,1,2,58adb100-4e12-4955-ab2b-864c52541f3c3. C190 Anexo ESQUEMA_IRVE.pdf,1249.6181640625
de819254,2,2,7c70d344-5585-46a7-ae49-e8791b4355473. C190 Anexo ESQUEMA_IRVE.pdf,1249.6181640625
2daf2c6d,1,3,52009989-0bb0-41e7-95b5-5f66100519e53. IMS122 Anexo IRVE.pdf,1258.7841796875
2daf2c6d,2,3,6605c0c8-d04b-43d8-805e-b52cd00262783. IMS122 Anexo IRVE.pdf,1258.7841796875
2daf2c6d,3,3,095dbf78-5755-437d-a481-1430e37aee3b5. DR industria.pdf,1258.7841796875
a5f3d02b,1,2,da288d98-5a4a-4945-8748-bae658e203fb5. Solicitud IRVE_fdo.pdf,281.9150390625
a5f3d02b,2,2,4180a584-dfbe-4b0d-b66a-90cb627a2c315. Solicitud IRVE_fdo.pdf,281.9150390625
817e1cb3,1,2,a618fb41-3c49-4b48-a1f7-bc7e556773774. IMS2057 CIE.pdf,804.6494140625
817e1cb3,2,2,1f4868ac-d3bb-4975-b4f3-bf859485696e4. IMS2057 CIE.pdf,804.6494140625
7f8d582c,1,2,0c964d0f-ade9-45fc-baf5-b518484240cfJ01. Informe justificativo-227.pdf,194.96875
7f8d582c,2,2,9cd59acb-87fb-4d21-8b5e-a862083b2ccaJ01. Informe justificativo-227.pdf,194.96875
bfdd9425,1,3,b5058c3d-0851-4104-a1ed-1b0829f4190e1. Solicitud_coope_fase 2.pdf,1611.8203125
bfdd9425,2,3,a68bb30e-5303-4163-afde-63b43c5442d01. Solicitud_coope_fase 2.pdf,1611.8203125
bfdd9425,3,3,bae73d6b-9de0-4b9a-a457-e8fae19a2ad71. Solicitud_coope_fase 2.pdf,1611.8203125
07254293,1,2,2468311e-7eda-4268-b147-558ed4b8093a3. Anexo IRVE_fdo.pdf,625.50390625
07254293,2,2,08aaeda6-914a-4afe-8da0-8c2d1543e7463. Anexo IRVE_fdo.pdf,625.50390625
534fa629,1,2,979b02ee-89fa-4ebf-8626-4fde75bfc45c5. Solicitud IRVE_fdo.pdf,279.2568359375
534fa629,2,2,53c8e4b6-2e25-46fa-8cb0-ee0744944f465. Solicitud IRVE_fdo.pdf,279.2568359375
226d035f,1,2,e2202c17-15c6-4a56-8cbe-cdd61ee9be0dJ01. Informe justificativo-225.pdf,194.9765625
226d035f,2,2,ae3c3d15-ad89-451a-a464-a293560e2e1cJ01. Informe justificativo-225.pdf,194.9765625
0aa35b1f,1,2,5c9b6976-fa24-4180-996e-e8fd385274060.2 Encargo de obra fd VISADO.pdf,369.9228515625
0aa35b1f,2,2,44919e91-1ba3-49b5-ae76-74027d4f92d92. Encargo de obra fd VISADO.pdf,369.9228515625
e69b1aa0,1,2,e4eb70d6-f132-49ac-822b-c12ce2d8e310J01. Informe justificativo-171.pdf,194.9619140625
e69b1aa0,2,2,22b3d7d7-9a2a-4808-b803-0953b5182821J01. Informe justificativo-171.pdf,194.9619140625
b3d89544,1,2,9be7bbe2-97f6-4f7d-a28c-ecce6bab8df93. Anexo IRVE.docx,333.248046875
b3d89544,2,2,9055f101-91d3-4dc3-a5a4-d829653a4ffd3. Anexo IRVE.docx,333.248046875
d2d05f06,1,2,96c37baf-8d09-4b97-865c-bbb46ea664791. LRE070 Solicitud_coope_fase 2.pdf,1769.0859375
d2d05f06,2,2,5751d879-be91-4fa0-aa2f-7d62bdd95a5b1. LRE070 Solicitud_coope_fase 2.pdf,1769.0859375
068e8e5f,1,2,ba8df5f7-ca33-4a49-9d93-0bb1d97f73862. MTD fd.pdf,4131.58984375
068e8e5f,2,2,f59f91f0-966b-4893-a187-306e6d7e49225. MTD fd.pdf,4131.58984375
2e260638,1,2,76ca140f-216c-4283-88a6-2fe035e1dbea2. MTD FD.pdf,5339.6611328125
2e260638,2,2,2e00b9df-5421-4711-a783-22b7c6ac9ea22. MTD FD.pdf,5339.6611328125
cbe6dfb7,1,3,2b05cd92-7b7b-42fc-ad6f-9f88e3a749b74. CIE.pdf,805.185546875
cbe6dfb7,2,3,3e2de935-da79-4283-9d97-2a74da52c86c7.2. Tramitación con Industria_CIE.pdf,805.185546875
cbe6dfb7,3,3,f02bbe14-8dae-40cd-ae60-6a073d04f0784. CIE.pdf,805.185546875
c81c6559,1,2,dd58bf1d-3131-4798-b8b3-be3af9fad64f3. LRE210 Anexo IRVE_fdo.pdf,611.5712890625
c81c6559,2,2,0948319c-85de-465a-86b6-817b88503b233. LRE210 Anexo IRVE_fdo.pdf,611.5712890625
28a1b45a,1,3,a75eb093-41de-4f30-9b78-cb76e6ee64b05. A055 Solicitud IRVE.pdf,279.765625
28a1b45a,2,3,2531dd88-0d1a-4122-aa2f-4d806165fb5d5. A055 Solicitud IRVE.pdf,279.765625
28a1b45a,3,3,c943ec15-a131-4e8d-a0b6-de4cfbc3cf5a5. A055 Solicitud IRVE.pdf,279.765625
9f28f810,1,2,45b6e567-6ef5-420e-a14f-3dca02cb82f4J01. Informe justificativo-217.pdf,194.974609375
9f28f810,2,2,53e9695a-a74e-40fe-b97d-10f68817a978J01. Informe justificativo-217.pdf,194.974609375
b10ce2e6,1,2,60eadd8b-bf67-47f5-a6f0-782820cfc0c7LPR_J01P3-2.pdf,189.509765625
b10ce2e6,2,2,b8b97652-a484-483f-8d58-381da0c084b6LPR_J01P3-2.pdf,189.509765625
3e9505d5,1,2,ee824a0c-b1f3-4bdf-881e-05aba39cde79J01. Informe justificativo-165.pdf,195.015625
3e9505d5,2,2,febe2159-f551-4ade-8daf-149cc9d38f4cJ01. Informe justificativo-165.pdf,195.015625
7eff76fe,1,2,be2678d0-6732-44da-a54e-8e7d69843cd31. Solicitud_coope_fase 2.pdf,1612.705078125
7eff76fe,2,2,2746b52d-3969-478e-9d55-caa4e4639b021. Solicitud_coope_fase 2.pdf,1612.705078125
0a6c800b,1,2,5f06e586-e21e-431b-b5c8-f07683256149J01. Informe justificativo-180.pdf,195.068359375
0a6c800b,2,2,c5c2429f-08e4-4fed-a188-845072ff9091J01. Informe justificativo-180.pdf,195.068359375
db69fb3c,1,2,47f75b32-c3ad-4561-8398-db37467d08775. LRE019 Solicitud IRVE.pdf,1022.8681640625
db69fb3c,2,2,fca41bff-2e05-4a96-9363-0b01a83329a15. LRE019 Solicitud IRVE.pdf,1022.8681640625
c0abc5f7,1,2,6002ea20-6824-4376-8431-7a384b6cb4e4J01. Informe justificativo-187.pdf,195.09765625
c0abc5f7,2,2,ea354970-8708-45fc-a6fa-f2421794f927J01. Informe justificativo-187.pdf,195.09765625
8e926b5a,1,2,38236a8d-2eaf-416e-b695-47cc3c7a006bMT_pc VE_Coope_fd Héctor.pdf,882.193359375
8e926b5a,2,2,afdb5598-4fa4-4d50-a71d-0d2c1e5dc4fdMT_pc VE_Coope_fd Héctor.pdf,882.193359375
a2e23c04,1,2,fecf1899-3159-4181-bc86-4417948f4fcb1. CIE IRVE_pdte firma NEW.pdf,218.228515625
a2e23c04,2,2,1666b1e9-53f9-4479-a43c-659bbf3d17d11. CIE IRVE_pdte firma NEW.pdf,218.228515625
75e5c84c,1,4,80c5b5fa-13f2-4361-80cb-5c5e324c53604. CIE.pdf,803.7626953125
75e5c84c,2,4,6cb4086c-7085-4b39-983d-4871fa5e994a4. CIE.pdf,803.7626953125
75e5c84c,3,4,50b81d46-011a-4bf2-9028-13512a89d1464. CIE.pdf,803.7626953125
75e5c84c,4,4,5d8b54f8-f59b-4ad2-9437-b902c66533697.2. Tramitación con Industria_CIE.pdf,803.7626953125
a9c773a2,1,2,aaad8bda-b669-45d4-b32a-95c523421e8e1. CEE 1_Certificado Energético.pdf,341.63671875
a9c773a2,2,2,fcc0c973-01c0-4927-af60-414ad7af25c9AU044 MC PN fd 3 2D_V2.pdf,341.63671875
cee643d9,1,2,17ffed80-a024-4f1d-a05f-d25429f1bfdeLPR_J01P3-2_fd.pdf,270.2919921875
cee643d9,2,2,b4eb2400-1147-4cd0-acf0-e20678e8ad2aLPR_J01P3-2_fd - copia.pdf,270.2919921875
16e63de7,1,3,83189925-7125-45a1-b6b8-54063ff8f8520.4. S4-1 CFO_VISAR.pdf,481.6376953125
16e63de7,2,3,c0762e62-6b7f-4fb2-9f31-d872a33883680.4. S4-1 CFO_VISAR.pdf,481.6376953125
16e63de7,3,3,955ac239-8029-466e-924e-fb9be678edfa0.4. S4-1 CFO_VISAR.pdf,481.6376953125
a0394f7a,1,2,2632dd8b-2c02-48a6-9c26-b4e36e9ea4913. LRE308 Anexo IRVE_fdo.pdf,596.869140625
a0394f7a,2,2,a4f56b5a-e885-4fb8-84cf-32b8e97de7c43. LRE308 Anexo IRVE_fdo.pdf,596.869140625
107480de,1,2,d89bd0bb-ee1f-4340-9c71-538d1e599bcbJ01. Informe justificativo-242.pdf,194.9990234375
107480de,2,2,d8dc8fc5-a661-47c5-99d2-a6093aab8700J01. Informe justificativo-242.pdf,194.9990234375
bd38d23d,1,3,d3e3beea-4d62-4502-ba17-58cb5fd35d841. Solicitud_coope_fase 2.pdf,1611.8193359375
bd38d23d,2,3,3cf36755-97b2-4c19-97c6-2486c2cdc7611. Solicitud_coope_fase 2.pdf,1611.8193359375
bd38d23d,3,3,ee8c3c69-1536-4004-93a2-f43e16adb8471. Solicitud_coope_fase 2.pdf,1611.8193359375
c5658dde,1,3,18824a78-7f2e-4d89-bb48-292dabd1f32eAU057 CM T 59 5 2C_V1.pdf,329.6318359375
c5658dde,2,3,7d6ba12d-cd41-4d43-8df1-890895d77718AU057 CM T 59 5 2C_V1.pdf,329.6318359375
c5658dde,3,3,fe1ee686-ea9d-4f95-a669-a506d81ac9f9AU057 CM T 59 5 2C_V1.pdf,329.6318359375
3afb6091,1,2,a0fc6e9c-6433-4c79-b836-967837172755J01_LPR0800-3.pdf,294.8017578125
3afb6091,2,2,55be57ca-eddc-428e-9e9d-eb2eca662c76J01_LPR0800-3.pdf,294.8017578125
fc327ecc,1,2,fe114c43-1023-4462-bc9b-0102d49e8adeAU044 MC PN  3 2D_CEE2.pdf,293.1142578125
fc327ecc,2,2,a5f24dc2-b503-4b6b-afea-ab767ead5097AU044 MC PN  3 2D_CEE2.pdf,293.1142578125
3676118e,1,2,0b204007-f733-48e6-bd8a-40573985b612justificante_registro_solicitud (3).pdf,280.1533203125
3676118e,2,2,40cd7b5c-962c-4ccc-b9cf-63e605cd0b38justificante_registro_solicitud (3).pdf,280.1533203125
891cef6c,1,2,670d0224-e3e1-4161-82eb-51c2d419bcda3. LRE010 Anexo IRVE.pdf,629.9423828125
891cef6c,2,2,79ae9f8f-0d27-4d97-b9ba-580bd6adce3e3. LRE010 Anexo IRVE.pdf,629.9423828125
04ed0b3b,1,4,b0b0a23f-2c5f-4777-a21f-bbd8a89049f55.1.  CIE.pdf,806.744140625
04ed0b3b,2,4,7b86743d-be04-4ebc-94f5-30df36d3b6171. LRE039 CIE IRVE.pdf,806.744140625
04ed0b3b,3,4,a704d305-3465-42f5-9cf4-925fe24852bd1. LRE039 CIE IRVE.pdf,806.744140625
04ed0b3b,4,4,d24e1f30-19a0-4a76-91fe-57e06a0a348d1. LRE039 CIE IRVE.pdf,806.744140625
e083f56a,1,2,02b7a6f4-05f4-462a-93b1-956cda5659115. LRE259 Solicitud IRVE_fdo.pdf,277.830078125
e083f56a,2,2,c86d84d4-d508-4f7d-a313-5ebea86f21175. LRE259 Solicitud IRVE_fdo.pdf,277.830078125
288a3dae,1,2,4b288637-0ef0-4862-8bc6-f5db076f56895. LRE073 Solicitud IRVE.pdf,1025.7568359375
288a3dae,2,2,342c67b4-b7c9-4074-81f2-2f6f172dbeeb5. LRE073 Solicitud IRVE.pdf,1025.7568359375
b44cce86,1,3,7735c13c-b1d9-4309-82f3-0f6e7a10dc953. Anexo IRVE. FD3pdf.pdf,684.05078125
b44cce86,2,3,7ba6b2c1-3e6d-4b2a-ba33-8c8ee487f1063. Anexo IRVE. FD3pdf.pdf,684.05078125
b44cce86,3,3,e4c68cfe-faa8-44ea-bd03-79b11d993cd13. Anexo IRVE. FD3pdf.pdf,684.05078125
322404fe,1,2,d5235f37-0f9b-4088-ba9d-32d5d39a896cjustificante_registro_solicitud (2).pdf,278.169921875
322404fe,2,2,40f9fc91-f2eb-47d0-b69c-810f916f78b0justificante_registro_solicitud (2).pdf,278.169921875
549547ab,1,2,b6a4c03a-7188-4779-93c6-2b7185fcd41f4. LRE370 CIE.pdf,804.888671875
549547ab,2,2,4a9a29fe-1a2b-43fc-9799-8c4434b2c38a4. LRE370 CIE.pdf,804.888671875
4c87d80d,1,2,63c1e284-5a23-47a5-98b0-2e2beb9df338K4A_CEE_V2_fd.pdf,316.8388671875
4c87d80d,2,2,1e341423-ba64-4ec3-91fb-4c6b5de66b40K4A_CEE_V2_fd.pdf,316.8388671875
428a28b0,1,2,7a09664b-8be6-4c4f-8625-b47fe8e8f5135. LR235 Solicitud IRVE_fdo.pdf,280.296875
428a28b0,2,2,3f44d647-3f76-4c88-883a-b970844567325. LR235 Solicitud IRVE_fdo.pdf,280.296875
dbe3872f,1,2,181c4017-2c45-4de8-8b0d-3b2771d5df131. C353 CIE fd 1.pdf,267.46875
dbe3872f,2,2,015390a5-eb4c-42e2-bb25-121cb98ab8fa1. C353 CIE fd 1.pdf,267.46875
fb1931ca,1,2,2a68378a-35bd-4dc9-ba66-2c3d71fb9777J01. Informe justificativo-162.pdf,194.9638671875
fb1931ca,2,2,799aaf6b-0319-4b04-a4e6-d91021d00252J01. Informe justificativo-162.pdf,194.9638671875
479dc576,1,2,e3bb2e1b-64ea-4190-ab3e-1c54f052691bLRE080 just_registro_11-12-24.pdf,1045.0400390625
479dc576,2,2,cf3c86aa-8009-4a12-8c49-39a12b3b8659LRE080 just_registro_11-12-24.pdf,1045.0400390625
c41e6a60,1,2,6dd1d6e7-1b69-43ad-85b1-6c42e4cb415d3. Anexo IRVE.pdf,554.1669921875
c41e6a60,2,2,b7a8347a-a975-4572-8a42-615160c647543. Anexo IRVE.pdf,554.1669921875
bfd03ebe,1,2,46b4c346-603d-49b0-95ca-6613b1063ce1J01. Informe justificativo-250.pdf,194.966796875
bfd03ebe,2,2,ae4f7b24-b22e-41e2-99f5-0c20aa907b46J01. Informe justificativo-250.pdf,194.966796875
2b1c8543,1,2,a69dda45-3682-43f9-ba30-edb5b7dd827d3. Solicitud inscripcion.pdf,265.7822265625
2b1c8543,2,2,dd8ef768-4188-4c17-a46d-371e37687df73. Solicitud inscripcion.pdf,265.7822265625
0cebd57b,1,3,0ae581ed-8765-406f-b6ef-f9ee6610dc371. Solicitud_coope_fase 2.pdf,1613.01171875
0cebd57b,2,3,667199e6-4cc6-4b9e-9a14-3011c627888c1. Solicitud_coope_fase 2.pdf,1613.01171875
0cebd57b,3,3,a25f995b-bc05-4bf5-9e09-8bae7a3e0f1c1. Solicitud_coope_fase 2.pdf,1613.01171875
80f455a4,1,2,b7c0b7b9-362c-4a2c-9562-f0831f30afb83. LRE019 Anexo IRVE.pdf,1254.6220703125
80f455a4,2,2,d53306e6-af5f-4803-8c70-1d8462dc45023. LRE019 Anexo IRVE.pdf,1254.6220703125
a3443a30,1,5,b3b8d787-49fb-46df-8f3b-eff2e727266a4. CIE AU085-6 fd.pdf,313.822265625
a3443a30,2,5,148eab93-b6c0-477c-83f8-2ed83ed072326.6 CIE.pdf,313.822265625
a3443a30,3,5,ef4740aa-06d9-43b6-95d0-32866cc039166.6 CIE.pdf,313.822265625
a3443a30,4,5,5833635b-3bf7-4d38-9790-658408354c636.6 CIE.pdf,313.822265625
a3443a30,5,5,7685e0bc-2f89-499a-8cee-2325816134186.6 CIE.pdf,313.822265625
10ff3184,1,2,64ac5b5b-cd88-4d31-910f-364d36521d8b5. LRE029 Solicitud IRVE.pdf,1023.21875
10ff3184,2,2,20abc68a-5bf8-4846-9694-b8b9e2318b605. LRE029 Solicitud IRVE.pdf,1023.21875
34b161c5,1,2,38a90a59-6fe5-4eb6-bcfc-5ea3aa52496bJ01_LPR-3.pdf,242.38671875
34b161c5,2,2,3f2b7cbe-3d69-453a-868f-60c189080dcbJ01_LPR-3.pdf,242.38671875
5ca4169a,1,2,b74b1ce0-0ba9-414a-845d-a70bb622a02eJ01. Informe justificativo-215.pdf,194.96484375
5ca4169a,2,2,752e02d1-f9c0-42ee-9663-2281fc2c84d2J01. Informe justificativo-215.pdf,194.96484375
30452fe3,1,2,06740ead-91e3-4c2c-8fed-8d33db760ff91.1. Tabla Reparto Catastro.pdf,175.857421875
30452fe3,2,2,7c96beb4-4da6-47db-b227-36af083f94706. Tabla fd.pdf,175.857421875
8c290e46,1,2,924b38c5-50fb-4865-86b3-7d7dfa71c32aJ01_LPR-2.pdf,189.6357421875
8c290e46,2,2,3ce09814-a131-407b-84e0-8dec47c37245J01_LPR-2.pdf,189.6357421875
d63d22e4,1,2,7812b92d-fc06-4c3f-80ce-5e40ad7dda03LRE077 just_registro_16-12-24.pdf,1044.9873046875
d63d22e4,2,2,b33f47ef-c5d7-4a45-a752-e402c38e8e36LRE077 just_registro_16-12-24.pdf,1044.9873046875
cff2002f,1,2,6282cf2b-7ea2-4a5d-9999-4b04a72ded52Delta B16 3B_CEE_V1_FD.pdf,293.232421875
cff2002f,2,2,25d65ba6-8235-4b81-b0e8-feb4901c526aDelta B16 3B_CEE_V1_FD.pdf,293.232421875
b751a863,1,3,3c972fb8-24b1-43c0-809e-0094c60104093. Anexo IRVE.pdf,600.30859375
b751a863,2,3,7dbe65fd-de53-4cf9-8c31-4a987ac9dcc33. Anexo IRVE.pdf,600.30859375
b751a863,3,3,4de62509-e25a-4579-90db-ecac35eba1f93. Anexo IRVE.pdf,600.30859375
c7af0e6e,1,2,910ad546-50ea-4ded-9851-afb3bc23f7f0J01. Informe justificativo-175.pdf,194.97265625
c7af0e6e,2,2,3cdff6f9-1dd9-4e17-b026-a5eef48d836eJ01. Informe justificativo-175.pdf,194.97265625
35b9bca2,1,2,71769abe-cb53-4002-9f93-7b259ba7c2cc1. Solicitud_coope_fase 2.pdf,1612.9990234375
35b9bca2,2,2,9c89853c-22cb-466e-8f23-241fd0077f9c1. Solicitud_coope_fase 2.pdf,1612.9990234375
71b6f5f7,1,2,df57c76b-f2f2-47b5-a395-c7975531fffaJ03 CIE.pdf,805.3720703125
71b6f5f7,2,2,10e61ad7-cae6-4888-9ca7-a97cccb9b8224. LRE400 CIE.pdf,805.3720703125
abb830ca,1,2,a4c1cb7e-9dc7-4f56-b238-4a1e599457df1. Solicitud_coope_fase 2.pdf,1612.125
abb830ca,2,2,6621efb5-6502-4d27-a840-f8e29282f8bf1. Solicitud_coope_fase 2.pdf,1612.125
fc1a9029,1,2,3b4e3ffe-bda0-4ce3-8c76-4c0a397048567.2. Tramitación con Industria_CIE.pdf,804.330078125
fc1a9029,2,2,5ab4eb94-021c-4b37-95ae-b9d074b4c6084. LRE299 CIE.pdf,804.330078125
f36d8a33,1,2,f726b3e7-b6af-4f31-aef9-18f58504f7493. Anexo IRVE.docx,329.4931640625
f36d8a33,2,2,bd0f5768-68d6-4d2f-ba6b-77f9076d51dd3. Anexo IRVE.docx,329.4931640625
c6fe97f3,1,2,be72ef4f-2e6a-4842-8f88-e7997c74ee0b4. LRE331 CIE.pdf,809.3623046875
c6fe97f3,2,2,25a04851-0f92-4f82-b738-f1004003b7494. LRE331 CIE.pdf,809.3623046875
09649f07,1,2,940309c1-3e22-46df-9e28-6f3c920489583.0 Estudio alternativas_fd.pdf,1030.9794921875
09649f07,2,2,0377546e-26d3-4eef-b46a-c6ceafb206703.0 Estudio alternativas_fd.pdf,1030.9794921875
a8a0a009,1,2,cf146c22-9ae4-4051-aa6e-48efa60d62393. IMS122 Anexo IRVE.docx,331.1259765625
a8a0a009,2,2,8c648a24-4421-4b50-a377-a4c011b5a2b43. IMS122 Anexo IRVE.docx,331.1259765625
7a255ef8,1,2,11cd16be-85bb-4f07-b2d2-a9357aaea368AU057 CM T 59 3 0A_V1.pdf,328.33984375
7a255ef8,2,2,5dbe0279-8815-41e1-a995-2affb5400e43AU057 CM T 59 3 0A_V1.pdf,328.33984375
94de1e8b,1,2,a7206a66-2b3f-4cfe-983d-1285c46f1714J01. Informe justificativo-220.pdf,194.9833984375
94de1e8b,2,2,d61d2cc3-fc23-4af1-8ea8-09a1987c9704J01. Informe justificativo-220.pdf,194.9833984375
8a15e552,1,3,6c1e8d21-8d3b-4777-8605-46a060afae15AU057 CM T 59 5 2B_V1.pdf,328.5283203125
8a15e552,2,3,a338b8bb-4e8b-4cd1-b81c-8cd33db6d2a5AU057 CM T 59 5 2B_V1.pdf,328.5283203125
8a15e552,3,3,ca374388-f599-40ef-8dad-27f983983192AU057 CM T 59 5 2B_V1.pdf,328.5283203125
1707564a,1,2,75b8288b-b113-4c37-90e1-33d189bba2501. LRE303 Solicitud inscripción VE.pdf,1032.8759765625
1707564a,2,2,7af7a118-c04f-4d4e-a89b-aa162379219a1. LRE303 Solicitud inscripción VE.pdf,1032.8759765625
c97662cd,1,2,7c42c5db-37e4-4abd-bca2-2f4594241647AU057 CM T 59 4 1A_V1.pdf,329.3232421875
c97662cd,2,2,31da6d87-5764-40e0-a2fa-21edbcf98131AU057 CM T 59 4 1A_V1.pdf,329.3232421875
e779ada6,1,2,0c74ffbb-fdd2-4206-a673-b675b2c879184. IMS333 CIE.pdf,806.3525390625
e779ada6,2,2,43a7ac4f-79ca-4bd8-98fc-347d1fa4881c4. IMS333 CIE.pdf,806.3525390625
e874b94a,1,3,6ee1e1f5-cbda-4bf4-9e55-1c61884561faAU057 CM T 59 5 0C_V1.pdf,329.416015625
e874b94a,2,3,4763598e-b4d7-4879-b3e7-165c3362e607AU057 CM T 59 5 0C_V1.pdf,329.416015625
e874b94a,3,3,fa633324-b4c6-455c-8a78-4ee0c534f011AU057 CM T 59 5 0C_V1.pdf,329.416015625
d1a6f810,1,2,201dad4d-8312-4aa5-862e-bca2751f027c3. LRE259 Anexo IRVE_fdo.pdf,604.224609375
d1a6f810,2,2,d3429e6d-7ecc-4f9b-b828-d1b257d9be603. LRE259 Anexo IRVE_fdo.pdf,604.224609375
bd3140b0,1,2,b0de8ffd-2491-4f4e-a9e1-6737a5a927cbLRE256 just_registro.pdf,277.0341796875
bd3140b0,2,2,a91e9450-3a0e-4231-b54f-b60b2e4708f1LRE256 just_registro.pdf,277.0341796875
332267a9,1,2,7e0cb58b-3d46-46b8-bf60-8fc63d2dbf37J01. Informe justificativo-211.pdf,194.99609375
332267a9,2,2,556d69e0-3e20-4500-9b57-3f3e8ccb3198J01. Informe justificativo-211.pdf,194.99609375
c87dedc1,1,2,2becc81d-05e2-4a6f-99a0-ed3c563c58cf3. LRE075 Anexo IRVE.pdf,1255.412109375
c87dedc1,2,2,b073cb77-a235-45e2-b5fc-060fa8f5487d3. LRE075 Anexo IRVE.pdf,1255.412109375
1ce3b424,1,3,32060fee-80e6-4d7b-a18b-3887719843654. IMS324 CIE.pdf,810.1748046875
1ce3b424,2,3,5c59f33e-61b6-434c-9fbb-b9b242c5822c4. IMS324 CIE.pdf,810.1748046875
1ce3b424,3,3,763e1d19-fb43-41ff-85db-4db01ce0c1864. IMS324 CIE.pdf,810.1748046875
7d493130,1,2,04e7d7d5-d113-41ab-9dd9-f89a9b498f2aJ01_LPR1000-2-fd.pdf,270.12890625
7d493130,2,2,cc843056-ee2c-4183-8e88-22e0ff50bf78J01_LPR1000-2-fd.pdf,270.12890625
74ade907,1,2,de557c7b-cb78-4f85-aa87-ee1b6d4a0a461. CIE IRVE.pdf,218.7119140625
74ade907,2,2,62b8a30e-554d-4d3f-a1c9-5fd02ad8b9ef1. CIE IRVE.pdf,218.7119140625
f85218fb,1,3,6d7ee171-ba3c-4e4a-bd4e-38cd3f27532d4. IMS318 CIE.pdf,802.1259765625
f85218fb,2,3,2238c381-e04b-4398-bdcf-1d0242f37f053. CIE.pdf,802.1259765625
f85218fb,3,3,4df8e984-3479-4f2d-9012-6bde398edadf4. IMS318 CIE.pdf,802.1259765625
617a8fcf,1,2,b9776bbe-4b39-4de3-ae9b-1ff66be8c1082. Declaración responsable fd.pdf,292.0341796875
617a8fcf,2,2,1cfcdab1-d46e-4494-8903-1aa51c6c09be2. Declaración responsable fd.pdf,292.0341796875
f812fee5,1,2,6970bbdc-dcac-45a7-8d51-046c90ac324d3. Just. Registro.pdf,277.8955078125
f812fee5,2,2,1505baa2-4deb-4fee-a1d4-0f71fc6f1ca6C346 Just. Registro.pdf,277.8955078125
c3a2e570,1,2,2e200c7d-e9c7-4066-a92e-3999d3cc9db3J01. Informe justificativo-244.pdf,195.0078125
c3a2e570,2,2,5e93f1f8-3b51-4c7e-b5d2-25bd75db2e13J01. Informe justificativo-244.pdf,195.0078125
8ff52ca3,1,2,93e69a63-45c6-4b4b-a680-c552ec5b69c14. IMS317 CIE.pdf,807.45703125
8ff52ca3,2,2,7c10a55f-ed67-4a15-89fb-363c98ad1cf64. IMS317 CIE.pdf,807.45703125
892aa703,1,2,53c1dc02-e441-458c-8566-0a3b9bc24d4a3. LRE275 Anexo IRVE_fdo.pdf,602.4638671875
892aa703,2,2,439f2097-b5eb-4653-9e3f-e2c84fffc2893. LRE275 Anexo IRVE_fdo.pdf,602.4638671875
25ca9b3a,1,2,fd271c32-b7ff-4cf4-a8f1-615c4a324fbe4. C349 CIE.pdf,808.1923828125
25ca9b3a,2,2,deb9161a-577a-453b-9af3-a20e97a683b44. C349 CIE.pdf,808.1923828125
16d112e6,1,2,1e440f8c-5cef-407f-b407-92f6355cae9cJ01. Informe justificativo-245.pdf,195.005859375
16d112e6,2,2,c49c992f-2caf-40ef-bff9-9e1903e34e58J01. Informe justificativo-245.pdf,195.005859375
979ab76e,1,2,5971a5ac-4518-431d-8657-8a93a18df601AU044 MC PN  fd2.pdf,341.8486328125
979ab76e,2,2,97e7b324-585b-47fa-8cc1-33c060d6bca8AU044 MC PN  fd2.pdf,341.8486328125
614576d4,1,2,52c458f5-9840-4d0f-88d5-67e6f5592f88LRE259 justi_registr.pdf,275.662109375
614576d4,2,2,88aac16f-6d53-410a-97eb-35d5b24c6ff7LRE259 justi_registr.pdf,275.662109375
3eb981a9,1,2,19caa616-8075-452d-a571-fb2673df9681IAPA 17 F8616 ComunicacionEmpresasOtrasCCAA @ v2.pdf,328.986328125
3eb981a9,2,2,695041ef-e71b-49bd-8545-cce0d10f3997IAPA 17 F8616 ComunicacionEmpresasOtrasCCAA @ v2.pdf,328.986328125
96648792,1,3,aabd781e-9465-435c-a787-123d5e5f87391. Solicitud_coope_fase 2.pdf,1611.8115234375
96648792,2,3,b4766946-2d6b-4779-85a7-a4f6fe94a6cb1. Solicitud_coope_fase 2.pdf,1611.8115234375
96648792,3,3,5d7cd683-fad0-4741-b229-b24171d809a61. Solicitud_coope_fase 2.pdf,1611.8115234375
72087f35,1,2,520c452c-5596-4a82-ada9-6a2709139a355. LRE004 Solicitud IRVE.pdf,1025.1904296875
72087f35,2,2,d439ae27-9d81-4624-9629-8c16c61f713a5. LRE004 Solicitud IRVE.pdf,1025.1904296875
4b812f3d,1,2,a2e25641-743a-490b-937e-c6b4e40f271b3. LRE346 Anexo IRVE FD 3.pdf,693.4384765625
4b812f3d,2,2,2e91463c-96b6-4048-91ac-fedcfd6021193. LRE346 Anexo IRVE FD 3.pdf,693.4384765625
877dec77,1,2,fb4aedf1-ca7d-418c-8d44-b5a927f19a3f1. LRE353 CIE.pdf,222.48046875
877dec77,2,2,398cb259-bdde-4a36-9429-4ce0d919c9631. LRE353 CIE.pdf,222.48046875
6938a31c,1,2,a71252fc-8601-42f0-a780-74b3bbc17a184. C320 CIE.pdf,804.8212890625
6938a31c,2,2,8a5cd666-3b08-4640-be9f-ab4c73959c224. C320 CIE.pdf,804.8212890625
88d381b1,1,3,760658db-16f6-477e-b335-3dfb1d6955271. Solicitud_coope_fase 2.pdf,1611.7939453125
88d381b1,2,3,f1f3564f-f4f7-4554-a84a-d3841a02ad451. Solicitud_coope_fase 2.pdf,1611.7939453125
88d381b1,3,3,7406b31b-4dc3-4a5c-b6f4-36796def93b01. Solicitud_coope_fase 2.pdf,1611.7939453125
c3c23aef,1,2,f99295ad-9f65-4754-a16b-cadcda8b5bd3AU044 MC PS 17 2A_V1.pdf FD.pdf,341.8037109375
c3c23aef,2,2,0e62ee51-ef50-4eb9-964a-b900e1ddc024AU044 MC PS 17 2A_V1.pdf FD.pdf,341.8037109375
c68f7cc1,1,2,494e6a66-2ad1-43b4-8f26-223209d5682c5. Solicitud IRVE_fdo.pdf,280.3681640625
c68f7cc1,2,2,a31abda3-6c37-4146-805d-45e698a5018c5. Solicitud IRVE_fdo.pdf,280.3681640625
eab12053,1,3,cd45ff2d-9ffa-499d-bad9-9648b62b4df75. LRE353 Solicitud inscripción IRVE_COOP FD.pdf,281.177734375
eab12053,2,3,c32e216b-83ba-4349-a136-23b6c3a7a7015. LRE353 Solicitud inscripción IRVE_COOP FD.pdf,281.177734375
eab12053,3,3,2fc1e4da-856b-4731-a96f-44f83d55abae5. LRE353 Solicitud inscripción IRVE_COOP FD.pdf,281.177734375
d8be058c,1,2,d0fb8cdf-1f37-4696-a7f3-4ab5010c252d3. LRE036 Anexo IRVE.pdf,1228.55078125
d8be058c,2,2,bb465697-fbd7-4a67-925b-6cb017e11e823. LRE036 Anexo IRVE.pdf,1228.55078125
d0c97b52,1,2,e2de5fe4-b53a-454b-9e48-575a526f28e7Delta B20 3B_CEE_V1_fd.pdf,293.541015625
d0c97b52,2,2,ea5ea269-8f0c-427e-84e8-514c0fbf63bfDelta B20 3B_CEE_V1_fd.pdf,293.541015625
87b6a1da,1,2,98eff7a7-ed06-44a0-b0b5-a076e28fd7e01. LRE346 CIE fd.pdf,323.6796875
87b6a1da,2,2,fd011653-efc3-4e24-b34b-281f65371df01. LRE346 CIE fd.pdf,323.6796875
79ddcee5,1,2,e0c87ecd-c8b4-4a11-a8dd-19645bd448903. Anexo IRVE.docx,333.53515625
79ddcee5,2,2,20bef151-15a0-4061-ae64-5c8c56e1ab6f3. Anexo IRVE.docx,333.53515625
8e293b45,1,2,92102be6-c61f-44e2-b840-1833d10dd7ed5. LRE233 Solicitud IRVE_fdo.pdf,280.337890625
8e293b45,2,2,a3d004ff-3950-44cb-bc60-1d2380c313395. LRE233 Solicitud IRVE_fdo.pdf,280.337890625
14079751,1,2,03bc1667-2b88-4f8d-b3ef-cf485d108bcf4. C267 CIE.pdf,267.91015625
14079751,2,2,9f56428b-2498-4416-a3d8-5d3b79de4eaf4. C267 CIE.pdf,267.91015625
6ee3dc50,1,2,e9a6e942-a41c-427b-afb2-719817991ebe3. Anexo ESQUEMA IRVE_COOP FD 1.pdf,663.7109375
6ee3dc50,2,2,bba8eb4e-f3b3-4873-a65e-990da546a4363. Anexo ESQUEMA IRVE_COOP FD 1.pdf,663.7109375
3285bb58,1,2,b805daa9-5b76-43fb-87ad-075c75d9ee4fLRE378_justificante_registro_solicitud.pdf,275.9716796875
3285bb58,2,2,065804db-d323-4d9f-8c7b-a87606432c59LRE378_justificante_registro_solicitud.pdf,275.9716796875
648df4bc,1,2,8a3b0405-eba4-426d-9608-b3320c302891J01. Informe justificativo-231.pdf,194.9677734375
648df4bc,2,2,e8672684-cb07-4761-86b2-fb3cf5ab9788J01. Informe justificativo-231.pdf,194.9677734375
896b2005,1,2,1e334f68-65d8-4b70-843b-f8fec2a238551. CEE 1_Certificado Energético.pdf,341.9658203125
896b2005,2,2,a9c54e28-6573-413a-8b43-b60d39b6182bAU044 MC PN  3 3D_V2.pdf,341.9658203125
82f63574,1,2,7cc8ffa7-3d76-4c6e-aa80-3fd7b9552c762. IMS2039 Declaración responsable.pdf,289.08203125
82f63574,2,2,3ecfeae0-4ecd-488e-89b9-5e72a8ab7ba02. IMS2039 Declaración responsable.pdf,289.08203125
dff57a55,1,2,44768445-4572-4752-ae15-63f984ca96fd4. LRE229 CIE.pdf,804.2861328125
dff57a55,2,2,11b55c5f-275d-4812-b77f-996f87f0559d7.2. Tramitación con Industria_CIE.pdf,804.2861328125
11bab9fd,1,2,c4b99f73-ff2d-4bef-827a-dd09cae6d0ffJ01. Informe justificativo-173.pdf,194.9736328125
11bab9fd,2,2,3a43ec8d-6d52-4c5f-8d30-852f12fda37bJ01. Informe justificativo-173.pdf,194.9736328125
e6e8345b,1,2,9b330870-a500-4ef6-82bf-df759b1b26ccJ01. Informe justificativo-151.pdf,195.009765625
e6e8345b,2,2,78068dc1-b99c-4bb3-9003-e30c334404ebJ01. Informe justificativo-151.pdf,195.009765625
7683ce31,1,2,d90c8400-f541-4893-a3d1-c6de97e35fb71. CEE 1_Certificado Energéti.pdf,341.9755859375
7683ce31,2,2,ac89fadd-19f4-4af6-9764-3e3a493952beAU044 MC PS 17 3D_V2.pdf,341.9755859375
0467c952,1,2,447bf1c2-ffcc-4664-a66f-84935a48b6c9J01. Informe justificativo-236.pdf,194.974609375
0467c952,2,2,31d52e0d-cff7-483c-a018-9e96e3a61a90J01. Informe justificativo-236.pdf,194.974609375
c13a9315,1,2,387a670e-493a-4f68-9602-010e0990363f7.2. Tramitación con Industria_CIE.pdf,804.302734375
c13a9315,2,2,f4f47de0-9121-4c50-bd8d-45bfeb6926da4. LRE242 CIE.pdf,804.302734375
a38aa339,1,2,a4c236d3-a4aa-487a-9f3f-a3c4ba55f6293. Anexo IRVE.docx,343.1669921875
a38aa339,2,2,0bc4adfc-8748-47fc-b5af-0c7151035bbc3. Anexo IRVE.docx,343.1669921875
1b219a76,1,2,49933326-34f9-4317-8b69-7898640ee347J01. Informe justificativo-168.pdf,195.01171875
1b219a76,2,2,33c3a94b-6a1b-4430-8f41-f5c18ab0c458J01. Informe justificativo-168.pdf,195.01171875
479662a6,1,2,1096a18c-333d-4f40-a70f-f3a2acb90e1fJ01_LPR-2_fd.pdf,270.396484375
479662a6,2,2,959c6323-720f-485c-93a6-6fe893199575J01_LPR-2_fd.pdf,270.396484375
0f032663,1,2,a73d42d0-ba58-411b-b066-82d9138ea31f4. CIE AU085-8 fd BTNI-421613.10 25.pdf,237.5908203125
0f032663,2,2,df6da1f8-3b54-4eb4-893c-8a9cf506809d4. CIE AU085-8 fd  BTNI-421613.10 25.pdf,237.5908203125
400672c5,1,4,c0245659-9531-4a2f-b711-e07d8d54dbfa1. Solicitud_coope_fase 2.pdf,1612.294921875
400672c5,2,4,5fc8a61e-d8e0-44b5-9e84-450a2e7f3f2f1. Solicitud_coope_fase 2.pdf,1612.294921875
400672c5,3,4,716925c6-9637-44b2-8e36-addc347a57791. Solicitud_coope_fase 2.pdf,1612.294921875
400672c5,4,4,e82cb476-9c49-490d-8ed2-50e14dac75781. Solicitud_coope_fase 2.pdf,1612.294921875
c5333873,1,2,4185a995-b155-4a41-81a0-dd209dc8603bCertificado REA 1.pdf,130.5458984375
c5333873,2,2,359c2d0e-efab-4230-a527-126006d1ffe9Certificado REA 1.pdf,130.5458984375
e71dc26c,1,2,5759f228-b60d-4ef6-bc63-b0079793c7e6justificante_registro_solicitud (24).pdf,1058.0029296875
e71dc26c,2,2,236ee874-f2d3-4d19-a52d-a633ee148c19LRE409 justif_registro_solic.pdf,1058.0029296875
5e64048a,1,2,a1ce8e08-e98e-4825-9233-84a14a7f8b2e3. LRE233 Anexo IRVE_fdo.pdf,603.9638671875
5e64048a,2,2,3da8ace7-38bd-472f-9e58-236555114ad13. LRE233 Anexo IRVE_fdo.pdf,603.9638671875
be4d4204,1,2,396336c9-9bf0-4e13-88cb-dbbc81faf657LRE019 just_registro_22-11-24.pdf,1043.73046875
be4d4204,2,2,a7cc2c6d-a625-46d9-8436-1c769b3f48eaLRE019 just_registro_22-11-24.pdf,1043.73046875
c1dab214,1,2,8a11cf2b-f355-4eec-9121-428938937361AU057 CM T 59 3 0F_V1.pdf,328.6650390625
c1dab214,2,2,6c9fc5c7-d576-42fb-9568-b7a552903476AU057 CM T 59 3 0F_V1.pdf,328.6650390625
ac52e392,1,2,99ed7ae0-3800-4a0c-8585-732d7aa21e851. CIE IRVE.pdf,216.91015625
ac52e392,2,2,3315e196-1449-464b-8cb3-5bf5be7aa9e21. CIE IRVE.pdf,216.91015625
fa43e92d,1,2,b7ecddbb-6590-427c-8431-a287835bb9965. LRE225 Solicitud_IRVE.pdf,1026.2060546875
fa43e92d,2,2,b0c45b6a-d5e3-4c6a-9653-cf75619246e15. LRE225 Solicitud_IRVE.pdf,1026.2060546875
f24c1fe5,1,3,a0fcacff-674f-4c5e-accf-e08491e06bb71. Solicitud_coope_fase 2.pdf,1612.9091796875
f24c1fe5,2,3,dafc0da2-814c-4dfc-80a2-78f0baa7643f1. Solicitud_coope_fase 2.pdf,1612.9091796875
f24c1fe5,3,3,1c57afad-7bcb-427d-acb8-114d7d722eb61. Solicitud_coope_fase 2.pdf,1612.9091796875
7012a390,1,2,67c42a45-fabd-49a7-b82e-792cf1e6ba117.2. Tramitación con Industria_CIE.pdf,803.6416015625
7012a390,2,2,ab47ee22-8776-4ef7-b2c8-a146fb0c12c74. LRE258 CIE.pdf,803.6416015625
4f8a657c,1,2,dff8dcca-05d9-4448-bcb8-4db2592932b1J01. Informe justificativo-163.pdf,195.025390625
4f8a657c,2,2,94675080-1258-47f6-b813-efad1179b65cJ01. Informe justificativo-163.pdf,195.025390625
c8acecd8,1,3,da4edcb9-adce-42fe-bcc7-4e83930c9292VENIA PROFESIONAL Hector fd fd.pdf,141.9541015625
c8acecd8,2,3,f91cfc9d-3fff-40f7-8179-8f0b315339727. Venia Hec.pdf,141.9541015625
c8acecd8,3,3,b046e1d4-0729-497d-881a-3a9058acb7c0VENIA PROFESIONAL Hector fd fd.pdf,141.9541015625
43e55822,1,2,d3e67fd6-ab31-4a8b-a125-e43c132282a6AU044 MC PS 17 1B_V1 FD.pdf FD.pdf,341.7783203125
43e55822,2,2,aa87b398-3898-4bba-8bdb-81cff945e3a6AU044 MC PS 17 1B_V1 FD.pdf FD.pdf,341.7783203125
8bc2bad7,1,2,d042a85f-5c39-420e-8549-359b25d0acb03. LRE213 Anexo IRVE.pdf,1247.0087890625
8bc2bad7,2,2,b7c23075-bd55-4c3e-836f-0530af351b793. LRE213 Anexo IRVE.pdf,1247.0087890625
1ec35236,1,2,23b16cd2-fd33-448a-9b95-64d840f3aeddJ01. Informe justificativo-150.pdf,195.0107421875
1ec35236,2,2,0dabd25e-e43a-49a5-9e44-f8cb0a24da7aJ01. Informe justificativo-150.pdf,195.0107421875
