filename,extension,size_mb,is_scanned,strategy,pii_fields
22e478c8-8649-4e1d-afd4-25607d98a5b1ALRE016 just_registro_09-12-24.pdf,.pdf,3.565640449523926,False,PyMuPDF,2
2f038919-c0fa-4bef-8773-881e11de96c3IMS333_CEE_V1.pdf,.pdf,0.26889991760253906,False,PyMuPDF,2
456cc0b8-864f-4fe3-b6ca-66057419901dDelta B6 3A_CEE_V1.pdf,.pdf,0.22461414337158203,False,PyMuPDF,2
1d7be0c4-6011-4633-be9a-86aff007397fC311 justificante_registro_solicitud_24-07-2023.pdf,.pdf,1.0111885070800781,False,PyMuPDF,2
de84a4cc-83a6-4b34-8298-45ec5c7151ae2 (8).pdf,.pdf,5.454117774963379,False,PyMuPDF,1
8f5f0982-e257-4717-9dd9-e2e12fbb37f33. Certf coste final fd.pdf,.pdf,0.1384601593017578,False,PyMuPDF,1
7d917a52-ddb7-40ce-b4e5-33ad3a2170951. LRE341 CIE fd.pdf,.pdf,0.3142967224121094,False,PyMuPDF,3
3d14d563-8fe4-481b-8cda-6e0a400f14cd3. AU085-3 Solicitud fd.pdf,.pdf,0.35434913635253906,False,PyMuPDF,2
1e2e40f8-c225-4105-8932-cdefa4fab23aC348 2o CEE fd.pdf,.pdf,0.2677278518676758,False,PyMuPDF,2
61721505-cec5-47e3-9431-74abbeac2a22J01. Informe justificativo-188.pdf,.pdf,0.190399169921875,False,PyMuPDF,1
4bdc6909-bb69-42e9-9ff1-d790f162f34dANEXO V RELLENO C287.pdf,.pdf,0.2723274230957031,False,PyMuPDF,3
67db62e0-8ce5-472e-a0ee-740dc25cebffJ01P2-4_fd.pdf,.pdf,0.2638378143310547,False,PyMuPDF,1
e29dc780-2006-4dc9-9180-3cf41c88538eJ01. Informe justificativo-204.pdf,.pdf,0.1903705596923828,False,PyMuPDF,1
bec0ac3a-a77a-40ec-be9c-78595ac540dfA5B_CEE_V2_Fd.pdf,.pdf,0.30940818786621094,False,PyMuPDF,2
419d029f-697e-47c4-9e26-2b5d394fc710ANEXO V RELLENO-2.pdf,.pdf,0.27254295349121094,False,PyMuPDF,3
00a0e9e6-54a8-45e4-af15-25383f6ee28b1. CIE IRVE_fdo.pdf,.pdf,0.2630748748779297,False,PyMuPDF,3
20f1541b-d8cb-4717-8bee-0592473dca714. CIE AU085-9 BTNI-420396.08 25.pdf,.pdf,0.23293781280517578,False,PyMuPDF,3
8ca6c917-f76f-413c-a5e6-a6d6b0adc58fIMS2022 justificante_registro_solicitud 03-05-2022.pdf,.pdf,1.016550064086914,False,PyMuPDF,2
1e149776-4a9e-4b0f-bc0a-d28cb12ca1e42. MTD Hector.docx,.docx,0.11323833465576172,False,python-docx,0
fb6e5b17-49bd-470f-8b17-c0ffac5ffc184. DR Técnico-2-4.pdf,.pdf,0.9694719314575195,False,PyMuPDF,2
4e445bcd-581b-4773-ba90-488604312b4e8.2. Solicitud Subvención.pdf,.pdf,4.354485511779785,False,PyMuPDF,5
83b58d3d-107c-4870-b9b7-84c0bb00a90eG4C_CEE_V2.pdf,.pdf,0.25548267364501953,False,PyMuPDF,2
bc1d0d50-d14d-4396-85e3-1d543417a97c1. Solicitud_coope_fase 2.pdf,.pdf,1.575200080871582,False,PyMuPDF,2
5d645a98-f5ad-45eb-b3b4-bdf041e5a52c5. C190 Solicitud_IRVE.pdf,.pdf,1.001535415649414,False,PyMuPDF,2
c8781c77-b962-4467-a814-2d0dd317be581. CIE.pdf,.pdf,0.7886533737182617,False,PyMuPDF,3
ee40d0f7-cbd1-4777-a566-97e7e9e5eff21. Solicitud_coope_fase 2.pdf,.pdf,1.5762577056884766,False,PyMuPDF,2
51bcdf16-1895-4bde-9ff3-2c8ee069f7841. LRE074 CIE IRVE fd.pdf,.pdf,0.2645864486694336,False,PyMuPDF,3
912db509-5c77-4044-8936-c4b9949b93922. MTD Hector.pdf,.pdf,0.37331104278564453,False,PyMuPDF,1
3f13a244-955f-4dd6-b0d8-647a679b08fd5. LRE077 Solicitud IRVE.pdf,.pdf,1.0000982284545898,False,PyMuPDF,2
208af58a-0d1b-4981-8d64-72a5dfd2ccd51. Solicitud_coope_fase 2.pdf,.pdf,1.574594497680664,False,PyMuPDF,2
d7a65c84-bc2e-44da-b0b5-c2ea3b065242Delta B15 1B_CEE_V2.pdf,.pdf,0.2853126525878906,False,PyMuPDF,2
2eacdb9b-ee9f-46e6-987e-8f00ba5c9c72AU057 CM T 59 0 5_V2_Fd.pdf,.pdf,0.3071622848510742,False,PyMuPDF,2
e6ce68bf-2f6a-4321-a8e6-7031e59d81d51. LRE353 CIE.pdf,.pdf,0.26791954040527344,False,PyMuPDF,2
5a46fb57-4165-4c36-8b3b-d8476f67a41e4. CIE.pdf,.pdf,0.78399658203125,False,PyMuPDF,3
db5ab8f0-7598-4a3d-9723-5c2588226d894. C334 CIE.pdf,.pdf,0.790471076965332,False,PyMuPDF,3
c44b0699-a928-427f-b9c1-166123b602fa8.2. Solicitud Subvención.pdf,.pdf,4.55207633972168,False,PyMuPDF,5
79b38473-5136-4dc0-8061-5e554d6580df1. LRE353 CIE fd.pdf,.pdf,0.2647571563720703,False,PyMuPDF,3
a5f7877b-b745-4563-86ca-f373e343ef656. ALRE009 MOD IT315.pdf,.pdf,0.8260040283203125,False,PyMuPDF,2
372ad000-018f-4e97-bb0d-8721d2c06c1d1. Solicitud_coope_fase 2.pdf,.pdf,1.575423240661621,False,PyMuPDF,2
76a005c9-e9fd-4780-b0a7-7486e3ee5a7djustificante_registro_solicitud.pdf,.pdf,0.27344512939453125,False,PyMuPDF,2
2e9910df-faaa-4f2a-876c-4da9d64909203. Solicitud COOP.pdf FD.pdf,.pdf,0.2756490707397461,False,PyMuPDF,2
d75cd495-5abc-464a-8b28-fd17f78f72b0justificante_registro_solicitud (3).pdf,.pdf,0.27260780334472656,False,PyMuPDF,2
6905751c-4972-4dfa-bf17-27df8db6848cDelta B18 2A_CEE_V2.pdf,.pdf,0.2199687957763672,False,PyMuPDF,2
48abee15-31ed-4652-9ac8-d04075ec1c702. mtd.pdf,.pdf,3.9639406204223633,False,PyMuPDF,1
7ba93d67-140e-42e5-ae8d-036f80a78de6J01. Informe justificativo-198.pdf,.pdf,0.1903982162475586,False,PyMuPDF,1
c460e276-d31a-4b9d-bfca-6fc15606a9dd4. CIE. Error CUPS.pdf,.pdf,0.7819290161132812,False,PyMuPDF,3
ba936905-c816-4771-92e0-8eec54ffb900Delta B1 2A_CEE_V2.pdf,.pdf,0.22668933868408203,False,PyMuPDF,2
0b9beedf-1db8-472f-acd9-2e91b8635741A3B_CEE_V2.pdf,.pdf,0.2552366256713867,False,PyMuPDF,2
ea75a370-4a47-49b6-9937-6201cd0047b51. CFO.pdf,.pdf,0.03334999084472656,False,PyMuPDF,1
4c26ed74-4c44-4de4-9a0a-3f3250ced83e4.2. Memoria Técnica.pdf,.pdf,9.33389949798584,False,PyMuPDF,1
cafc2ba7-5d99-42d0-9386-79e9d08f6663F4A_CEE_V2.pdf,.pdf,0.2559680938720703,False,PyMuPDF,2
64da02c5-448d-48ab-9af6-05b9bacab73ejustificante_registro_solicitud (3).pdf,.pdf,0.27260780334472656,False,PyMuPDF,0
0ebbbb83-4a3c-498e-8ee5-7454060e04abJ01. Informe justificativo-209.pdf,.pdf,0.19038677215576172,False,PyMuPDF,0
bde99277-e934-424b-b815-a6f5f89c031fDelta B15 1B_CEE_V1_Fd.pdf,.pdf,0.33301353454589844,False,PyMuPDF,0
e303bb4d-d1f5-40a0-9049-ef10c6edcf56LPR0105_praast_modelo_informe_justificativo_R.pdf,.pdf,1.8510541915893555,False,PyMuPDF,0
618cee93-0f35-4dd1-81a4-2675465f28531. Solicitud_coope_fase 2.pdf,.pdf,1.5748615264892578,False,PyMuPDF,0
1335932d-7b20-48ef-9c7e-a7b123cfefca1. Solicitud_coope_fase 2.pdf,.pdf,1.5749406814575195,False,PyMuPDF,0
5d3adf4b-1cef-4189-9f33-cbd62fbae8ba3. C316 Solicitud inscripción_fdo.pdf,.pdf,0.2685270309448242,False,PyMuPDF,0
6a1efedc-54ea-46b5-aacb-5bf58cf7bfbfJ01_LPR0704_fd.pdf,.pdf,0.2648811340332031,False,PyMuPDF,0
a1a9afc6-fd9e-4a84-86b6-530f528807583. LRE041 Anexo IRVE.pdf,.pdf,1.221048355102539,False,PyMuPDF,0
c27b20bf-ad88-4495-b13e-a8269dbf7ff63. LRE400 Solicitud.pdf,.pdf,1.0000896453857422,False,PyMuPDF,0
9996d8d2-be4c-4600-8a15-8835e159188c1. CIE IRVE_fdo.pdf,.pdf,0.26108360290527344,False,PyMuPDF,0
a2bfa7dc-2f17-4208-84d0-87ca40ecb1d0J2B_CEE_V2_fd.pdf,.pdf,0.3091249465942383,False,PyMuPDF,0
2dc902c3-a08f-4568-8051-27693b91ddf9J01_LPR0500-5.pdf,.pdf,0.18541622161865234,False,PyMuPDF,0
6de4b603-961d-4e41-a09a-e7a4667d94ef5. LRE387 Solicitud IRVE.pdf,.pdf,0.9987058639526367,False,PyMuPDF,0
5ed9f636-b05a-492f-8771-1c19382c2b01B3A_CEE_V1_fd.pdf,.pdf,0.30898094177246094,False,PyMuPDF,0
d3e00c1d-a5f8-44be-bfce-7efbbc3f67726. Tabla fd.pdf,.pdf,0.1756000518798828,False,PyMuPDF,0
1f844632-213f-4012-a3a7-3f3d97f385a61. Solicitud_coope_fase 2.pdf,.pdf,1.5745277404785156,False,PyMuPDF,0
513c91ef-76e7-4bd7-8cbc-cb0290f840481. Solicitud_coope_fase 2.pdf,.pdf,1.5740289688110352,False,PyMuPDF,0
c8dc3081-3065-4a1e-85bd-de0db0907f531. Solicitud_coope_fase 2.pdf,.pdf,1.57489013671875,False,PyMuPDF,0
63f7c76b-da7b-41e7-8539-c0d71d1dd5bd1. LRE004 CIE IRVE.pdf,.pdf,0.7848749160766602,False,PyMuPDF,0
090b77eb-55eb-42c2-bc2f-e3ec4ed442562. AU085-1 DR_firmado 2.pdf,.pdf,0.32550525665283203,False,PyMuPDF,0
6eef2a76-8b63-4892-b020-2bf2442eb3ec4. DR Tecnico Hector.docx,.docx,0.02698230743408203,False,python-docx,0
73ac8878-37d3-4e4d-9baa-e83b2f300d27A3A_CEE_V1.pdf,.pdf,0.25525379180908203,False,PyMuPDF,0
92b28f1a-87e9-4b60-bf36-f567d13cbdd23. LRE409 Solicitud COOP_fdo.pdf,.pdf,1.0117254257202148,False,PyMuPDF,0
2332f5bc-c393-493a-aa0e-0832d823dd804. DR Técnico-2-4.pdf,.pdf,0.9737100601196289,False,PyMuPDF,0
36ec9b54-4322-4037-8eea-00388a0c6e1cLRE029 jus_registro_22-11-24.pdf,.pdf,1.019632339477539,False,PyMuPDF,0
6e292647-d2e6-4af4-8a98-c290a3fc6817J01P2-3_fd.pdf,.pdf,0.26378822326660156,False,PyMuPDF,0
38acb9d2-eee4-4cba-9c81-466e033bac224. DR Técnico-2-4.pdf,.pdf,0.9694719314575195,False,PyMuPDF,0
6c766cd2-92ea-4ee2-ab96-64c6fe4af2832. Anexo datos - Autoconsumo.pdf,.pdf,0.2474842071533203,False,PyMuPDF,0
c1f698b8-4c45-4b3d-bb55-15486b4f61bc4. DR Tecnico.pdf,.pdf,1.470510482788086,False,PyMuPDF,0
081a71f2-648e-490c-b5d7-3756a221d454J01. Informe justificativo-247.pdf,.pdf,0.19039440155029297,False,PyMuPDF,0
3e5cc2e5-e3f3-47e1-be5f-449b0df3efa3IMS319_CEE 2º fd.pdf,.pdf,0.2837028503417969,False,PyMuPDF,0
cc106971-5a55-4d94-a5c8-5732b39143ff1. J01 Informe justificativo_LPR08.docx,.docx,0.12175941467285156,False,python-docx,0
39098087-01b6-477f-b387-53b401dc59013. Anexo IRVE.pdf,.pdf,0.5090198516845703,False,PyMuPDF,0
30d4ef04-6850-4112-853d-1d1a9d96235bJ01_LPR-1.pdf,.pdf,0.18524551391601562,False,PyMuPDF,0
96c2115d-c5ee-4fa4-8647-fb2303ac614eDelta B6 2A_CEE_V1_fd.pdf,.pdf,0.28454113006591797,False,PyMuPDF,0
30b96847-e8b3-4b7e-b4af-e52f65c10975AU044 MC PN  3 2A_V1 fd.pdf,.pdf,0.33376502990722656,False,PyMuPDF,0
a794d9b3-b459-4a55-98c0-ce5f80c415b9F3A_CEE_V1_fd.pdf,.pdf,0.30892086029052734,False,PyMuPDF,0
4ea82fc4-dc4c-4d55-b5fb-702a76b7be70Delta B18 1A_CEE_V1.pdf,.pdf,0.224090576171875,False,PyMuPDF,0
443b2a4f-6345-4248-8e8d-274bc01442725.1.  CIE.pdf,.pdf,0.7863063812255859,False,PyMuPDF,0
06bf9c95-54ed-413e-86d6-b9e0bba5b0edDelta B16 2A_CEE_V1_fd.pdf,.pdf,0.2856731414794922,False,PyMuPDF,0
2198b03b-1786-4b23-8c29-2c21e407b22e4. S4-2 CIE.pdf,.pdf,0.7904844284057617,False,PyMuPDF,0
5b71c05c-1644-4064-98df-fa826ecfa0e4CFO_VISAR fd4.pdf,.pdf,0.3325653076171875,False,PyMuPDF,0
9a528210-9a58-40e0-99e9-69b3b801b641AU057 CM T 59 4 0C_V1.pdf,.pdf,0.32156944274902344,False,PyMuPDF,0
f38dfe88-6302-40db-afca-b240b308436dIMS335 CEE_V1_fd.pdf,.pdf,0.31569576263427734,False,PyMuPDF,0
3b823e13-c54d-4951-89c7-ec3a330e07f41. LRE074 CIE IRVE fd.pdf,.pdf,0.2645864486694336,False,PyMuPDF,0
2a224646-4204-4c63-98e0-62d98bbaf4524. CIE AU085-8 fd.pdf,.pdf,0.3060312271118164,False,PyMuPDF,0
e81dc1cb-c333-49e4-9178-e2ca0ca772321. Solicitud_coope_fase 2.pdf,.pdf,1.5751371383666992,False,PyMuPDF,0
9463000d-882a-49eb-8335-d057be4d02aa4. CIE.pdf,.pdf,0.78369140625,False,PyMuPDF,0
2432408d-38cc-41e5-880e-1554b86fcd5dJ01. Informe justificativo-243.pdf,.pdf,0.19047260284423828,False,PyMuPDF,0
35783cb5-3b6c-44fa-88f0-b039e5e3e8df6. Tabla fd2.pdf,.pdf,0.19710731506347656,False,PyMuPDF,0
5a2b221f-d7a6-4155-9b9f-91255563cab31. LRE221 CIE.xlsx,.xlsx,0.042873382568359375,False,openpyxl,0
51fdeecb-e7f0-4946-83b3-6c4605798acfSalarios.pdf,.pdf,0.041069984436035156,False,PyMuPDF,0
64563d87-a67c-41ac-a7f6-50a0076e9d04PDFsam_merge(1).pdf,.pdf,7.60953426361084,False,PyMuPDF,0
51fc735c-4cc4-4658-9f76-11e25080efbeilovepdf_merged (11).pdf,.pdf,0.8904943466186523,False,PyMuPDF,0
e9ae406a-fa7f-4d93-9ce9-cba847eb285a5.1.  CIE.pdf,.pdf,0.3154411315917969,False,PyMuPDF,0
8c999044-59fc-4498-9f92-e7c61b27aaba3. LRE039 Anexo IRVE.pdf,.pdf,1.2243947982788086,False,PyMuPDF,0
89c5a5b7-beac-4e10-834d-c0b785633ee3Carta compromiso Ecooo fd.pdf,.pdf,0.23214054107666016,False,PyMuPDF,0
a0518f08-d582-4603-a442-7752499347e01. Solicitud_coope_fase 2.pdf,.pdf,1.5740327835083008,False,PyMuPDF,0
aa599849-dd35-4723-bfe8-090199b9445f3. C295 Solicitud inscripción.pdf,.pdf,0.9999561309814453,False,PyMuPDF,0
8b6152cd-369e-4c9d-9896-c02b1339617fDelta B17 3A_CEE_V1_fd.pdf,.pdf,0.28145503997802734,False,PyMuPDF,0
a55ae90b-6129-48a2-b1aa-1625d639d39f7.2. Tramitación con Industria_CIE.pdf,.pdf,0.7904996871948242,False,PyMuPDF,0
b7c6ff9b-f0f4-4838-adc1-f6bd284bbb02IMS310 CEE 2º.pdf,.pdf,0.2736349105834961,False,PyMuPDF,0
d7a52b23-434c-49df-9b86-892b13d563024. LRE414 CIE ECOOO SF.pdf,.pdf,0.24361801147460938,False,PyMuPDF,0
ce3da227-190e-4b81-889d-f6b4eb97757a4. DR Técnico.pdf,.pdf,1.0365467071533203,False,PyMuPDF,0
2d94ee92-4dd2-46f5-8be6-59c2713e95b37.2. Tramitación con Industria_CIE.pdf,.pdf,0.7858285903930664,False,PyMuPDF,0
3562d17b-7df9-4228-a708-6dd983ce67e8AU044 MC PN  3 1C_V1.pdf,.pdf,0.2862997055053711,False,PyMuPDF,0
c2d4fbbb-2e49-4bf0-8907-82228b9a8441AU057 CM T 59 6 1E_V2_fd.pdf,.pdf,0.36145687103271484,False,PyMuPDF,0
bb8561e4-56e5-4599-a90d-99e4da4f517bLRE012 just_registro_13-11-24.pdf,.pdf,1.0240001678466797,False,PyMuPDF,0
fbaa3374-93a1-40cb-92f0-b928ff2b88f91. Solicitud_coope_fase 2.pdf,.pdf,1.5746307373046875,False,PyMuPDF,0
307c8371-56f4-46cc-8523-2c36c7c9cd5e1.LRE073 Solicitud_coope_fase 2.pdf,.pdf,1.7078886032104492,False,PyMuPDF,0
af95cf26-c7a8-488f-83b8-4da9c092b73ajustificante_registro_solicitud (19).pdf,.pdf,0.2695484161376953,False,PyMuPDF,0
76536a5d-f6d0-4571-b295-3dadfcf21de73. LRE295 Solicitud inscripción.pdf,.pdf,0.9918546676635742,False,PyMuPDF,0
3d01d95b-7422-4249-a2e7-509bbe905bd3J01. Informe justificativo-238.pdf,.pdf,0.19038963317871094,False,PyMuPDF,0
cda1e4d9-8050-44ca-9b2e-b6957c1b76cbDelta B3 2A_CEE_V1_fd.pdf,.pdf,0.2831077575683594,False,PyMuPDF,0
22c0b499-6ef7-40c1-9c69-6f3c3ddca6a6LPR0501_praast_modelo_informe_justificativo_R (4).pdf,.pdf,1.8932380676269531,False,PyMuPDF,0
a72f77e8-be91-41c8-94f2-aaa441f3c3cfJ01. Informe lre396 fdo2.pdf,.pdf,1.9450435638427734,False,PyMuPDF,0
5ed5b2b8-625f-4f5c-8b75-e909b42682ffC3A_CEE_V2.pdf,.pdf,0.2554292678833008,False,PyMuPDF,0
1f765f3d-4101-4596-aee3-4d5481692c081. Solicitud_coope_fase 2.pdf,.pdf,1.5748538970947266,False,PyMuPDF,0
c7cd8950-49bc-4dc1-9a2b-70e73862f6adJ01. Informe justificativo-202.pdf,.pdf,0.19044208526611328,False,PyMuPDF,0
88ccfd11-cbd0-401f-b0fc-68559b359aaf4. IMS345 CIE.pdf,.pdf,0.7875127792358398,False,PyMuPDF,0
1775ab7a-ba5f-40eb-ab43-895623ea2a0eLIBRO SUBCONTRATACION LA PABLO 1-TRAMITADO.pdf,.pdf,0.07026481628417969,False,PyMuPDF,0
3a8c907a-592a-4ce9-b500-86da154baa502. AU085-6 DR_firmado.pdf,.pdf,0.2708415985107422,False,PyMuPDF,0
ebce0c41-3070-4705-867f-2370a79ac7d25. LRE055 Solicitud IRVE.pdf,.pdf,1.0020923614501953,False,PyMuPDF,0
8c38a784-ff09-40c0-9910-fca9332cbc30J01. Informe justificativo-197.pdf,.pdf,0.19045543670654297,False,PyMuPDF,0
89c41275-6ae0-4836-9f24-bdb3b6e7b2c6H3A_CEE_V1_FD.pdf,.pdf,0.3089008331298828,False,PyMuPDF,0
a00896ad-177d-46c1-9cb5-be38d0044b59J01P2-1.pdf,.pdf,0.1849212646484375,False,PyMuPDF,0
781de369-d534-45e0-8d7a-493f4f9affa0LRE041 just_registro_16-12-24.pdf,.pdf,1.0217342376708984,False,PyMuPDF,0
b8fc6b6b-8feb-4fa6-82c2-74fb85bc14aa4. CIE 3kW JA-IMS.pdf,.pdf,0.21350383758544922,False,PyMuPDF,0
89424c6e-4e3c-4c5d-9d1c-9f726b58e0f42. Solicitud_CIE_MTD_Anexo.pdf,.pdf,1.3542871475219727,False,PyMuPDF,0
d949f633-9895-48af-b751-37d278e106d64. C217 CIE.pdf,.pdf,0.7888803482055664,False,PyMuPDF,0
673eb694-65cd-4e92-b2c8-298779a54cdbIMS302 Just registro_01-03-202.pdf,.pdf,1.0223026275634766,False,PyMuPDF,0
cbfe3e87-936c-4a8e-aec4-c49b41ba4459J01_LPR1000-4-fd.pdf,.pdf,0.26383399963378906,False,PyMuPDF,0
0e4ce78b-fb4c-4c23-86c9-69ae37e0590cIMS317_1erCEE_V1_fd.pdf,.pdf,0.2887248992919922,False,PyMuPDF,0
d9024afe-155b-4a81-83b6-4c0c4b6f9766E4B_CEE_V2_fd.pdf,.pdf,0.30969715118408203,False,PyMuPDF,0
d1e33a57-f903-49b0-b4d9-0f17c286f76cDelta B6 1B_CEE_V2.pdf,.pdf,0.2244739532470703,False,PyMuPDF,0
7478e733-9df9-4a00-8f1b-0f5b0d1dd5b9J01_LPR-5_fd.pdf,.pdf,0.2641286849975586,False,PyMuPDF,0
df35f14a-e31c-4ca8-9f31-32ebca9fde1b4. S3 CIE.pdf,.pdf,0.787358283996582,False,PyMuPDF,0
f3e26465-71dd-4f4e-8de5-9df8283004c25. LRE386 Solicitud IRVE.pdf,.pdf,1.0017871856689453,False,PyMuPDF,0
9d5082a9-c923-49b0-b454-5a4e55fe13232.  S3 DR_sinfirma.pdf,.pdf,0.47517871856689453,False,PyMuPDF,0
ae01f43b-8b3a-4b10-b391-4e8277cf70673. Anexo IRVE.docx,.docx,0.3217144012451172,False,python-docx,0
b3b9bba4-0657-44be-a66d-0d584265a3032. DR ECOOO C361_fda Javier.pdf FD.pdf,.pdf,0.1342630386352539,False,PyMuPDF,0
2ec07714-b039-408f-9e4c-c8298f41e5f01.  LRE012 CIE IRVE.pdf,.pdf,0.8403215408325195,False,PyMuPDF,0
3d299775-eff1-4505-8b3c-f5ecdc2e3f76J01_LPR0700-7-fd.pdf,.pdf,0.31534671783447266,False,PyMuPDF,0
75b0be44-7dd3-4099-becc-057787de726cDelta B16 3B_CEE_ - copia.pdf,.pdf,0.2866554260253906,False,PyMuPDF,0
15041b2b-eb58-46a7-be6c-21773f6ccfccIMS301_CEE 2º fd.pdf,.pdf,0.2927255630493164,False,PyMuPDF,0
5d7e2757-a997-4859-bdc0-d521063c1df01. Solicitud_coope_fase 2.pdf,.pdf,1.574859619140625,False,PyMuPDF,0
392848cc-0c5b-40c7-a83f-1835b5e7be5a2. MTD.pdf,.pdf,2.8743534088134766,False,PyMuPDF,0
497c54ef-a241-4553-8e1a-2133f304ca78Just registro_22-12-2023.pdf,.pdf,1.019516944885254,False,PyMuPDF,0
cb7579ad-e559-486d-9eeb-70c31589643d4. CIE AU085-7 FD (1) BTNI-420352.06 25.pdf,.pdf,0.23221683502197266,False,PyMuPDF,0
69d4e830-6210-4e93-92e9-3adcca3dd7a94. CIE fd.pdf,.pdf,0.29898929595947266,False,PyMuPDF,0
1c9b592c-5d59-4532-8e00-9f133402071d3. LRE275 Anexo IRVE_sin fir.pdf,.pdf,0.5137405395507812,False,PyMuPDF,0
dde00a44-06da-434a-ace3-c731870cd7f4J01. Informe justificativo-224.pdf,.pdf,0.19043827056884766,False,PyMuPDF,0
9587e932-e6d1-412a-87c4-4b1b56f029b53. S4-1 Solicitud.pdf,.pdf,1.0082883834838867,False,PyMuPDF,0
f3913ba9-7113-490e-9267-049326c5699a2. S3 DR.pdf,.pdf,0.6454572677612305,False,PyMuPDF,0
7b6ccd5a-0597-4103-881b-3d1800fcdffbC325 CEE.pdf,.pdf,0.3008556365966797,False,PyMuPDF,0
b425ac7c-9a84-4dc3-b87f-fdcd03bd8bd4J01P2-3.pdf,.pdf,0.1849355697631836,False,PyMuPDF,0
efa45d08-ba73-4444-bdf4-176fb49b93751. LRE235 CIE IRVE2 fd.pdf,.pdf,0.2626333236694336,False,PyMuPDF,0
6149b357-e755-486a-84a5-cf3952d2bbbf1. LRE225 CIE_IRVE.pdf,.pdf,0.7874116897583008,False,PyMuPDF,0
0b36cd2f-f03f-45a8-942b-c1db8b13ab99A1B_CEE_V3.pdf,.pdf,0.2557363510131836,False,PyMuPDF,0
1156840d-e363-4f25-a848-d9d5e3a7e16dAU044 MC PS 17 3B_V1.pdf,.pdf,0.2864542007446289,False,PyMuPDF,0
e491a933-812f-4941-90b4-5007a161935f0.4 AU074 CFO VISADO.pdf,.pdf,0.37449169158935547,False,PyMuPDF,0
406a9ef5-40f6-4005-86c8-1ac16aa698a05.1.  CIE.pdf,.pdf,0.7109766006469727,False,PyMuPDF,0
6ace1cab-8780-45a8-b36a-78e41d9b7a665.1.  CIE.pdf,.pdf,0.7867765426635742,False,PyMuPDF,0
f5586aae-b936-4c98-a978-305d6f7d8807LIBRO SUBCONTRATACION LA PABLO 10-TRAMITADO.pdf,.pdf,0.07041740417480469,False,PyMuPDF,0
431f9a6e-bb35-4c00-992c-4946208529bdDelta B7 1B_CEE_V2.pdf,.pdf,0.22409534454345703,False,PyMuPDF,0
f88f6804-3421-4b1c-9a13-1ec356e30eea3. Anexo ESQUEMA IRVE_COOP.docx,.docx,0.2249011993408203,False,python-docx,0
03c1ebda-a236-45cc-8eeb-9a11682b08c8J01. Informe justificativo-246.pdf,.pdf,0.19042396545410156,False,PyMuPDF,0
7db6cb6a-805d-4acf-9c82-10d3e17028513ANEXO~1.DOC.pdf,.pdf,0.4070310592651367,False,PyMuPDF,0
e25ca71b-bdab-4af9-9863-b3ac54d93669J01_LPRP4-3_fd.pdf,.pdf,0.3152456283569336,False,PyMuPDF,0
8b0217a6-9343-41ab-a6dc-d86965b09a1eLRE403 Just registro_25-03-2024.pdf,.pdf,1.021871566772461,False,PyMuPDF,0
15fed9b9-b357-45f2-83b6-236b85ea08b42. MTD.pdf,.pdf,5.619994163513184,False,PyMuPDF,0
3f756f11-3447-428b-96dc-c640365cd0cc1.2 Acuerdos IBI.pdf,.pdf,0.19710731506347656,False,PyMuPDF,0
95ef2c44-8b0c-4a6e-a810-5a0e775186511. LRE076 Solicitud_coope_fase 2.pdf,.pdf,1.7267999649047852,False,PyMuPDF,0
69fe8d8b-6d84-4e6e-9144-ac525cb86d5fAU057 CM T 59 0 5_V1.pdf,.pdf,0.2522916793823242,False,PyMuPDF,0
81d63ebb-ed35-4c19-b7c1-03578076ce3aAU044 MC PN  3 3D_V1.pdf,.pdf,0.2863903045654297,False,PyMuPDF,0
f9c97677-d22d-4237-b930-86601a0c66863. LRE212 Anexo ESQUEMA IRVE.pdf,.pdf,1.205214500427246,False,PyMuPDF,0
353bb983-f057-4242-a290-b7b9195b7590J01. Informe justificativo-205.pdf,.pdf,0.19039440155029297,False,PyMuPDF,0
856a6388-8385-4648-9e93-450efb90047e5.1 Just registro.pdf,.pdf,0.2695484161376953,False,PyMuPDF,0
51a6f083-e278-483a-8c3f-eca1cb0e4216AU044 17 3C_CEE2 FD.pdf,.pdf,0.3342885971069336,False,PyMuPDF,0
753b1b0c-9ccb-4204-ba93-86eef4fecd45AU044 MC PS 17 3C_V2.pdf,.pdf,0.33385562896728516,False,PyMuPDF,0
a3894186-5429-4944-8cc0-0ceb00f0e3182. Declaración responsable.pdf,.pdf,0.28952980041503906,False,PyMuPDF,0
d3d94c5b-cb91-4d73-8f28-b8fda8ead4bf8.2. Solicitud Subvención.pdf,.pdf,6.8223066329956055,False,PyMuPDF,0
8188620e-401e-4d28-b672-77376204848d5. LRE012 Solicitud IRVE.pdf,.pdf,1.003615379333496,False,PyMuPDF,0
3f6deddd-07a2-4e51-8a05-3b1f77d2cf58J01_LPR-5_fd.pdf,.pdf,0.2641286849975586,False,PyMuPDF,0
b3d9530c-9159-42f4-881a-62e77fdb3d6eJ01. Informe justificativo-167.pdf,.pdf,0.1904897689819336,False,PyMuPDF,0
dfdc1524-878a-4478-95ca-f500b16d9565Delta B15 1B_CEE_V2.pdf,.pdf,0.28563594818115234,False,PyMuPDF,0
81fc93ec-54dc-4c7b-9895-8987db013377Delta B1 1B_CEE_V1.pdf,.pdf,0.22676849365234375,False,PyMuPDF,0
6aa566ca-1373-4e6a-ada4-172ab3b77af72. MTD.pdf,.pdf,6.448419570922852,False,PyMuPDF,0
164edb16-e1cc-4dbb-bffd-95fe89a793ffB2A_CEE_V1.pdf,.pdf,0.2552490234375,False,PyMuPDF,0
65a7318b-e1d6-43e6-986c-caeddb2c7ea74. LRE307 CIE.pdf,.pdf,0.7904996871948242,False,PyMuPDF,0
a6b161a2-15ad-4d42-94df-8dd316f4f044MEMORIA DES PR fd2.pdf,.pdf,0.6563138961791992,False,PyMuPDF,0
fec62d8a-f08b-4cdf-aa1f-5e9e74f9c3781. C190 CIE_IRVE.pdf,.pdf,0.7865753173828125,False,PyMuPDF,0
10c3897c-4e7b-4307-a79c-0682c11dd7184. DR Téc.pdf,.pdf,1.0550622940063477,False,PyMuPDF,0
4b7da93c-5766-4898-93ec-3bbfa7948e873. LRE055 Anexo IRVE.pdf,.pdf,1.2267751693725586,False,PyMuPDF,0
3478d43b-91b6-43fc-b6d3-1aabe343961eC265 Anexo V Declaración responsable sobre porcentaje de energía consumida F.pdf,.pdf,0.3360748291015625,False,PyMuPDF,0
aa654f1c-5009-4ecd-91bc-22a482a9db17IMS308_CEE_V1_fd.pdf,.pdf,0.27840137481689453,False,PyMuPDF,0
812ef1d9-e6a1-4c26-a6cc-5b52e9b55733J01_LPR0900-2.pdf,.pdf,0.1850738525390625,False,PyMuPDF,0
3e721416-37eb-4f4e-840b-884efa0988baLS AU087 MADRID RIEGO.pdf,.pdf,0.044028282165527344,False,PyMuPDF,0
f06a4a28-bfbb-4b46-8a1e-f96a6dc0df5aJ01P2-1_fd.pdf,.pdf,0.26376819610595703,False,PyMuPDF,0
c56451ca-00a4-4f46-b716-3ba3050025752. MTD Hector.pdf,.pdf,0.3728504180908203,False,PyMuPDF,0
34bf8cf4-3ca6-4437-9d95-31a8ed50b1474. MTD (inlcuye Unifilar) COOPE.pdf,.pdf,0.5208768844604492,False,PyMuPDF,0
7200132b-e505-434b-bb70-eeb97b84f565C368 CEE_V1_fd.pdf,.pdf,0.2892904281616211,False,PyMuPDF,0
6200f4b4-78f2-41b5-8cc0-856bfd7ea74aAU057 CM T 59 C1 2C_V1.pdf,.pdf,0.3220081329345703,False,PyMuPDF,0
5068c853-3486-4dd9-819a-166ee2356a3cDelta B15 1B_CEE_V2.pdf,.pdf,0.28530311584472656,False,PyMuPDF,0
076fa22d-b1b7-4e53-bd0a-9e29cf4568cbC3A_CEE_V1_fd.pdf,.pdf,0.3088874816894531,False,PyMuPDF,0
50317a5a-96b6-4135-9981-a43aaecd9b0e3. IMS331 Solicitud.pdf,.pdf,0.9930143356323242,False,PyMuPDF,0
79be862d-e9b9-43b4-bae5-ecaf17c71948LRE254 just_registro.pdf,.pdf,0.2713766098022461,False,PyMuPDF,0
3fd78a79-fe26-4fd8-b315-a30cfd84dcd62. ALRE015 MOD. IT-318.pdf,.pdf,0.5669631958007812,False,PyMuPDF,0
f6bd58f3-ab7d-4003-828e-0e72d107af4fIMS306_CEE_1 R1 LGM fd.pdf,.pdf,0.27312469482421875,False,PyMuPDF,0
6c8c8f65-0362-44b4-8730-bb812e3c2ef1J01. Informe justificativo-208.pdf,.pdf,0.1904125213623047,False,PyMuPDF,0
a042e7eb-282c-4622-8ae3-ec4871a68d80AU044 MC PN  3 2A_V2.pdf,.pdf,0.28621578216552734,False,PyMuPDF,0
7bd5027b-463a-45ba-8735-6e1aeb2e04db0.4. AU068 CFO.pdf,.pdf,0.5198230743408203,False,PyMuPDF,0
86c97786-7065-4731-9662-88b2c42a69a5B3B_CEE_V2_fd.pdf,.pdf,0.3092927932739258,False,PyMuPDF,0
f1ba7c31-304f-424b-aaf6-1759781010a4AU057 CM T 59 5 0C_V1.pdf,.pdf,0.3219594955444336,False,PyMuPDF,0
4bff780b-edf6-464e-a0d3-48f36050a7686. Tabla ..pdf,.pdf,0.08197021484375,False,PyMuPDF,0
e3bdbec9-0d0c-4059-8abc-34eab4b40a041. LRE235 CIE IRVE_sin fir.pdf,.pdf,0.2152118682861328,False,PyMuPDF,0
912dbb75-31be-4a0a-82ef-5666f8252450J01_LPR0800-2-fd.pdf,.pdf,0.3667469024658203,False,PyMuPDF,0
98467104-2136-41e3-877e-bd1ee995ffa9A1B_CEE_V2.pdf,.pdf,0.2555685043334961,False,PyMuPDF,0
c492de4b-1389-42c5-8372-79cc437de9f3J01. Informe justificativo-193.pdf,.pdf,0.19045734405517578,False,PyMuPDF,0
dd4c58a6-7024-4f66-a864-87e5f42d7ce71. LRE254 CIE IRVE_fdo.pdf,.pdf,0.26279544830322266,False,PyMuPDF,0
e453df7a-c00a-428a-9355-d536eac1d0e25. Solicitud IRVE_fdo.pdf,.pdf,0.2775430679321289,False,PyMuPDF,0
e30420fe-0fd5-4d17-b5af-588fc8989d4cJ01_LPR0700-1-fd.pdf,.pdf,0.3667411804199219,False,PyMuPDF,0
63a46b92-88b4-474f-8f7b-2e74edc1e998ALRE021 Just_registro_20-12-24.pdf,.pdf,0.7247657775878906,False,PyMuPDF,0
2ac29c05-9d54-4be8-8a02-04fe8cb5ae3d3. LRE225 Anexo ESQUEMA_IRVE.pdf,.pdf,1.2269248962402344,False,PyMuPDF,0
ab664d76-4931-42d6-8798-ed8b8c11c855apertura-LA PABLO 5-PRES.pdf,.pdf,1.4381532669067383,False,PyMuPDF,0
bb301cca-9939-485c-9d19-a2ea1a422d03Delta B6 1B_CEE_V2_fd.pdf,.pdf,0.2844095230102539,False,PyMuPDF,0
eb216e27-39a1-4527-90dd-ff035e86c7e92. MTD FD.pdf,.pdf,5.94920539855957,False,PyMuPDF,0
510f2fc9-ce7c-4441-808d-91b14d054c5f1. LRE254 CIE IRVE_sin fir.pdf,.pdf,0.21473312377929688,False,PyMuPDF,0
3a6462a8-5fc5-44d9-8c20-bca1209ac779AU044 MC PS 17 3C_V2.pdf,.pdf,0.28629398345947266,False,PyMuPDF,0
36ef4396-35bf-4b86-bb8b-71e3d0c94cf4LRE049 justificante_registro_solicitud.pdf,.pdf,1.0251655578613281,False,PyMuPDF,0
f49af54f-d404-4fd4-b232-4d83222d1aa3AU057 CM T 59 4 2A_V2_Fd.pdf,.pdf,0.36238765716552734,False,PyMuPDF,0
a779d1d2-fcd5-4ebd-8ba6-9281f89074a8Delta B20 2B_CEE_V2.pdf,.pdf,0.22772598266601562,False,PyMuPDF,0
41a70b80-3c9d-4986-9b4e-0dd76867e0f81. Solicitud_coope_fase 2.pdf,.pdf,1.5740585327148438,False,PyMuPDF,0
ba1f89fd-b636-4700-b331-6624bb0821e04. Jdp Salarios.pdf,.pdf,0.7140970230102539,False,PyMuPDF,0
2b8f8e25-b9cd-4803-bff6-227b0d47e9854. CIE COOP.xls.pdf fd.pdf,.pdf,0.265106201171875,False,PyMuPDF,0
65c1355a-56ae-47bc-96a9-05c0a2a6026e5. LRE041 Solicitud IRVE.pdf,.pdf,1.001333236694336,False,PyMuPDF,0
969ebaf9-3301-4ac5-8606-3236f867b3aaAU044 MC PS 17 2A_V1.pdf,.pdf,0.2862415313720703,False,PyMuPDF,0
497adcf6-59a8-4182-b276-f94d8ddc35e4AU044 3 3D_CEE2 FD.pdf,.pdf,0.3340129852294922,False,PyMuPDF,0
d04cc36a-057f-4561-9ecd-39b756512a5d8.2. Solicitud Subvención.pdf,.pdf,2.556489944458008,False,PyMuPDF,0
5937b4a3-ba03-4950-a5cd-6ed7ddb676932. AU071 DR.pdf,.pdf,0.22447776794433594,False,PyMuPDF,0
b15b0fd7-3831-4aca-a9d0-b9b26233f610Delta B6 3B_CEE_V1.pdf,.pdf,0.29514122009277344,False,PyMuPDF,0
e346c45e-9c00-47c2-a9e3-4814614bcced1. CIE IRVE.pdf,.pdf,0.21483325958251953,False,PyMuPDF,0
6e170d00-8619-45d7-a00e-73f8bde904d0J01_LPR1000-1-fd.pdf,.pdf,0.26394176483154297,False,PyMuPDF,0
a58e0eeb-cfab-4a0c-b84f-dd0b299f297d4. CIE C346_fdo.pdf,.pdf,0.2642240524291992,False,PyMuPDF,0
da52bcb5-69b8-48bb-acc2-f93afe20accb1. LRE003 CIE.pdf,.pdf,0.2154407501220703,False,PyMuPDF,0
bbe001a8-3165-4080-889a-814c2ebb937cJ01_LPR-5.pdf,.pdf,0.18524742126464844,False,PyMuPDF,0
3d378909-1417-4faf-9e7a-f5b34c79b7b4IMS357 CEE_V1.pdf,.pdf,0.2230234146118164,False,PyMuPDF,0
62b8fea3-8916-420d-9a51-3682d7e009d0Delta B6 1B_CEE_V1.pdf,.pdf,0.22405529022216797,False,PyMuPDF,0
4c9a3c50-3764-422d-b0e8-fa7fcff10d3c4. IMS330 CIE.pdf,.pdf,0.7872705459594727,False,PyMuPDF,0
5d4d06ba-7dff-4411-a3de-4636980d31a34. CIE AU085-7 FD (1) BTNI-420352.06 25.pdf,.pdf,0.23221683502197266,False,PyMuPDF,0
cdb7eb13-c6e8-401d-b4f4-1fe3760a02a02. MTD Hector.docx,.docx,0.11278629302978516,False,python-docx,0
58335eac-e99a-42c4-b024-8ac906f2a544A4B_CEE_V1.pdf,.pdf,0.25537872314453125,False,PyMuPDF,0
53906ef1-4898-4fc3-963f-be574052300fJ01. Informe justificativo-218.pdf,.pdf,0.19041728973388672,False,PyMuPDF,0
07b6b571-7e08-4689-9366-a3574a8fa323C306_CEE2_V1.pdf,.pdf,0.3039236068725586,False,PyMuPDF,0
43be1b83-f7dd-4555-9fc9-21b0386bd2212. LRE300 Declaracion responsable.pdf,.pdf,0.6885251998901367,False,PyMuPDF,0
80978e32-a1b0-464e-91c8-253143b68946AER003 just_registro_20-12-24.pdf,.pdf,3.6290464401245117,False,PyMuPDF,0
0c8c5181-e888-4bec-9cc5-ac76293a774c1. LRE221 CIE fd.pdf,.pdf,0.3152332305908203,False,PyMuPDF,0
89a0448f-c419-4e2b-a6c9-260fd7c2cf4bH1A_CEE_V2_fd.pdf,.pdf,0.3092498779296875,False,PyMuPDF,0
750b56cf-f641-4be1-8626-b1f7042883115. LRE012 Solicitud IRVE.pdf,.pdf,1.003615379333496,False,PyMuPDF,0
3f607d57-f4d2-4794-8c17-5dbb9bf743e31. Solicitud_coope_fase 2.pdf,.pdf,1.5757131576538086,False,PyMuPDF,0
0e0ad3bc-dc0c-408a-a706-0dac02f7a02f3. Solicitud inscripción.pdf,.pdf,1.0091829299926758,False,PyMuPDF,0
364a4197-c1a7-4e75-96bd-22c220101c57J03 CIE.pdf,.pdf,0.7867202758789062,False,PyMuPDF,0
fd12c81a-f651-4579-8a14-7661de36af0b3. C190 Anexo ESQUEMA_IRVE.docx,.docx,0.3423881530761719,False,python-docx,0
5227d845-7dda-43a8-a9f9-ce6b79b1cc78Salarios.pdf,.pdf,0.09101486206054688,False,PyMuPDF,0
7b478436-f4cb-4a76-b765-81e9bd56f7e94. LRE369 CIE.pdf,.pdf,0.7905569076538086,False,PyMuPDF,0
3eeef7d1-b6d4-466f-8e80-0ed4984d1f492. MTD Hector.docx,.docx,0.11309623718261719,False,python-docx,0
02863e2d-f2be-4444-8da9-d64218c195d12. MTD Hector.docx,.docx,0.1133279800415039,False,python-docx,0
0a15c533-9abb-4f89-a35e-463846b88d0dAU057 CM T 59 2 0C.pdf,.pdf,0.32178306579589844,False,PyMuPDF,0
4306b215-c71a-436a-ba1a-45c3e1e7cf996. ALRE016 MODIT315.pdf,.pdf,0.9240932464599609,False,PyMuPDF,0
5b6c1cbe-e010-4275-8a09-1baeaedcb41a3. Anexo IRVE fd 2.pdf,.pdf,0.6940774917602539,False,PyMuPDF,0
823dce12-8a11-4464-b623-c202c6dbef936. ALRE014 MOD IT315.pdf,.pdf,1.0305118560791016,True,PyMuPDF + OCR,0
39f87349-0ec0-496b-b8b1-8f7c9e2685622. C267 Declaración responsable.pdf,.pdf,0.2827281951904297,False,PyMuPDF,0
2a9b843d-99c3-4435-aee9-8974b8ffec67J01. Informe justificativo-235.pdf,.pdf,0.1903972625732422,False,PyMuPDF,0
d3fe41e1-2334-4e0c-9005-dc2497727ae6IMS354 CEE_V1_fd - copia.pdf,.pdf,0.30077552795410156,False,PyMuPDF,0
4f613433-df69-4a45-b279-ae94d008e3a71. Solicitud_coope_fase 2.pdf,.pdf,1.574549674987793,False,PyMuPDF,0
da28a6c8-4a06-4954-9599-4229989a891d1. Solicitud_coope_fase 2.pdf,.pdf,1.574864387512207,False,PyMuPDF,0
e1bc579d-1746-4ebb-8838-52cadd7f5a9aE3B_CEE_V2_fd.pdf,.pdf,0.3093252182006836,False,PyMuPDF,0
9c73951d-51c7-4a9c-8260-66a068c7fc6dJ01. Informe justificativo-241.pdf,.pdf,0.19040298461914062,False,PyMuPDF,0
78f892c8-90c9-40e7-a597-f5a6cdef73b91. LRE090 CIE.xlsx,.xlsx,0.042862892150878906,False,openpyxl,0
6ab29222-4b0b-40af-ba32-79dd9047ef041. Solicitud_coope_fase 2.pdf,.pdf,1.5740203857421875,False,PyMuPDF,0
1936ca3d-dd35-4c05-a540-a378b42f56a41. Solicitud_coope_fase 2.pdf,.pdf,1.5748157501220703,False,PyMuPDF,0
e07365b9-1b56-4e07-9700-a1d21212be76IMS301_CEE.pdf,.pdf,0.2919197082519531,False,PyMuPDF,0
a019fcd4-f362-4c07-ba0a-11d7654fffd1ANEXO V CORREGIDO.docx,.docx,0.30115795135498047,False,python-docx,0
1e1b4baf-2bc0-4281-a04b-828f0a7468882. Solicitud_CIE_MTD_Anexo.pdf,.pdf,1.3542871475219727,False,PyMuPDF,0
8f320a61-dd96-43da-a235-194c5407ad38IMS309_1erCEE_V1.pdf,.pdf,0.2028522491455078,False,PyMuPDF,0
5c6f2009-aa6c-499c-9aa9-ea494b587ed02. MTD Hector.pdf,.pdf,0.40926170349121094,False,PyMuPDF,0
52eb203e-874a-4212-b80a-93479856eef12. C222 Declaracion responsable.pdf,.pdf,0.23423194885253906,False,PyMuPDF,0
d64cdb8d-13fc-47c9-9105-6561a1af8236CEE 1 - AU057 CM T 59 0 7.pdf,.pdf,0.2512855529785156,False,PyMuPDF,0
fc39f7f0-753d-4a21-af5b-30102451c9f34. LRE345 CIE.pdf,.pdf,0.7861270904541016,False,PyMuPDF,0
eed156ba-62fd-4fdd-b9b3-c0844168877c6.9 CIE.pdf,.pdf,0.30686283111572266,False,PyMuPDF,0
ddb5edc2-b7c8-46ac-a581-33a1f7578269AU044 MC PN  3 1C_V1_fd.pdf,.pdf,0.3338499069213867,False,PyMuPDF,0
ceffe964-dca5-45cd-ba78-bd5fff03af8dAU057 CM T 59 3 0A_V2.pdf,.pdf,0.3208160400390625,False,PyMuPDF,0
26ac99de-ebb8-4aa2-9538-d809c06e327a4. DR Tecnico Hector.pdf,.pdf,0.09115028381347656,False,PyMuPDF,0
c047ff98-cdf5-4638-8e03-beaf47718512LPR0401_praast_modelo_informe_justificativo_R.pdf,.pdf,3.130319595336914,False,PyMuPDF,0
e89e7ddc-8f21-4024-a891-196e9cf66679IMS317_2doCEE_V1.pdf,.pdf,0.2304086685180664,False,PyMuPDF,0
407bf272-cb87-43d5-971e-059634b91de9J01. Informe justificativo-172.pdf,.pdf,0.19043827056884766,False,PyMuPDF,0
f9ab4f0a-d8ac-4a6e-bac3-83683bcfcf9b2. MTD FD.pdf,.pdf,5.230513572692871,False,PyMuPDF,0
747bdb2c-c543-48ba-9e2f-c1515bb957b4AU057 CM T 59 0 7_V2_Fd.pdf,.pdf,0.30712890625,False,PyMuPDF,0
07365211-e28f-499d-b943-38e8327b8f962. MTD.pdf,.pdf,3.6319122314453125,False,PyMuPDF,0
a70e88ad-97b1-4ff0-a126-a4a6cb94d22c20220926 Solicitud registro.pdf,.pdf,0.26822948455810547,False,PyMuPDF,0
66762912-488b-496b-90cd-07d2eb19e4c8J01_LPR0500-4.pdf,.pdf,0.18537616729736328,False,PyMuPDF,0
a0e86107-1f53-4ffa-bdb7-2e7e6f4c25df6. Tabla fd.pdf,.pdf,0.33059120178222656,False,PyMuPDF,0
7d01f3aa-1de0-4b33-8b0d-b5c1db659965LRE402 Just_registro_12-01-2024.pdf,.pdf,1.029423713684082,False,PyMuPDF,0
b28194af-a947-4f4e-aa9b-6fde845173141. CIE IRVE_NEW GOOD.pdf,.pdf,0.21173667907714844,False,PyMuPDF,0
883576a2-10c8-4f6d-a117-7c3b0991e5220. DR Ayto fd.pdf,.pdf,0.40447044372558594,False,PyMuPDF,0
14b87567-6006-4ead-9079-5a3dca430d83Delta B9 1A_CEE_V2.pdf,.pdf,0.224517822265625,False,PyMuPDF,0
9ca44a0b-6f2e-45d9-973d-68a2d0f20079J01. Informe justificativo-240.pdf,.pdf,0.19039535522460938,False,PyMuPDF,0
b46618f7-9a74-4bdb-9d8f-fc7bebd26643IMS308_CEE_V1.pdf,.pdf,0.21717453002929688,False,PyMuPDF,0
beb8f248-f70b-4410-8960-a09611163de6Delta B16 2A_CEE_V2.pdf,.pdf,0.22631263732910156,False,PyMuPDF,0
97cb668e-9787-4480-b9ac-bcec687fb5dc5. LRE080 Solicitud IRVE.pdf,.pdf,1.0001201629638672,False,PyMuPDF,0
8325ef6e-51f7-48f0-9e2b-f237210663bdE2B_CEE_V1.pdf,.pdf,0.2552461624145508,False,PyMuPDF,0
f26459c8-1da1-484c-9686-e3ee677dc38b3. IMS2059 Solicitud inscripción fdo.pdf,.pdf,0.2864990234375,False,PyMuPDF,0
5cae6a13-d544-4eea-ab44-919cd9fc6e724. Salarios pagados.pdf,.pdf,0.6469879150390625,False,PyMuPDF,0
760f8c13-4edd-4d48-8a02-41e84ec24b3dapertura-LA PABLO 10-PRESENTADA.pdf,.pdf,1.927962303161621,False,PyMuPDF,0
a836e3fb-90e8-4959-bfab-365ab026e4211. J01 Informe justificativo_LPR05.docx,.docx,0.12170696258544922,False,python-docx,0
c7a72a36-ab03-46d2-a72c-e7f8a0a0707c4. DR Técnico-2-4.pdf,.pdf,0.9694719314575195,False,PyMuPDF,0
48fd0cf4-6244-49e5-9f2b-60095c14ae813. Anexo IRVE.pdf,.pdf,0.5705909729003906,False,PyMuPDF,0
ea26d209-5df0-4e24-826d-40fb7b23ec06Delta B14 2A_CEE_V2.pdf,.pdf,0.22697162628173828,False,PyMuPDF,0
a9497cd2-7453-4106-a299-cfe20970cf711. Solicitud_coope_fase 2.pdf,.pdf,1.5751657485961914,False,PyMuPDF,0
a84e9b2e-a7b4-4434-8306-1685d8c9deefJ01_LPR-1_fd.pdf,.pdf,0.2641468048095703,False,PyMuPDF,0
03ef1c3b-d38f-492a-9ecb-1c5560ffc216LRE041 just_registro_16-12-24.pdf,.pdf,1.0217342376708984,False,PyMuPDF,0
48669102-3625-4783-9a7a-54e8ba313a901. CIE IRVE_fdo.pdf,.pdf,0.2645444869995117,False,PyMuPDF,0
103e76ea-3613-4b39-91cc-c21c815c4a64IMS311_2doCEE_V1_fd.pdf,.pdf,0.3286886215209961,False,PyMuPDF,0
3e26b71d-ed4d-49c5-b952-3497934433743. Anexo IRVE_fdo.pdf,.pdf,0.5870771408081055,False,PyMuPDF,0
4b0736dc-f59d-4d18-9362-2c817c5d7a40ANEXO V RELLENO C287.docx,.docx,0.3009939193725586,False,python-docx,0
2de010e5-b11e-4dde-a904-2175bc4c94caLIBRO SUBCONTRATACION LA PABLO 8-TRAMITADO.pdf,.pdf,0.07042217254638672,False,PyMuPDF,0
f5e7172b-e7e0-4e12-a80a-5617795008912. LRE252 Declaracion responsable.pdf,.pdf,0.2794666290283203,False,PyMuPDF,0
2a8dfb2a-9417-4690-8c78-114370a6ffc81. Solicitud_coope_fase 2.pdf,.pdf,1.5744237899780273,False,PyMuPDF,0
bdbab375-52be-482a-aab7-6af0e3a682a4J01. Informe justificativo-230.pdf,.pdf,0.19040489196777344,False,PyMuPDF,0
6878c58d-652f-4ef5-b2a5-896daf1d01be1. LRE004 CIE IRVE.pdf,.pdf,0.7848749160766602,False,PyMuPDF,0
8853de36-7568-407f-889d-f04022f0e8df1. Solicitud_coope_fase 2.pdf,.pdf,1.5736827850341797,False,PyMuPDF,0
df38961d-04a8-4a2d-b6f9-c61664ffe2201. CIE IRVE_sin firma.pdf,.pdf,0.2131814956665039,False,PyMuPDF,0
bbc43e49-e160-4b62-bf3e-78a2cf872071J01_LPRP4-1_fd.pdf,.pdf,0.3667478561401367,False,PyMuPDF,0
1ae0b98f-48b0-4c35-b970-65156f7736a2J2C_CEE_V2.pdf,.pdf,0.2554025650024414,False,PyMuPDF,0
426ec72c-272c-4bb0-9494-947dcd9768f84. DR Tecnico Hector.pdf,.pdf,0.09106254577636719,False,PyMuPDF,0
436352d0-9439-4148-be76-686154dc5a9dAU057 CM T 59 5 0C_V1.pdf,.pdf,0.3219594955444336,False,PyMuPDF,0
95079b73-6a85-49e5-a142-23e797cc74acJ01_LPRP4-2.pdf,.pdf,0.18494033813476562,False,PyMuPDF,0
b98a1667-4050-4c8f-aac9-f6aa319195ccregistro industria villa rosita.pdf,.pdf,1.0938997268676758,False,PyMuPDF,0
08c5b245-923d-4e06-9376-053546dacdca1. J01 Informe justificativo_LPR10.docx,.docx,0.12181568145751953,False,python-docx,0
769b9d82-d916-46cf-a275-9d74c09f43723. Anexo IRVE.docx,.docx,0.33852100372314453,False,python-docx,0
e4651e1e-0b04-4d1e-a854-ba1a27860defDelta B19 2B_CEE_V2.pdf,.pdf,0.2857227325439453,False,PyMuPDF,0
1dbcf035-87b0-4cde-a340-90cdb60ee1b0Delta B6 3A_CEE_V1_fd.pdf,.pdf,0.2845277786254883,False,PyMuPDF,0
3baf7ce9-b02c-49e3-b3fe-e53da5d3d69614. CFO VISADO.pdf,.pdf,0.14837074279785156,False,PyMuPDF,0
c9ab0a22-a937-4d0b-9a29-0071ba0d98733. Anexo IRVE.docx,.docx,0.32155704498291016,False,python-docx,0
2503af66-abe4-458a-b375-11803f17f49a1. Solicitud_coope_fase 2.pdf,.pdf,1.5744237899780273,False,PyMuPDF,0
3e69d62f-2688-40cb-8fd2-139c26144d0b4.CIE.pdf,.pdf,0.7901554107666016,False,PyMuPDF,0
973bf20d-0f50-4fcb-8db4-8137c8e8a7aeLRE387 just_registro_13-11-24.pdf,.pdf,1.0190811157226562,False,PyMuPDF,0
364c64dc-bbb0-478f-adbd-1c4779025302J01_LPR1000-3.pdf,.pdf,0.1849222183227539,False,PyMuPDF,0
98acb4f3-0d1a-4a23-aa9c-d166cd58ddcfDoc compress.pdf,.pdf,2.5210704803466797,False,PyMuPDF,0
47f167b0-1099-43de-8c29-28088486fe534. CIE AU085-9 fd.pdf,.pdf,0.30686283111572266,False,PyMuPDF,0
dd8d0ac4-44d1-4bb4-89b6-a856887561d7Memoria_RSIF.pdf,.pdf,0.42893218994140625,False,PyMuPDF,0
0103d59f-5ff6-4889-869f-85b2b2c51c9f4. CIE LRE410_fda.pdf,.pdf,0.2598104476928711,False,PyMuPDF,0
356a10e9-8afa-4fb0-9d76-b5240b7b02041. LRE003 CIE FD.pdf,.pdf,0.2632017135620117,False,PyMuPDF,0
7ae55f47-8b0a-4711-81f3-45d4e759df28G1A_CEE_V2_fd.pdf,.pdf,0.30908203125,False,PyMuPDF,0
0f750265-e9c1-4bbe-9af7-d0a6a5bc73ffJ01_LPR0700-5-fd.pdf,.pdf,0.26376914978027344,False,PyMuPDF,0
e2184fb2-c100-4289-857b-de3adec63cbdANEXO IV C287.pdf,.pdf,0.29347801208496094,False,PyMuPDF,0
a50cefe7-0fb1-4ebe-b33e-ccc3b08d4919ims2029.pdf,.pdf,4.752139091491699,False,PyMuPDF,0
fd5e6867-9172-4928-ab69-0cb3c890fed0C2A_CEE_V2_fd.pdf,.pdf,0.30928993225097656,False,PyMuPDF,0
e4a1aada-8f09-4b0e-bcd8-32a326cf3e8cC309 justificante_registro_solicitud_10-07-2023.pdf,.pdf,1.0118322372436523,False,PyMuPDF,0
536b017f-5383-4145-8706-3f79c7c1b8f73. IMS334 Solicitud.pdf,.pdf,0.9921102523803711,False,PyMuPDF,0
413b751b-8a57-4e83-951b-774cac9ccff3m3a2_29949_memoria_descriptiva_94zvl37.pdf,.pdf,0.6563138961791992,False,PyMuPDF,0
576705c2-2480-4d0e-9a4f-ab9b691da98e1. Solicitud_coope_fase 2.pdf,.pdf,1.5745763778686523,False,PyMuPDF,0
0bbcbca5-db27-4805-b7f8-2ef7880544dd3. LRE210 Anexo IRVE.docx,.docx,0.3298463821411133,False,python-docx,0
a0eedc6f-8695-41aa-aae9-69d7d775bfd23. Solicitud inscripción.pdf,.pdf,1.0078964233398438,False,PyMuPDF,0
b014224e-7823-4aba-b686-110302b9c9a3LPR0505_praast_modelo_informe_justificativo_R (5).pdf,.pdf,1.7536344528198242,False,PyMuPDF,0
d7c38545-cb5a-4441-afbf-071b63e9c0d06. AER007 MOD IT315.pdf,.pdf,3.7955322265625,False,PyMuPDF,0
bb5daf87-cd67-451f-9b61-cbc8f3f214662. MTD Hector.docx,.docx,0.11310195922851562,False,python-docx,0
81e72e98-7810-4882-b06c-803cc15e253cIMS308_CEE_V1_fd.pdf,.pdf,0.27840137481689453,False,PyMuPDF,0
61d8ef1e-2869-442c-89e3-58c24e614f78AU044 MC PS 17 3D.pdf,.pdf,0.33390331268310547,False,PyMuPDF,0
977cb3c7-3ccc-4e6a-a0ea-68fb97a585394. AU068 CIE.pdf,.pdf,0.7885961532592773,False,PyMuPDF,0
5299f96d-9ca8-4cb2-b49d-c280218724d2J01. Informe justificativo-237.pdf,.pdf,0.19041824340820312,False,PyMuPDF,0
dad9ae99-b0dd-4238-bbe6-f6456aea2f21J01_LPR1000.docx,.docx,0.14281272888183594,False,python-docx,0
76bb3acb-5187-4fed-aad1-0d172a10ed652. AL013 MOD. IT-318.pdf,.pdf,0.5662937164306641,False,PyMuPDF,0
137d1768-1c1b-4ef6-92bb-709be638ceed2025_BTNI_068056 (CIE).pdf,.pdf,0.2906484603881836,False,PyMuPDF,0
44c5e7de-40e1-43b3-9379-7ab90418b1eajustificante_registro_solicitud (18).pdf,.pdf,0.27060604095458984,False,PyMuPDF,0
239d8985-71bc-402c-96ad-47314c952ad13. Solicitud inscripción.pdf,.pdf,1.0001287460327148,False,PyMuPDF,0
b7b4591a-0794-423d-90b1-fb2b1575150eAU063 libro subcontratacion.pdf,.pdf,0.038639068603515625,False,PyMuPDF,0
6673b68c-b21f-4d34-bd1c-cb988a557e131. LRE221 CIE fd.pdf,.pdf,0.3152332305908203,False,PyMuPDF,0
90d72729-0b58-47f3-b8cd-9a6fd348ab924. DR Tecnico Hector.docx,.docx,0.0269317626953125,False,python-docx,0
8cd6a2e4-539d-4c56-96bf-3cd7448ac526J01. Informe justificativo-201.pdf,.pdf,0.19040679931640625,False,PyMuPDF,0
6bb9f538-594f-4271-a3c9-1a3be442f05bD4A_CEE_V1.pdf,.pdf,0.255401611328125,False,PyMuPDF,0
872547df-5914-44b7-a5dc-e3190dd075d5LRE404 justificante_registro.pdf,.pdf,1.0213508605957031,False,PyMuPDF,0
db0e8fd4-39e5-4105-a5c3-d0d4c77a2b2dA2A_CEE_V1.pdf,.pdf,0.25534915924072266,False,PyMuPDF,0
80fab943-a6a4-492b-adf6-ac9943b83a3d2. MTD.pdf,.pdf,6.133856773376465,False,PyMuPDF,0
7380de11-0038-49de-9795-a99c73e9612c3. LRE303 Solicitud inscripción.pdf,.pdf,1.0049028396606445,False,PyMuPDF,0
9f015eb0-dfab-46b5-bc1b-993ca72098521. Solicitud_coope_fase 2.pdf,.pdf,1.574570655822754,False,PyMuPDF,0
324282f1-2bcf-4b61-94f4-e365c4fa8a0bAU057 CM T 59 4 0C_V1.pdf,.pdf,0.32156944274902344,False,PyMuPDF,0
e644bec7-78b0-44d7-9e4f-9f17e7ceb88e2. ALRE008 MOD. IT-318.pdf,.pdf,0.5666313171386719,False,PyMuPDF,0
fa1be3a7-8ee6-4adb-a08b-f98334c79f9c1. LRE386 CIE IRVE.pdf,.pdf,0.7851533889770508,False,PyMuPDF,0
a74fda58-f599-4406-8b30-dddb591f94e91. LRE036 CIE IRVE.pdf,.pdf,0.7867765426635742,False,PyMuPDF,0
20233d96-fdd5-4ab1-b277-f72556de2797justificante_registro_solicitud.pdf,.pdf,1.0231657028198242,False,PyMuPDF,0
31d9a5af-864b-40eb-9d38-2f5043aa4b423. LRE378_Anexo IRVE.pdf,.pdf,0.5938386917114258,False,PyMuPDF,0
4251e71d-d2af-412c-acd1-a047fc8b68792. AU085-8 DR.pdf,.pdf,0.2041473388671875,False,PyMuPDF,0
8233e24c-7cc4-4c3f-afe9-6c88b1733867Salarios 2.pdf,.pdf,0.3461284637451172,False,PyMuPDF,0
a6abf952-5227-43f8-9f4a-925d4c7857978.2. Solicitud Subvención.pdf,.pdf,5.251466751098633,False,PyMuPDF,0
e6db2fce-0f15-4050-bcb9-bff8d868efef3. LRE080 Anexo IRVE.pdf,.pdf,1.2254638671875,False,PyMuPDF,0
2ff0a5cd-7eda-411a-9538-2f52a705d5bfMEMORIA DES. fd Ecooo.pdf,.pdf,0.9120473861694336,False,PyMuPDF,0
6a865d87-616c-46cc-8f31-fc0275207f133. Anexo IRVE_fdo.pdf,.pdf,0.5861492156982422,False,PyMuPDF,0
1ed1f7d1-df6b-48be-b632-175ae6b926b03. AU085-9 Solicitud fd.pdf,.pdf,0.3535318374633789,False,PyMuPDF,0
a98eb4a3-8911-4a13-82d8-036f2e338dbbAU044 MC PN  3 2D_V1.pdf fd.pdf,.pdf,0.3337106704711914,False,PyMuPDF,0
2442fdd8-0467-410a-a0a4-7f6ea501d5bc20240423 Doc Notificación.pdf,.pdf,0.057311058044433594,False,PyMuPDF,0
6134e766-be22-4275-a57a-baa91cc668e83. LRE404 Solicitud.pdf,.pdf,1.0020313262939453,False,PyMuPDF,0
3f990391-76ab-424d-91c8-ad4f5c8b6788L1B_CEE_V1_fd.pdf,.pdf,0.308837890625,False,PyMuPDF,0
1f417bbe-eef5-4f81-b4ca-e3abe4decfeb4. CIE fd.pdf,.pdf,0.7862997055053711,False,PyMuPDF,0
9a51046a-9618-470e-81e8-1c21d43b873cJ01_LPR0600-1.pdf,.pdf,0.23653697967529297,False,PyMuPDF,0
f6cdcd7a-2a50-4b68-b052-e600d383f5f24. C325 CIE.pdf,.pdf,0.7878093719482422,False,PyMuPDF,0
3880a7fb-7138-466c-819a-f6676f8158a6J01. Informe justificativo-243.pdf,.pdf,0.19047260284423828,False,PyMuPDF,0
0ddf5d2f-214d-4195-9eda-be1c758c8df41. CIE IRVE_fdo.pdf,.pdf,0.2645444869995117,False,PyMuPDF,0
ecc4b325-103c-4bb6-b30c-ae66eeab7856Delta B18 1A_CEE_V1_fd.pdf,.pdf,0.2840919494628906,False,PyMuPDF,0
4e4425db-c063-4871-b5ba-1555a517278djustificante_registro_solicitud.pdf,.pdf,1.0246076583862305,False,PyMuPDF,0
372d0dd4-d83d-4e3d-ae47-82f9b57ecbb21. CIE IRVE_fdo.pdf,.pdf,0.26121044158935547,False,PyMuPDF,0
b7d56483-f85f-4de9-b4d6-5118763042a91. Solicitud_coope_fase 2.pdf,.pdf,1.5745506286621094,False,PyMuPDF,0
ecf256ca-b762-4589-8c59-f17bed8c4ef7C5B_CEE_V1.pdf,.pdf,0.25531482696533203,False,PyMuPDF,0
484fb664-cd0b-43b5-af29-6af4590f17acA1A_CEE_V1.pdf,.pdf,0.2554140090942383,False,PyMuPDF,0
e533bc26-07b9-4d2f-8c21-74dd8b05fa572. LRE303 Declaración responsable mal modelo antiguo.pdf,.pdf,0.306396484375,False,PyMuPDF,0
b9e62a55-215b-4935-b7ac-7fddc0d7aad2AU057 CM T 59 3 0F.pdf,.pdf,0.32074546813964844,False,PyMuPDF,0
9598b36d-c40e-441d-bf8c-8a78e044ef6f6.9 CIE.pdf,.pdf,0.30686283111572266,False,PyMuPDF,0
d2a020cb-f966-41da-b197-56a0f735a598Delta B3 2B_CEE_V1_fd.pdf,.pdf,0.28145694732666016,False,PyMuPDF,0
a34a23ed-9733-4548-8367-7ce28080896dAPERTURA  AU068 MADRID ANDORRA.pdf,.pdf,0.03944206237792969,False,PyMuPDF,0
2a6d846a-f6ba-4265-b936-e16d05e15d11AU044 MC PS 17 3C_V1.pdf,.pdf,0.2864561080932617,False,PyMuPDF,0
81de9462-f555-4fef-a989-f624d4d3493c3.IMS311 Solicitud.pdf,.pdf,1.0002679824829102,False,PyMuPDF,0
026ccf4f-396a-4c9e-8524-d67edf1fffc74. IMS2033 CIE.pdf,.pdf,0.7863502502441406,False,PyMuPDF,0
a5361a3b-7357-41c6-80be-cd807667a8daAU044 MC PS 17 3B_V1.pdf FD.pdf,.pdf,0.3339509963989258,False,PyMuPDF,0
ca95d0cd-4b63-40dc-ab87-e613cc032bd8AU057 CM T 59 5 2B_V1.pdf,.pdf,0.32083606719970703,False,PyMuPDF,0
87f6fa38-d41c-443b-b964-3232db71df593. Anexo IRVE.docx,.docx,0.3217144012451172,False,python-docx,0
46c66ec7-948f-44d7-b953-75a3e0d22e41J4B_CEE_V2_Fd.pdf,.pdf,0.3093147277832031,False,PyMuPDF,0
764729f0-7671-4e79-986d-5556c8e79195J01. Informe justificativo-222.pdf,.pdf,0.19040393829345703,False,PyMuPDF,0
91701c2d-2c89-47f6-b6e8-b55bd69c45ea2. IMS2044 Declaración responsable.pdf,.pdf,0.27724361419677734,False,PyMuPDF,0
3c8f73e1-d97c-4889-b5b3-4fc70594649aH4A_CEE_V2.pdf,.pdf,0.2556018829345703,False,PyMuPDF,0
4b582e58-fcc3-4129-b6b0-06b8bdf04a480.4. S3 CFO_VISADO.pdf,.pdf,0.5208902359008789,False,PyMuPDF,0
f6f114a8-5461-4402-8da3-cbef9e5fa4143. LRE003 Anexo IRVE.docx,.docx,0.36551475524902344,False,python-docx,0
54715136-5b35-4ad2-b5ce-88f08f880d2a2. LRE402 DR.pdf,.pdf,0.28090572357177734,False,PyMuPDF,0
b6af35e7-90cd-4060-8655-cf7cc3f3e4f7A1A_CEE_V2_Fd.pdf,.pdf,0.3094015121459961,False,PyMuPDF,0
ddb38df2-7bd1-4be4-9e33-b43bcef4ed1c4.2. Memoria Técnica.pdf,.pdf,6.988731384277344,False,PyMuPDF,0
09f823b8-8c40-4e55-bfe9-96966a8e0c61AU057 CM T 59 0 7_V2.pdf,.pdf,0.2527742385864258,False,PyMuPDF,0
fb99051a-53d0-4833-9371-2be5c3b3765114. ALRE016 Memoria_RSIF.pdf,.pdf,0.7513847351074219,False,PyMuPDF,0
1cbda71a-ff8a-45b2-949e-5df9077f2d95C217 - CEE 2.pdf,.pdf,0.23020172119140625,False,PyMuPDF,0
075cb74e-e23b-425d-9a6a-dcdefa0d1627AU044 MC PN  3 2D_V1.pdf,.pdf,0.2861757278442383,False,PyMuPDF,0
1761f599-3241-4158-b505-76b0802e19c75.1.  CIE.pdf,.pdf,0.7834997177124023,False,PyMuPDF,0
3ae57a23-5d71-4db7-841d-5fa7ad02c9ddLRE207 justi_registro.pdf,.pdf,0.27268505096435547,False,PyMuPDF,0
535db9a7-f7e7-4ea4-af12-d694fc59cc87ANEXO V RELLENO IMS301.docx,.docx,0.3009939193725586,False,python-docx,0
9c2cecf0-05c3-4891-a596-47be5f7b2306J01_LPR-4_fd.pdf,.pdf,0.26410388946533203,False,PyMuPDF,0
fb050b9a-06c4-4964-91ca-68efffbe7485Delta B2 3A_CEE_V2_fd.pdf,.pdf,0.2865419387817383,False,PyMuPDF,0
d7c6c707-af0c-42ad-bff2-f36c172c6b8bIMS303_CEE_V2.pdf,.pdf,0.2253570556640625,False,PyMuPDF,0
17373a7b-df7e-4dca-97b2-bed8f60300464. CIE C346_fdo.pdf,.pdf,0.2600984573364258,False,PyMuPDF,0
9a851500-5847-446b-aa9b-7b473bf2810d3. LRE233 Anexo IRVE.docx,.docx,0.3223447799682617,False,python-docx,0
5c5d51f7-8870-45aa-9824-af95262dd5963. AU085-6 Solicitud.pdf,.pdf,0.3020296096801758,False,PyMuPDF,0
9cdfec49-3d13-4451-80be-fcdb22bee044Delta B18 2B_CEE_V2.pdf,.pdf,0.22421932220458984,False,PyMuPDF,0
a2f83985-c0b6-44db-b977-291200ccd7792. Declaración responsable.pdf,.pdf,0.28985595703125,False,PyMuPDF,0
06bfa79d-dc36-4cde-9536-f3b0d09ae0bbLIBRO SUBCONTRATACION AU042 VILLAMANIN-fdo.pdf,.pdf,0.05708122253417969,False,PyMuPDF,0
2868057d-4af2-4420-9599-8ac825b12cbe1. LRE235 CIE IRVE2.pdf,.pdf,0.2144308090209961,False,PyMuPDF,0
3be61445-13a9-430d-9efc-7fd61c205d10J01_LPR0500-3-fd.pdf,.pdf,0.2642354965209961,False,PyMuPDF,0
14a251a9-4093-40a9-b59d-527a936924e5MT_pc VE_Coope_fd Héctor y Ecooo.pdf,.pdf,0.8889551162719727,False,PyMuPDF,0
7d1affd7-4aa0-44bb-bf87-a0307a4a39d06. AER007 MOD IT315.pdf,.pdf,0.5707340240478516,False,PyMuPDF,0
aca1c2da-84cc-4b32-885e-bdc095b068f4LRE207  justificante_registro_solicitud 17-04-2023.pdf,.pdf,0.28005218505859375,False,PyMuPDF,0
96abdf85-1126-4772-8d8b-7f2bdccda4cf4. CIE.pdf,.pdf,0.7046833038330078,False,PyMuPDF,0
7e97df4b-4f99-449c-a38c-543b8d3367fdDelta B1 1A_CEE_V1.pdf,.pdf,0.2263336181640625,False,PyMuPDF,0
db14f1ff-6826-4965-83e6-9155891747b93. LRE236 Solicitud inscripción.pdf,.pdf,0.2713918685913086,False,PyMuPDF,0
8e8b70ea-9b30-4791-9626-b03343f803c92. C282 Declaracion responsable.pdf,.pdf,0.2566099166870117,False,PyMuPDF,0
dbdffc0d-bb97-4dc6-bcce-4135e22f5e3eLIBRO SUBC.pdf,.pdf,0.0240325927734375,False,PyMuPDF,0
a54500df-442e-4a79-ad98-74032bdd66245. Solicitud IRVE_fdo.pdf,.pdf,0.27245521545410156,False,PyMuPDF,0
749c06f7-2925-4c6d-ab6f-262acd980ef21. CEE 2_Certificado ene.pdf,.pdf,0.3340272903442383,False,PyMuPDF,0
c6ba0a47-97b4-473d-8598-757decbbaaa8ANEXO V RELLENO C272 v2 fdo.pdf,.pdf,0.3337850570678711,False,PyMuPDF,0
f1a4e12b-9878-4f0c-a461-81ee325f67603. IMS333 Solicitud.pdf,.pdf,0.9996833801269531,False,PyMuPDF,0
e0a28f06-1f43-4dd1-94c9-c81a8382ffd70.4. S4-2 CFO_VISADO.pdf,.pdf,0.5208902359008789,False,PyMuPDF,0
e78dd250-2145-440f-977f-3a1a3c4bc5f8MOD. IT-315.pdf,.pdf,0.5151824951171875,False,PyMuPDF,0
0544ff46-a592-4a79-b427-d58f23059fac4. S3 CIE.pdf,.pdf,0.787358283996582,False,PyMuPDF,0
f801d694-a808-41a6-883a-c7ea077b33d71. Solicitud_coope_fase 2.pdf,.pdf,1.5762577056884766,False,PyMuPDF,0
304e8db8-67af-48c4-8fb0-7136319c8fb11. CIE IRVE_fdo.pdf,.pdf,0.26410579681396484,False,PyMuPDF,0
328640ac-ca77-4421-831f-54b4fb3606faC1A_CEE_V2.pdf,.pdf,0.25565528869628906,False,PyMuPDF,0
fb5ca03a-e8c9-49e0-a1d1-d4a1839124dbMemoria_RSIF.pdf,.pdf,0.32125091552734375,False,PyMuPDF,0
20f4334d-4414-45e1-a535-fcaeee6a1e271. LRE010 CIE IRVE.pdf,.pdf,0.26270294189453125,False,PyMuPDF,0
6c83810e-4a0c-43cf-83b2-5ae4e7c961ec6.8 CIE.pdf,.pdf,0.3060312271118164,False,PyMuPDF,0
c56d986c-183a-4eda-89bc-7d4189f134e34. IMS 356 CIE FD.pdf,.pdf,0.2180318832397461,False,PyMuPDF,0
039ddfe2-27c8-44bf-85af-4272a23926855.1  CIE.pdf,.pdf,0.2580108642578125,False,PyMuPDF,0
da31db6e-2c85-4a7d-ab74-3c5c4ed2aa390.4. AU068 CFO_VISADO.pdf,.pdf,0.5204906463623047,False,PyMuPDF,0
cdf112d2-8c10-4c1a-85da-963735beca131.  LRE012 CIE IRVE.pdf,.pdf,0.8403215408325195,False,PyMuPDF,0
ea137ea4-6bb1-475c-ad93-aa4d7855c593AU057 CM T 59 3 0A_V1.pdf,.pdf,0.32068920135498047,False,PyMuPDF,0
c72d0f0c-08db-46e2-b790-f13ebcaddc714. IMS330 CIE.pdf,.pdf,0.7872705459594727,False,PyMuPDF,0
5234acc6-3cea-4f2e-bbc1-a0bde957b0d5IMS2039 justificante_registro_solicitud 03-05-2023.pdf,.pdf,1.0176734924316406,False,PyMuPDF,0
6d4e7936-5ab1-4bc6-81db-a1e2b8746acb3. LRE355 Solicitud inscripción.pdf,.pdf,0.9999685287475586,False,PyMuPDF,0
163bafff-804d-47bc-a798-d5c9bf9385763. C321 Solicitud inscripción.pdf,.pdf,0.9984779357910156,False,PyMuPDF,0
d1cae379-7e79-40be-b1a6-34e35a2dda642. MTD.pdf,.pdf,3.0307817459106445,False,PyMuPDF,0
f52a9f27-9b44-48db-8c16-140e773b38a32.  MTD.pdf,.pdf,5.868483543395996,False,PyMuPDF,0
d91fa681-1c20-482b-9d2b-d5c98c0ed78f4. CIE AU085-4 fd.pdf,.pdf,0.30631351470947266,False,PyMuPDF,0
c9815792-7982-428e-ae64-43e087f72e943. IMS2045 Solicitud inscripción.pdf,.pdf,0.2708559036254883,False,PyMuPDF,0
abb67a65-cf13-43cb-9a8c-f08ed04b6d52LIBRO SUBCONTRATACION LA PABLO 3-TRAMITADO.pdf,.pdf,0.05698966979980469,False,PyMuPDF,0
a4c2b50b-0982-454c-99d8-513f580523dfims2029.pdf,.pdf,4.752139091491699,False,PyMuPDF,0
86411bc5-283f-40fc-b1b5-bced0a8ac608ARE014_CERTIFICADO FINAL DE OBRA.pdf,.pdf,0.25478172302246094,False,PyMuPDF,0
fa43ac3f-f7f7-4dbe-97f9-70925c1dbbf73. IMS354 Anexo IRVE.pdf,.pdf,0.6281414031982422,False,PyMuPDF,0
a259a775-2248-4e05-8c09-d7fc54874cf0AU044 MC PS 17 2B_V1.pdf fd.pdf,.pdf,0.33379364013671875,False,PyMuPDF,0
2c0431dd-f5c9-4d5e-aa7f-e722a4e32f694. DR Técnico.pdf,.pdf,0.9422702789306641,False,PyMuPDF,0
fd988429-8f24-4a99-93d2-45dc1b23e7edC349 Just registro_01-08-2024.pdf,.pdf,1.020533561706543,False,PyMuPDF,0
b1b76de3-aa97-4cf7-8dcf-d81a1de36d701. Solicitud_coope_fase 2.pdf,.pdf,1.574660301208496,False,PyMuPDF,0
0563d792-3557-4d9c-b3c9-3d820d0208a91._Solicitud_coope_fase_2.pdf.pdf,.pdf,1.5740060806274414,False,PyMuPDF,0
ed411459-c14b-4839-beff-16075b6f839aANEXO V CORREGIDO.pdf,.pdf,0.2729310989379883,False,PyMuPDF,0
e150ecb8-d9a5-4018-8ae9-37fee373d8c5J01. Informe justificativo-200.pdf,.pdf,0.19050312042236328,False,PyMuPDF,0
71612e75-4afc-4ae1-940d-02fb9ff094163. LRE331 Solicitud.pdf,.pdf,1.0158576965332031,False,PyMuPDF,0
d6dc5e6c-90da-4547-8eb2-5bb42435a5d2AU057 CM T 59 4 0C.pdf,.pdf,0.3210725784301758,False,PyMuPDF,0
a4e3336b-da63-40ad-aa9e-7370d9866069LRE212 Just registro_28-12-2023.pdf,.pdf,1.0348939895629883,False,PyMuPDF,0
bf78a539-a8ae-4e80-bbc5-578aa8da259bA2A_CEE_V2_fd.pdf,.pdf,0.3093852996826172,False,PyMuPDF,0
88ee4db0-b812-44e9-9cfb-dd0b09671a601. LRE386 CIE IRVE.pdf,.pdf,0.7851533889770508,False,PyMuPDF,0
aafe81a6-bd36-43f6-ae57-0122939fda006. ALRE013 MOD IT315_sinfirma.pdf,.pdf,0.8253059387207031,False,PyMuPDF,0
0e3b555c-65a0-4c8e-ae68-64fb253189b54. CIE COOP.xls.pdf,.pdf,0.2193155288696289,False,PyMuPDF,0
5a92c634-16e4-42b4-bae5-325103c78e774. LRE389 CIE.pdf,.pdf,0.7880449295043945,False,PyMuPDF,0
4511c239-0a88-467b-a782-991aa9cd3fa8justificante_registro_solicitud (15).pdf,.pdf,0.2702779769897461,False,PyMuPDF,0
b7e9ee8d-be9c-4539-9991-6122ad6a7ac94. CIE.pdf,.pdf,0.7810153961181641,False,PyMuPDF,0
2ca342e0-f8d5-4df6-a1ed-dc06c0152001Delta B7 1A_CEE_V1_fd.pdf,.pdf,0.28343677520751953,False,PyMuPDF,0
55a6545d-8283-45c1-bc6d-1b9bc9921755AU057 CM T 59 5 2B_V1_fd.pdf,.pdf,0.36152076721191406,False,PyMuPDF,0
7656ef4c-83e9-4f26-9096-0c992e6e80273. LRE242 Solicitud inscripción.pdf,.pdf,0.9887371063232422,False,PyMuPDF,0
059244ad-624c-45cf-9e1b-d4d866a58475Delta B1 1A_CEE_V1.pdf,.pdf,0.2267446517944336,False,PyMuPDF,0
b2898dac-5095-4174-8c3a-a153c088addaAU057 CM T 59 2 0C_V2.pdf,.pdf,0.32213783264160156,False,PyMuPDF,0
9b58db7a-8194-4714-9d91-9c8edbe38d92AU071 Just registro_30-08-2024.pdf,.pdf,1.0258779525756836,False,PyMuPDF,0
83df2714-bf1a-43db-8b35-3f2ea386049aapertura-AU042 VILLAMANIN-PRESENTADA.pdf,.pdf,1.4380912780761719,False,PyMuPDF,0
1c885303-6650-4881-b009-f1cd15e899674. IMS307 CIE.pdf,.pdf,0.7856674194335938,False,PyMuPDF,0
69c3b26f-a43f-4feb-b9c1-0d7e58472a2fJ01_LPR0500-2-fd.pdf,.pdf,0.2642507553100586,False,PyMuPDF,0
5b519c90-bf9f-4be6-bfcb-604bea59df533. LRE039 Anexo IRVE.pdf,.pdf,1.2243947982788086,False,PyMuPDF,0
c6ca7b93-964f-4549-807a-5e297c3f9360IMS2034 justificante_registro_solicitud 04-05-2023.pdf,.pdf,0.2910928726196289,False,PyMuPDF,0
a001b51c-e2a6-43c2-839d-057093254135IMS354 CEE_V1_fd.pdf,.pdf,0.30077552795410156,False,PyMuPDF,0
be734489-d707-4460-9646-80ca5e5672ffIMS335 CEE_V2_fd_old.pdf,.pdf,0.3159456253051758,False,PyMuPDF,0
ef2a88f7-9f8d-47f1-970f-4c9ebabf55ac4. DR Tecnico fd.pdf,.pdf,1.1330432891845703,False,PyMuPDF,0
9f7db467-73ff-404e-85a7-a013180bfe971. Solicitud_coope_fase 2.pdf,.pdf,1.5749006271362305,False,PyMuPDF,0
a72f2249-c74c-42eb-b4f0-806a2d026098J01. Informe justificativo-232.pdf,.pdf,0.19040298461914062,False,PyMuPDF,0
efde77f7-7193-4941-a6b0-ed26f6e61aa01. Solicitud_coope_fase 2.pdf,.pdf,1.5743417739868164,False,PyMuPDF,0
4d57309c-d30e-4871-84dd-c857d1d6aefd8.2. Solicitud Subvención.pdf,.pdf,3.102296829223633,True,PyMuPDF + OCR,0
5ddb5dad-62cf-42ad-88fc-bc7ff8f3dfb5AU064 S3 just_registro_18-09-2024.pdf,.pdf,1.0287227630615234,False,PyMuPDF,0
61388550-fb94-4595-b5f9-b79b04ea7fd4Delta B6 2A_CEE_V2.pdf,.pdf,0.22504901885986328,False,PyMuPDF,0
82671eb8-d2ad-4b8b-b80a-840820a451c9AU044 MC PS 17 3C_V1.pdf fd.pdf,.pdf,0.33399009704589844,False,PyMuPDF,0
7ac7abfe-8591-4629-9ef1-91d9f42d21faLIBRO SUBC PRESENTADO.pdf,.pdf,0.024021148681640625,False,PyMuPDF,0
b1f3be61-5cb6-47a8-816c-4200338b702e1 CEE IMS349.pdf,.pdf,0.23255062103271484,False,PyMuPDF,0
bb5e483c-cbc6-4b13-b247-d9868aa2452d1. CIE IRVE.pdf,.pdf,0.21354389190673828,False,PyMuPDF,0
3ade6eb1-01cd-42df-a459-38999e17f89b3. IMS321 Solicitud.pdf,.pdf,1.0015544891357422,False,PyMuPDF,0
f7a00bca-2a1e-4e2a-9f3b-7e985ff8c6222. ALRE009 MODIT-318.pdf,.pdf,0.5672636032104492,False,PyMuPDF,0
5c06ca13-e593-48e4-b647-9708ee97a3f11. Anexo ESQUEMA IRVE_COOP.docx,.docx,0.22487354278564453,False,python-docx,0
ed9bafb9-920e-40fb-b3a7-5fdfbe052f8b4.2. Memoria Técnica.pdf,.pdf,7.096439361572266,False,PyMuPDF,0
0e28e266-c892-4dc1-a598-ac1dfa4437893. IMS324 Solicitud.pdf,.pdf,1.0011110305786133,False,PyMuPDF,0
fc0c64f4-3a51-49e3-9471-98da2d4514d72. AU085-3 DR.pdf,.pdf,0.20431041717529297,False,PyMuPDF,0
6e770278-78e1-4b8d-840c-20d6df8ec653IMS309_1erCEE_V1_fd.pdf,.pdf,0.2669029235839844,False,PyMuPDF,0
3064f93c-f5cb-4cc9-b955-8e66303914471. Solicitud_coope_fase 2.pdf,.pdf,1.4866743087768555,False,PyMuPDF,0
820e1d92-435e-4ff5-ab80-f9b1dc129d385.1.  CIE.pdf,.pdf,0.26250171661376953,False,PyMuPDF,0
3a15ffce-0338-4444-8a10-6fff32cfcbcd1. Solicitud_coope_fase 2.pdf,.pdf,1.4863624572753906,False,PyMuPDF,0
57110139-b30c-44de-90f0-2824040607deJ01. Informe justificativo-183.pdf,.pdf,0.1904764175415039,False,PyMuPDF,0
7d25bf7b-f3d3-4eea-9d9d-510ad53af6cf4. IMS302 CIE.pdf,.pdf,0.7880344390869141,False,PyMuPDF,0
ed5e1202-3587-4d2a-b28e-09b7a08539deIMS307_CEE.pdf,.pdf,0.24818992614746094,False,PyMuPDF,0
be349cec-e866-4f94-b7cc-7da6ab93d265Borrador_Julia Aerotermia FDO Héctor Coop.docx,.docx,0.025856971740722656,False,python-docx,0
9336ae45-bd43-45c3-942e-c8f6f50d8ca14. CIE C346_sin fir.pdf,.pdf,0.21155643463134766,False,PyMuPDF,0
f146834e-b2aa-4443-b39c-743a18d6bb53LRE073 Just registro_02-12-24.pdf,.pdf,1.0250358581542969,False,PyMuPDF,0
112ac534-431a-4fb6-8ab2-d0f53d897cb0J01_LPR0800-2.pdf,.pdf,0.28789520263671875,False,PyMuPDF,0
3108d4ee-5e20-402a-b37e-ed9053e83ae2Delta B1 3B_CEE_V2.pdf,.pdf,0.22725772857666016,False,PyMuPDF,0
9a90a3fa-92cb-445a-bab4-a7cf1506bd86C348 2o CEE.pdf,.pdf,0.2038259506225586,False,PyMuPDF,0
7b56fe78-1054-4c68-b29a-71b7bad3a608ANEXO V RELLENO IMS337.docx,.docx,0.3009614944458008,False,python-docx,0
e1fe20d7-7344-4e63-a506-f183a593a6564. CIE AU085-3 FD.pdf,.pdf,0.3090629577636719,False,PyMuPDF,0
164719c1-d19d-41b9-89f1-becf2e7fbfb55. LRE074 Solicitud IRVE fd.pdf,.pdf,0.27544498443603516,False,PyMuPDF,0
dcb34b22-5efb-4ffd-a56c-87bd85215de91. LRE210 CIE IRVE_SIN FIR.pdf,.pdf,0.21331787109375,False,PyMuPDF,0
a31aa1ea-4a2d-47a6-9690-bed382241466justificante_registro_solicitud.pdf,.pdf,1.0283441543579102,False,PyMuPDF,0
b8542bc1-164d-438d-9858-84f80e7fa421J01_LPR0900-3.pdf,.pdf,0.1849679946899414,False,PyMuPDF,0
61b24ea3-af8d-4cb3-a377-ee099e6ff09fIMS303_2CEE_V1_fd.pdf,.pdf,0.2853689193725586,False,PyMuPDF,0
c30af261-777e-46f5-96d2-e0615a72221fJ01. Informe justificativo-228.pdf,.pdf,0.19040679931640625,False,PyMuPDF,0
7654ab9d-2889-4315-9a88-bc16440b879cJ01_LPRP4.docx,.docx,0.14338302612304688,False,python-docx,0
7240a35c-2d34-46c2-bc1f-4373f9c928baIMS333 Jus_registro_27-12-2023.pdf,.pdf,1.018986701965332,False,PyMuPDF,0
b1182c3c-c78a-4389-958b-d8aa93cc92eaANEXO V IMS2041V2 fd1.pdf,.pdf,0.35921382904052734,False,PyMuPDF,0
7e4162a0-3da3-4460-bd3b-bd01d361e695AU057 CM T 59 3 0F_V1.pdf,.pdf,0.3209409713745117,False,PyMuPDF,0
2ba5fc41-4532-4bf6-a9ca-0554e37eaf06IMS308_CEE_V1_fd.pdf,.pdf,0.27840137481689453,False,PyMuPDF,0
a4264198-dc9e-461f-b455-a7d82d9fc6362. Declaracion responsable fdo.pdf,.pdf,0.6877202987670898,False,PyMuPDF,0
141ba9b5-7d70-4df5-9618-5fdcfe6268dbJ01. Informe justificativo-248.pdf,.pdf,0.19042396545410156,False,PyMuPDF,0
b6a706b3-55a9-44ad-b0ef-e246294891284. CIE fd.pdf,.pdf,0.782139778137207,False,PyMuPDF,0
43867ff4-24fd-40d6-b645-dfe740d5b20fDelta B7 1B_CEE_V1_fd.pdf,.pdf,0.28382301330566406,False,PyMuPDF,0
3f4ff5de-3498-466f-8a14-ca3914241cc8apertura-LA PABLO 7-PRES.pdf,.pdf,1.4381418228149414,False,PyMuPDF,0
6109b173-35bd-42d7-a566-661dff619773AU044 MC PN  3 3D_V1.pdf fd.pdf,.pdf,0.3339385986328125,False,PyMuPDF,0
9e83e145-64b0-46a6-9c41-3cd368aaeb27ANEXO V CORREGIDO fd.pdf,.pdf,0.3348531723022461,False,PyMuPDF,0
24a09a43-2548-4bc7-b44e-4536cda9dc991. Solicitud_coope_fase 2.pdf,.pdf,1.574049949645996,False,PyMuPDF,0
a498354a-4c60-459a-9b53-a0c7cc13d624J01. Informe justificativo-207.pdf,.pdf,0.190399169921875,False,PyMuPDF,0
536539d7-fb47-4b81-aa67-2544afa3205fF4A_CEE_V1_FD.pdf,.pdf,0.30936527252197266,False,PyMuPDF,0
fbfa4963-81b2-4179-b729-cefc1fbc3182B4A_CEE_V1.pdf,.pdf,0.25516605377197266,False,PyMuPDF,0
3bd41b33-2f10-4220-8c58-2aee58e5a9b53. LRE012 Anexo.pdf,.pdf,1.2261133193969727,False,PyMuPDF,0
8a1b3677-79a8-4159-96fa-2f2f11ef43812. MTD.pdf,.pdf,5.139471054077148,False,PyMuPDF,0
d66d243c-5ccf-4f1f-94d0-b1f71205960d3. Solicitud COOP.pdf,.pdf,0.2803163528442383,False,PyMuPDF,0
b1da6485-d58d-4608-83c1-e3d7672d258d4. DR Tecnico Hector.pdf,.pdf,0.0909891128540039,False,PyMuPDF,0
3f854fff-f2e5-4b2a-9e30-53229a82c2f02. AU085-7 DR.pdf,.pdf,0.2041473388671875,False,PyMuPDF,0
680d6f84-65c4-4da0-b846-693fbf63f7266. ALRE013 MOD IT315.pdf,.pdf,1.173600196838379,True,PyMuPDF + OCR,0
c2a8dcc6-919e-4e5f-bf8d-4e5f1a9f1cd9J01. Informe justificativo-170.pdf,.pdf,0.1903972625732422,False,PyMuPDF,0
89929d0a-8235-4e50-bf02-fe85f1f3ad7e4. DR Téc.pdf,.pdf,1.0732345581054688,False,PyMuPDF,0
bf0aa07b-383f-47ef-9ca1-f5a5cb8f762aB5A_CEE_V2.pdf,.pdf,0.2558870315551758,False,PyMuPDF,0
f3431864-33de-486a-afd9-5dfc312c47102. AU085-8 DR_firmado 2.pdf,.pdf,0.3245820999145508,False,PyMuPDF,0
47388361-cbd7-45f9-bfdc-ebbbef12cd76CM T 59 0 7_CEE_V1.pdf,.pdf,0.24992656707763672,False,PyMuPDF,0
467b79b8-2f3e-48f2-ae4e-e1a2018f2f1204_EIA NO APLICA LPR0202 fd.pdf,.pdf,0.17952346801757812,False,PyMuPDF,0
6aed95bf-4853-4e4e-8df4-d2d496822feeC190 just_registro_13-12-2023.pdf,.pdf,1.0227813720703125,False,PyMuPDF,0
4d7c140a-517b-46a0-9da6-aa5a71db670d2. C320 DR.pdf,.pdf,0.22886085510253906,False,PyMuPDF,0
26e4f3b5-9213-4ff6-ad8a-8252aba6314bapertura-AU050 PUENTELARRA-PRESENTADA.pdf,.pdf,1.438150405883789,False,PyMuPDF,0
e30d48e0-06d1-4fd3-b8ef-3c10a1943db04. CIE COOP.pdf,.pdf,0.2216033935546875,False,PyMuPDF,0
6b820919-c36e-424a-a585-87493f805bb4APERTURA AU076 MADRID FUENTESPINA.pdf,.pdf,0.034354209899902344,False,PyMuPDF,0
122199b3-19b0-4503-8d61-3698475474d9J01. Informe justificativo completo.pdf,.pdf,4.784475326538086,False,PyMuPDF,0
2bb10107-c5a9-4b96-9921-73bbdea078d4IMS318 Jus registro_15-07-2024.pdf,.pdf,1.0200843811035156,False,PyMuPDF,0
8b958286-088a-4f87-8e4f-cf5bd8f3493aDelta B2 3A_CEE_V1_fd.pdf,.pdf,0.2863311767578125,False,PyMuPDF,0
a5210d3d-c550-42fa-b282-9641efdc4f6d3. Anexo IRVE_fdo.pdf,.pdf,0.5861492156982422,False,PyMuPDF,0
089a0cdf-1996-403d-ae9c-12fe59180b5c4. CIE AU085-8 fd.pdf,.pdf,0.3060312271118164,False,PyMuPDF,0
a2065eec-d843-41a4-8cb7-f8c046424799IMS310_CEE_FD.pdf,.pdf,0.3229188919067383,False,PyMuPDF,0
161cd5ec-c891-45f7-8652-4851baf5722c4.2. Memoria Técnica.pdf,.pdf,7.046298027038574,False,PyMuPDF,0
be8d2d34-c008-47a6-9ee4-bb6a0d1c55bd1. Solicitud_coope_fase 2.pdf,.pdf,1.5745534896850586,False,PyMuPDF,0
3f5e9506-1f62-403b-9287-c42da63d70473. A055 Anexo IRVE.pdf,.pdf,0.5892305374145508,False,PyMuPDF,0
9dea3478-c239-4828-9714-ce18fd4e3ae91. Solicitud_coope_fase 2.pdf,.pdf,1.5753974914550781,False,PyMuPDF,0
74d64ffc-a546-4768-bb1f-8fcd20586719J01. Informe justificativo-251.pdf,.pdf,0.19045352935791016,False,PyMuPDF,0
c1be155d-9d42-429a-8389-5f9aa48813c92. LRE306 Declaracion responsable.pdf,.pdf,0.5592212677001953,False,PyMuPDF,0
146f2583-a4c1-4480-ab19-49866b175f785.1.  CIE.pdf,.pdf,0.2645864486694336,False,PyMuPDF,0
ffdf9ca4-a597-48a7-b5a1-ab138d941ef22. Comunicación COOP.DOCX,.docx,0.08381080627441406,False,python-docx,0
33360b51-583e-47dc-a972-d8ee2bd09554J01P2-2.pdf,.pdf,0.1850881576538086,False,PyMuPDF,0
ada84826-a578-4e71-adb9-ca5947d50f285. LRE090 Solicitud inscripción IRVE fd.pdf,.pdf,0.34999942779541016,False,PyMuPDF,0
6d8463ad-8bf0-4ccf-a8c2-96c3168f2a5bJ01. Informe justificativo-178.pdf,.pdf,0.19040298461914062,False,PyMuPDF,0
a85c70c6-3fbe-43ec-81d4-22e22f6478821. LRE207 CIE IRVE_SIN FIR.pdf,.pdf,0.21517372131347656,False,PyMuPDF,0
da1d74e9-e9ee-4662-b210-398dafcb1926Delta B6 1A_CEE_V1_Fd.pdf,.pdf,0.2845888137817383,False,PyMuPDF,0
3a65aec4-1b9e-4439-a436-9d3ef303dac7AU044 MC PS 17 1C_V1.pdf,.pdf,0.28610706329345703,False,PyMuPDF,0
baa76c1f-e199-4682-ba92-c5afccb119d43. IMS2039 Solicitud inscripción.pdf,.pdf,0.9848775863647461,False,PyMuPDF,0
11db6453-c1fd-4955-9978-003999124a2f5. LRE213 Solicitud IRVE.pdf,.pdf,1.0008039474487305,False,PyMuPDF,0
88d3cf2d-93cf-43c3-9d59-74c8b4b9c292AU044 MC PS 17 3C_V1.pdf fd.pdf,.pdf,0.33399009704589844,False,PyMuPDF,0
0eade887-450b-47c6-bc7d-462352f0dddejustificante_registro_solicitud (6).pdf,.pdf,0.27239227294921875,False,PyMuPDF,0
8be9fa4d-3948-487c-a727-60193a1f6d463. LRE073 Anexo IRVE.pdf,.pdf,1.2266426086425781,False,PyMuPDF,0
7a775858-e696-4da5-a1f4-53e7b17b2e83C218 Anexo V Declaración responsable sobre porcentaje de energía consumida F.pdf,.pdf,0.41381359100341797,False,PyMuPDF,0
64e7d50f-acba-4929-be7b-33317e772400LIBRO SUBC AU076 MADRID FUENTESPINA - PRESENTADO.pdf,.pdf,0.02408123016357422,False,PyMuPDF,0
88ce7c98-6d66-4a80-9e27-f5df066e64a11. Solicitud_coope_fase 2.pdf,.pdf,1.5767631530761719,False,PyMuPDF,0
ba6fe299-96e9-4ecf-9247-9100c42d903f5.1.  CIE.pdf,.pdf,0.26250171661376953,False,PyMuPDF,0
ebfc76d1-c7bf-440c-aa0c-c459eaa5fca6J01. Informe justificativo-179.pdf,.pdf,0.1904773712158203,False,PyMuPDF,0
91114278-f2c7-42e3-b2eb-bcdedec2f395LIBRO SUBCONTRATACION AU051 MAJADAHONDA-TRAMITADO.pdf,.pdf,0.057091712951660156,False,PyMuPDF,0
7d5e5a8e-e8c1-4a9e-8fad-f48b31551f2b2. MTD.pdf,.pdf,3.758833885192871,False,PyMuPDF,0
acbde906-2a3c-46b9-b2bc-8851d3ff86344. LRE355 CIE.pdf,.pdf,0.7891597747802734,False,PyMuPDF,0
07d7b254-2eb9-4432-89d2-acef3a55e4dbJ01_LPR1000-1.pdf,.pdf,0.1850271224975586,False,PyMuPDF,0
0e1b0948-9c85-49c2-a365-e823373340dc2. MTD.pdf,.pdf,5.150562286376953,False,PyMuPDF,0
eecf8514-d3ae-4073-bdad-2d66e405c76dAU044 MC PS 17 1B_V2.pdf,.pdf,0.28615570068359375,False,PyMuPDF,0
484bc856-a5d6-4645-bfca-4d107c07bc7c4. CIE.pdf,.pdf,0.26220703125,False,PyMuPDF,0
ccb14920-3ff8-475b-b36b-5f57461e4665Delta B6 3B_CEE_V1.pdf,.pdf,0.2242116928100586,False,PyMuPDF,0
fe5c78f9-e003-4eed-9808-f5ee4b731ed0apertura-LA PABLO 1-PRESENTADA .pdf,.pdf,1.438145637512207,False,PyMuPDF,0
bb7adf65-871a-4110-b51d-0e0122ad210cDelta B7 3A_CEE_V2_fd.pdf,.pdf,0.28373050689697266,False,PyMuPDF,0
6a1946ae-b0b0-49ed-9bcd-617ecfa740a9H4B_CEE_V1.pdf,.pdf,0.2553377151489258,False,PyMuPDF,0
3828022b-022c-4dbc-8e98-83fc30271ba9LRE337 Just registro_03-11-23.pdf,.pdf,1.0222673416137695,False,PyMuPDF,0
86b525b6-32dc-43b4-8c4d-ef2df8a58b39IMS315_CEE_V2_fd.pdf,.pdf,0.27992820739746094,False,PyMuPDF,0
97f2d86f-fc94-4eef-9290-159590dc66a53. LRE386 Anexo IRVE.pdf,.pdf,1.2107648849487305,False,PyMuPDF,0
0ad35d58-6533-4cc3-a7a5-4fc894bd3b0bLPR0102_praast_modelo_informe_justificativo_R (1).pdf,.pdf,1.7708330154418945,False,PyMuPDF,0
c44c2deb-e0b7-406f-96fd-17d712eefa002. C311 Declaracion responsable.pdf,.pdf,0.3242158889770508,False,PyMuPDF,0
6de24037-292f-4992-9b06-cc6403d5bf59J01. Informe justificativo-230.pdf,.pdf,0.19040489196777344,False,PyMuPDF,0
c62ec4ed-adee-4755-b7e1-f1e193dec5cd3. LRE217 Solicitud inscripción.pdf,.pdf,0.988123893737793,False,PyMuPDF,0
afaa46e3-c60a-4e7e-a638-b2264ae13f052. LRE338 Declaracion responsable.pdf,.pdf,0.5790538787841797,False,PyMuPDF,0
211fb6da-39c8-4d65-a51f-84c70424f86bjustificante_envio_exin_solicitud (4).pdf,.pdf,0.2703742980957031,False,PyMuPDF,0
75f79ab1-3524-4096-8187-7c980d3e64acAU057 CM T 59 0 5_V2.pdf,.pdf,0.2528066635131836,False,PyMuPDF,0
5c6d6e01-af16-42e8-a803-411c3ce66f91justificante_registro_solicitud (15).pdf,.pdf,0.346588134765625,False,PyMuPDF,0
90047bd0-9fb9-4526-872c-96972638f081Delta B3 2B_CEE_V2.pdf,.pdf,0.22112178802490234,False,PyMuPDF,0
1f92a35f-b89b-401e-8e5f-4cd650f4d1abJ01. Informe justificativo-213.pdf,.pdf,0.1904163360595703,False,PyMuPDF,0
83548796-cc2a-48da-a985-bfa687389aa41. LRE077 CIE IRVE.pdf,.pdf,0.7830972671508789,False,PyMuPDF,0
4773ec77-25b5-4f33-9756-c171ff45266dFuenge Gonzalo N6_2do_fd.pdf,.pdf,0.2956571578979492,False,PyMuPDF,0
d7003526-e51d-4d78-a505-e2f5c6121de83. LRE004 Anexo IRVE.pdf,.pdf,1.2226171493530273,False,PyMuPDF,0
84932f6b-5639-4ba0-b807-f197586d6563AU057 CM T 59 3 0D_V1.pdf,.pdf,0.32059574127197266,False,PyMuPDF,0
922714d0-55a9-4596-ba71-089856f23b91AU062 libro subcontratacion.pdf,.pdf,0.04425621032714844,False,PyMuPDF,0
74de1757-89ab-4d9b-8248-afbbedf4c5d82. C. caracter voluntari fd.pdf,.pdf,0.21213340759277344,False,PyMuPDF,0
b56dd536-c95f-4277-a1b0-312ae77b7500LRE039 just_registro_13-12-24.pdf,.pdf,1.0257787704467773,False,PyMuPDF,0
cd70b8d7-e70e-41d8-94eb-5f2685d0ecea1. LRE275 CIE IRVE3.pdf,.pdf,0.2097625732421875,False,PyMuPDF,0
de76263a-9b37-4baf-91e9-4ee728e7bb7dL1B_CEE_V2.pdf,.pdf,0.25538158416748047,False,PyMuPDF,0
5ada7172-4be1-462e-ae60-8ab20d7f5b544. CIE COOP (1).xlsx,.xlsx,0.03765106201171875,False,openpyxl,0
5681e1b2-b3bd-41c6-8fb8-1532c2fbff7aJ01. Informe justificativo-160.pdf,.pdf,0.1904449462890625,False,PyMuPDF,0
4a735fdf-ad6f-479c-bb18-9038e4762fb64. Anexo V. DR porcentaje autoconsumo.pdf,.pdf,0.25524234771728516,False,PyMuPDF,0
b72e6dd7-ce88-4560-a061-0a01777b4de44 (3).pdf,.pdf,1.073582649230957,False,PyMuPDF,0
10afc58b-5641-401b-802c-d3b75f1969f9APERTURA A079 MADRID CLEOPATRA.pdf,.pdf,0.03453540802001953,False,PyMuPDF,0
4808b0c9-e1d2-4981-96f8-af71463cc6e21. LRE233 CIE IRVE_fdo.pdf,.pdf,0.2633485794067383,False,PyMuPDF,0
32095bd0-5a5c-47c4-9ff8-bc4202b97e5fC329_CEE_V1_fd.pdf,.pdf,0.2826557159423828,False,PyMuPDF,0
a6c6e0b1-67ea-44cf-8436-981e9e80ace21. Solicitud_coope_fase 2.pdf,.pdf,1.5740156173706055,False,PyMuPDF,0
8b7d2d71-a484-40f3-a258-01e7d36f400cDelta B6 1A_CEE_V2.pdf,.pdf,0.2251415252685547,False,PyMuPDF,0
f4e4b854-e6ad-4e82-9949-40259f266600IMS2044 justificante_registro_solicitud 05-05-2023.pdf,.pdf,1.0075950622558594,False,PyMuPDF,0
c3eb8ccd-09da-4f0e-b17b-706cf35f3cc02. DR IMS330_fdo.pdf,.pdf,0.2561454772949219,False,PyMuPDF,0
6dd8424e-e93f-45d0-8698-30fe58e15449C282 justificante_registro_solicitud_28-06-2023.pdf,.pdf,1.0110960006713867,False,PyMuPDF,0
64533a66-3c39-4658-bc06-b4351ae8a1eeIMS317_1erCEE_V1.pdf,.pdf,0.2301168441772461,False,PyMuPDF,0
90c270db-5af6-439b-a968-14473429fc9d4. CIE sf.pdf,.pdf,0.2510719299316406,False,PyMuPDF,0
6c06f030-bcce-4018-a648-67d2ab48d22eAU057 CM T 59 0 5_V1.pdf,.pdf,0.2522916793823242,False,PyMuPDF,0
0f3b3069-e054-4623-a9e3-787d92f814a2GUIA REGISTRO DE INSTALACIONES DE AUTOCONSUMO.docx,.docx,5.3827314376831055,False,python-docx,0
c41116cb-4a46-4b55-aa8b-66d5e79c8c50IMS325_2º CEE_ fde.pdf,.pdf,0.2707395553588867,False,PyMuPDF,0
f5308283-653c-4c52-a371-5807f538b5dcDelta B18 1A_CEE_V2.pdf,.pdf,0.22450828552246094,False,PyMuPDF,0
02acc605-2e04-4064-b149-7df16bf8e86d4. LRE236 CIE.pdf,.pdf,0.2656097412109375,False,PyMuPDF,0
7ba7e4e4-2c04-42f6-952c-f129e79bcee02. IMS2036 Declaración responsable.pdf,.pdf,0.2963724136352539,False,PyMuPDF,0
43a98613-6951-41fb-be19-e6e1806240e2Delta B16 2A_CEE_V1.pdf,.pdf,0.22605228424072266,False,PyMuPDF,0
c4b0560e-564e-4d4b-8f28-9442ec6a6c1c1. LRE341 CIE.pdf,.pdf,0.26683521270751953,False,PyMuPDF,0
8c5d8a5c-1a74-493e-b0f6-a3b38d81b18d5.1.  CIE.pdf,.pdf,0.2626333236694336,False,PyMuPDF,0
454638ea-f108-4324-b4f1-355bbfe533c84. LRE398 CIE.pdf,.pdf,0.7886219024658203,False,PyMuPDF,0
3a036b66-bcf5-4c52-b3ac-a344f805d84a3. Solicitud inscripción.pdf,.pdf,1.0026369094848633,False,PyMuPDF,0
138e06f8-a4ad-4e6c-a014-ed3e183a45ceDelta B1 1A_CEE_V1_fd.pdf,.pdf,0.28588008880615234,False,PyMuPDF,0
d2257bcc-57fd-4a04-ae49-a0739852bc144. C222 CIE.pdf,.pdf,0.7905969619750977,False,PyMuPDF,0
48b94f8d-0a2d-40b0-b382-6cef7bc5e9e4AU044 MC PS 17 2A_V2.pdf,.pdf,0.28617382049560547,False,PyMuPDF,0
1b4de966-c6a8-4fd1-9ab8-41b095e72dd32. Declaración responsable fd.pdf,.pdf,0.3124523162841797,False,PyMuPDF,0
aa863668-9351-46b4-8d65-2f391dbf4fff3. Anexo IRVE.pdf,.pdf,0.5362396240234375,False,PyMuPDF,0
b137da97-0b3c-4df9-80f4-1d284f8ee652J01. Informe justificativo-174.pdf,.pdf,0.1904439926147461,False,PyMuPDF,0
27529f25-a223-4eaf-a3fc-e47c950822cbIMS343 CEE_V2.pdf,.pdf,0.2893543243408203,False,PyMuPDF,0
fea3825e-5200-4e3d-a63f-642a2cb7e1f84. CIE COLORES.pdf,.pdf,0.6982259750366211,False,PyMuPDF,0
dd0a6c07-7cdf-41f4-87cf-3f1566679b0bDelta B14 3A_CEE_V1.pdf,.pdf,0.2951841354370117,False,PyMuPDF,0
905d5ba1-ecb0-48a2-9ab9-3672cc28da641. Solicitud_coope_fase 2.pdf,.pdf,1.5741291046142578,False,PyMuPDF,0
30152d24-63ee-42d0-9c97-81b69a006c033. LRE004 Anexo IRVE.docx,.docx,0.32169055938720703,False,python-docx,0
ab71c45c-9de7-488d-8b64-fca7ff9c4f0aJ01. Informe justificativo-153.pdf,.pdf,0.1904163360595703,False,PyMuPDF,0
379a21d0-21ea-4430-8814-7b05e62ff6capraast_modelo_informe_justificativo_R (6).pdf,.pdf,3.0427799224853516,False,PyMuPDF,0
ea6f3bc2-001c-4e3f-85f0-269bb30e56a82. LRE331 DR.pdf,.pdf,0.2810029983520508,False,PyMuPDF,0
5019bec1-c6ca-4a57-b587-ada6f35339593. C346 Solicitud_fdo.pdf,.pdf,0.273712158203125,False,PyMuPDF,0
2e7f1fee-cc8b-4817-a77f-b3ae1ac0037e3. AU085-2 Solicitud.pdf,.pdf,0.30208778381347656,False,PyMuPDF,0
a532fa55-6edd-4c05-9724-dd046d3cc9b24. DR Técnico-2-4.pdf,.pdf,0.9507513046264648,False,PyMuPDF,0
4401b1c7-9357-45d5-9c59-b032af8d13e91. Solicitud_coope_fase 2.pdf,.pdf,1.4866065979003906,False,PyMuPDF,0
e6c72d3b-5d10-497f-9c93-8fd4e2f6358b1. Solicitud_coope_fase 2.pdf,.pdf,1.5736942291259766,False,PyMuPDF,0
e1948749-49f9-49b4-8f97-9e2eb856483fDelta B1 3B_CEE_V1.pdf,.pdf,0.22685718536376953,False,PyMuPDF,0
7404fe0d-524a-4903-ac26-12df54791e7fAU044 MC PS 17 1C_V2.pdf,.pdf,0.2861061096191406,False,PyMuPDF,0
4e810cdd-bb34-42ad-9b2d-713526cb40821. LRE275 CIE IRVE3 fd.pdf,.pdf,0.2580108642578125,False,PyMuPDF,0
d457c420-920c-440e-afbf-7340e2bfaf2b1. LRE387 CIE IRVE.pdf,.pdf,0.7854738235473633,False,PyMuPDF,0
9b9edd8c-46f5-401d-a479-cda87b9eef1e5.1.  CIE.pdf,.pdf,0.7833881378173828,False,PyMuPDF,0
6b1f08e2-c0d4-4f50-9ea0-b05df063f4f1J01_LPR0500-2.pdf,.pdf,0.18537521362304688,False,PyMuPDF,0
49180c99-6bf6-485d-875d-89054de419f21. LRE235 CIE IRVE2.pdf,.pdf,0.2144308090209961,False,PyMuPDF,0
d631a7ea-7b9a-402a-b598-5e3c1970ccb53. LRE254 Anexo IRVE_sin fir.pdf,.pdf,0.5207052230834961,False,PyMuPDF,0
315405f6-8669-4be9-8bc8-78eef35881221. Solicitud_coope_fase 2.pdf,.pdf,1.574570655822754,False,PyMuPDF,0
93b3c4d8-16ef-4aa6-bac2-2b79d246bb1fSolicitud en formato PDF - copia.pdf,.pdf,1.1172571182250977,False,PyMuPDF,0
dd7b61e3-35f3-4acf-b66a-5820413136a5Delta B20 2B_CEE_V2_fd.pdf,.pdf,0.2870063781738281,False,PyMuPDF,0
documents-export-2026-07-27 (1).zip,.zip,2301.6160373687744,False,Manual,0
6eff909e-9978-4d2d-b295-db996874655e3. IMS2001 Solicitud inscripción.pdf,.pdf,0.9965925216674805,False,PyMuPDF,0
3e62e61f-e3b9-430c-9d8c-60300bac130f3. LRE232 Solicitud inscripción.pdf,.pdf,0.9881410598754883,False,PyMuPDF,0
19073567-dee5-464d-8531-fcac06892bbfIMS353 CEE_V2.pdf,.pdf,0.22239398956298828,False,PyMuPDF,0
002ea500-d756-43f3-b498-028e49b0e17c4. IMS331 CIE.pdf,.pdf,0.7908668518066406,False,PyMuPDF,0
3ec5f6e0-96bc-436a-a2f5-81e77f8e275aDelta B17 3A_CEE_V2_fd.pdf,.pdf,0.2817230224609375,False,PyMuPDF,0
efff40ff-d352-4549-92c8-b4c72ffd9a148.2. Solicitud Subvención.pdf,.pdf,5.1661176681518555,False,PyMuPDF,0
f33f0d14-9037-4e50-9f2f-55992fedd8b1LRE370 Just registro_20-12-2023.pdf,.pdf,1.0184040069580078,False,PyMuPDF,0
5ffcbc29-5056-4d50-8eba-2e10390a62631. Solicitud_coope_fase 2.pdf,.pdf,1.5748443603515625,False,PyMuPDF,0
37c88a3c-fb01-4d16-802c-354aac150fba1. Solicitud_coope_fase 2.pdf,.pdf,1.575423240661621,False,PyMuPDF,0
b7830ac8-4ac3-45d0-bbed-9a2136868e8d2. C290 Declaracion responsable.pdf,.pdf,0.6182394027709961,False,PyMuPDF,0
e52a4479-c451-4543-9ee8-1f5d3518bf0d3. AU072 Solicitud_.pdf,.pdf,1.0273218154907227,False,PyMuPDF,0
d02df1b5-b25a-4973-af1f-cee7dbcf3e1cANEXO V RELLENO C287.docx,.docx,0.30112171173095703,False,python-docx,0
6a81798a-14fe-4ebe-9eb3-ff6ac2def25b0.4 VISADO_CFO_VISAdo fd4.pdf,.pdf,0.3838186264038086,False,PyMuPDF,0
3527240b-cd22-4ad0-bd76-146d32db6ba12. MTD v2.pdf,.pdf,0.4100942611694336,False,PyMuPDF,0
3c902be8-e233-4566-b9ad-188b492fedf71. LRE074 Solicitud_coope_fase 2.pdf,.pdf,1.7350540161132812,False,PyMuPDF,0
86b33349-e623-4707-881d-fe9eb3006a42AU057 CM T 59 4 2A_V1.pdf,.pdf,0.3216094970703125,False,PyMuPDF,0
62ebbabf-04ea-4808-8058-a7bf754720f22. MTD fd.pdf,.pdf,2.705441474914551,False,PyMuPDF,0
d08afbe1-1ff2-4091-a13b-46e9c091ed224. DR Tecnico fd.pdf,.pdf,1.1332693099975586,False,PyMuPDF,0
a1eeb7ee-9c28-4ffb-bb61-9ebc353bb78dDelta B1 3B_CEE_V2_fd.pdf,.pdf,0.2866172790527344,False,PyMuPDF,0
866025d7-4f51-4ff3-8381-f8b6790354453. LRE387 Anexo IRVE.pdf,.pdf,1.2269935607910156,False,PyMuPDF,0
88205bdc-3046-4686-b76f-be0c4aeb5639justificante_envio_exin_solicitud (6).pdf,.pdf,0.27073001861572266,False,PyMuPDF,0
3dea5e30-ba8b-4820-8046-0c3bbc657aa91. LRE308 CIE IRVE_fdo.pdf,.pdf,0.25991249084472656,False,PyMuPDF,0
b8e747c0-a83d-44e0-b4da-fd9ac2f4b0c7AU068 Jus registro_10-10-2024.pdf,.pdf,1.0244903564453125,False,PyMuPDF,0
92bbcace-2225-4afd-b9a9-b65e2787c9cf1. CEE 1_Certificado.pdf,.pdf,0.3337583541870117,False,PyMuPDF,0
ea7aefda-0bfd-4af7-8bc8-6cea797661501. Solicitud_coope_fase 2.pdf,.pdf,1.5740118026733398,False,PyMuPDF,0
adbb6431-5bd3-4377-868b-794f12f5f4a4apertura-LA PABLO 1-PRESENTADA .pdf,.pdf,1.438145637512207,False,PyMuPDF,0
bcf98a11-1ec3-47ac-b1a5-15979c9089faDelta B18 3B_CEE_V2_FD.pdf,.pdf,0.2841625213623047,False,PyMuPDF,0
7d3a2acd-ed69-45a3-a1fb-1641b23ab9e65. LRE075 Solicitud IRVE.pdf,.pdf,1.000401496887207,False,PyMuPDF,0
3a0e02be-2b87-4c08-8054-41b90a499cec1. CIE IRVE_fdo.pdf,.pdf,0.26250171661376953,False,PyMuPDF,0
8f55650c-5833-496a-a697-a32a7ec286b95. LRE210 Solicitud IRVE_fdo.pdf,.pdf,0.27257442474365234,False,PyMuPDF,0
0344e82d-3c44-44f0-8a94-f6683bc10f30Delta B3 3B_CEE_V2_fd2.pdf,.pdf,0.2815399169921875,False,PyMuPDF,0
12424f5e-bea9-4082-826b-63d02db38b7fJ01. Informe justificativo-157.pdf,.pdf,0.19045162200927734,False,PyMuPDF,0
94835412-df34-412b-b6dd-ac916d43f8641. Solicitud_coope_fase 2.pdf,.pdf,1.5748291015625,False,PyMuPDF,0
ce191b24-a804-4554-b81f-176dd9110e5c04_EIA NO APLICA LPR0303 fd.pdf,.pdf,0.17947673797607422,False,PyMuPDF,0
cf971edf-dddc-424c-ba32-eee1feecd5481. CFO habili fd.pdf,.pdf,0.8808498382568359,False,PyMuPDF,0
82e2db93-35b3-47e3-a2e5-fa1114e0e5583. LRE370 Solicitud.pdf,.pdf,0.9990787506103516,False,PyMuPDF,0
1137a0be-771b-423d-9c08-1912fa4d8b704. CIE C316_bat_fdo.pdf,.pdf,0.26297569274902344,False,PyMuPDF,0
1b687ed4-8740-4d66-b5c2-f12597f244b0J03 CIE.pdf,.pdf,0.7896137237548828,False,PyMuPDF,0
004956d1-35d7-403a-8dd6-5508f00d3acbAU057 CM T 59 4 1A_V1_fd.pdf,.pdf,0.36214351654052734,False,PyMuPDF,0
daaca667-e932-4a63-b89e-29fc10a8416f2. LRE345 Declaracion responsable.pdf,.pdf,0.6997518539428711,False,PyMuPDF,0
172b5953-2d95-4e13-aced-17af3cd14035AU057 CM T 59 4 2A_V1_Fd.pdf,.pdf,0.36213016510009766,False,PyMuPDF,0
78d5156c-a94e-41bc-a89e-a0e62a92eea7AU057 CM T 59 5 0C_V2.pdf,.pdf,0.3220500946044922,False,PyMuPDF,0
930aa856-bb62-4764-ad52-34b4a4f01b7e04_EIA_LPR0101 fd.pdf,.pdf,0.1787424087524414,False,PyMuPDF,0
dc3407b6-11ec-4ed2-8864-50f448f805fc2. DR_IMS356 FIRMADO.pdf,.pdf,0.24516963958740234,False,PyMuPDF,0
940924ed-d702-4a54-b368-24f3395369963. LRE345 Solicitud inscripción.pdf,.pdf,0.9917573928833008,False,PyMuPDF,0
2a00e5f0-33a3-42a3-98ce-583df9d4b9b85. C321 Solicitud_IRVE.pdf,.pdf,0.998626708984375,False,PyMuPDF,0
64b7c3ed-b96e-4904-90bc-9d4c562d8aa6J01. Informe justificativo-190.pdf,.pdf,0.19040584564208984,False,PyMuPDF,0
ae76d9d4-2b9e-4363-9c41-fcfa979ad6f16.4 CIE.pdf,.pdf,0.23244190216064453,False,PyMuPDF,0
3cc19ddb-0510-4821-99fe-d885c6621c5b1. Certf Autoconsumo fd.pdf,.pdf,0.13779258728027344,False,PyMuPDF,0
79eba9fc-1176-464d-8e15-de292dde841aJ01_LPRP4-4_fd.pdf,.pdf,0.2638406753540039,False,PyMuPDF,0
f2ccc07c-55ef-47f7-a940-38fe004cf5e8J01. Informe justificativo-192.pdf,.pdf,0.1903982162475586,False,PyMuPDF,0
6b075379-ea63-41cc-8b6e-d79e61c444a63. Anexo IRVE.pdf,.pdf,0.5192766189575195,False,PyMuPDF,0
f669f2ab-c809-4dd7-9e7c-026839b9f035J01. Informe justificativo-216.pdf,.pdf,0.1903982162475586,False,PyMuPDF,0
0c356bab-bf8d-4578-ae54-53db7ff2dc894. S4-2 CIE.pdf,.pdf,0.7904844284057617,False,PyMuPDF,0
d6d1f7de-b037-4b20-9fe6-33213e10131fLIBRO SUBCONTRATACION LA PABLO 2-TRAMITADO.pdf,.pdf,0.07030868530273438,False,PyMuPDF,0
7b8b8718-967a-4ba2-b80d-eb4c97d4085b3. LRE036 Anexo IRVE.docx,.docx,0.32224369049072266,False,python-docx,0
ed69a5ef-0cf3-48be-bc1e-15667872e4c3Delta B7 3A_CEE_V2.pdf,.pdf,0.22364234924316406,False,PyMuPDF,0
b471bbf4-2146-4d75-9162-9500056c7b2e3. LRE300 Solicitud inscripción.pdf,.pdf,0.9972143173217773,False,PyMuPDF,0
52f2f613-00ef-4a22-9b94-45824d97435a1. LRE072 Solicitud_coope_fase 2.pdf,.pdf,1.6906108856201172,False,PyMuPDF,0
1a313687-fef8-4766-87a0-da3bb16ce3993. Anexo IRVE.pdf,.pdf,0.511103630065918,False,PyMuPDF,0
70db3a1a-51c2-47a2-ae16-2f9636c3d7feAU057 CM T 59 3 0D_V1.pdf,.pdf,0.32059574127197266,False,PyMuPDF,0
09f2bfb7-ffd0-411c-84a2-5fe359ec1082AU044 MC PS 17 3C_V2.pdf,.pdf,0.2864665985107422,False,PyMuPDF,0
768f46df-2c88-43ab-a6b6-4c16ab0e0f365. LRE075 Solicitud IRVE.pdf,.pdf,1.000401496887207,False,PyMuPDF,0
b5302171-4cb7-40d2-a517-dc26280904b7C1B_CEE_V2_Fd.pdf,.pdf,0.3091754913330078,False,PyMuPDF,0
9da880df-5d8f-4611-9297-e1aba509ee4c4. IMS2034 CIE.pdf,.pdf,0.2635307312011719,False,PyMuPDF,0
547e5846-60f2-4877-924c-8a881f72fc9d2. C295 Declaracion responsable.pdf,.pdf,0.5577592849731445,False,PyMuPDF,0
40cfb388-fab1-41a6-a027-f3a7ca94d5b54. CIE ECOOO FDO.pdf,.pdf,0.2929058074951172,False,PyMuPDF,0
fda8ba44-8a5c-478d-8b12-88044d35500e1. Solicitud_coope_fase 2.pdf,.pdf,1.5743379592895508,False,PyMuPDF,0
506c4d7a-723a-4e97-9235-7e69001aa00b3. LRE306 Solicitud inscripción.pdf,.pdf,0.9960594177246094,False,PyMuPDF,0
d28c3e84-1bcb-434d-86b1-1950ecfdfcd1B2A_CEE_V1_fd.pdf,.pdf,0.3090200424194336,False,PyMuPDF,0
85bbf5ed-1749-4df8-beed-29bbd68a931d3. LRE080 Anexo IRVE.docx,.docx,0.32294654846191406,False,python-docx,0
8fc57009-5283-4b13-94e2-e943cef7352cDelta B14 3B_CEE_V2.pdf,.pdf,0.22530841827392578,False,PyMuPDF,0
fc1e132e-e635-4f8f-9cc9-477aaf3b8f60C203 (COVE) Cert Instalación_08-02-2024.pdf,.pdf,0.44779205322265625,False,PyMuPDF,0
db57c60e-bf23-4d1d-af55-12efb271002a5. LRE308 Solicitud IRVE_fdo.pdf,.pdf,0.2735748291015625,False,PyMuPDF,0
07d15b3b-df4f-4248-b630-fa2cd0e1be9f3. LRE210 Anexo IRVE_sin fir.pdf,.pdf,0.5225229263305664,False,PyMuPDF,0
eca79c66-673b-4cd6-9850-069aa73518a43. AU085-6 Solicitud fd.pdf,.pdf,0.35351085662841797,False,PyMuPDF,0
750e359a-1cb7-4d58-a5c3-548c4a3cb31e8.2. Solicitud Subvención.pdf,.pdf,6.533677101135254,True,PyMuPDF + OCR,0
88817b8c-3332-4923-8040-494ac5d8f97c3.1. CIE.pdf,.pdf,0.44779205322265625,False,PyMuPDF,0
81de589f-5494-47fc-9e00-9d14f227b8fe1. Solicitud_coope_fase 2.pdf,.pdf,1.575119972229004,False,PyMuPDF,0
d5cd299f-692d-40ae-bed4-7e5087f0bee62. MTD.pdf,.pdf,5.198022842407227,False,PyMuPDF,0
a0279262-5225-4633-af1b-0c94fc1632525. Solicitud IRVE_fdo.pdf,.pdf,0.2775430679321289,False,PyMuPDF,0
cdd43f95-7b8a-4a44-9038-b1aad90170c4J01. Informe justificativo-199.pdf,.pdf,0.19042301177978516,False,PyMuPDF,0
00accdb8-b473-4a1c-8205-e3d369beee564. IMS311 CIE.pdf,.pdf,0.7823114395141602,False,PyMuPDF,0
a678d1a4-04b8-462f-8bf8-8f2cdfe15c6b3. LRE307 Solicitud inscripción.pdf,.pdf,0.9917488098144531,False,PyMuPDF,0
f89b4c8f-3383-41c6-a294-82fc4a42c9c74. IMS2001 CIE.pdf,.pdf,0.34757328033447266,False,PyMuPDF,0
abca99a0-391a-49f4-a724-113ed2cef71b6. AER001 MOD. IT-315_sinfirma.pdf,.pdf,0.4603004455566406,False,PyMuPDF,0
210f4679-aca9-486c-bb05-ed40fa4feda1justificante_registro_solicitud (12).pdf,.pdf,0.35428333282470703,False,PyMuPDF,0
c3b64cef-80b4-4516-8e13-81cf7a262c1dANEXO V CORREGIDO.docx,.docx,0.30115795135498047,False,python-docx,0
e8f9a19a-5362-4ebb-b137-df91fa5c05ecIMS303_CEE_V1.pdf,.pdf,0.22608184814453125,False,PyMuPDF,0
85afa0d0-ca79-4ff0-b7ac-26ab84002537J01_LPR0900-3.pdf,.pdf,0.1849679946899414,False,PyMuPDF,0
6bb12c53-0f7e-4b92-929f-b7972792210a1. J01 Informe justificativo_LPR01.docx,.docx,0.12269306182861328,False,python-docx,0
6596f844-6283-4f0e-98e3-685ce66477171. Solicitud_coope_fase 2.pdf,.pdf,1.5751371383666992,False,PyMuPDF,0
c94b8897-2b72-4314-9a62-eee93fe542b8AU057 CM T 59 5 0C_V1.pdf,.pdf,0.3217353820800781,False,PyMuPDF,0
9b0f2c3e-d1d7-4371-a4ea-49ccc086b78bLRE039 just_registro_13-12-24.pdf,.pdf,1.0257787704467773,False,PyMuPDF,0
fce84533-0ea9-41f3-a9e7-9495e1f7b3f3J01. Informe justificativo-246.pdf,.pdf,0.19042396545410156,False,PyMuPDF,0
5dea5f95-2071-414e-b6a2-9e30260c31bf1. Solicitud_coope_fase 2.pdf,.pdf,1.5740060806274414,False,PyMuPDF,0
b7322129-ea27-4c02-9cc6-bbde35b0ce98B4A_CEE_V2_fd.pdf,.pdf,0.3093147277832031,False,PyMuPDF,0
5a225e6d-ad55-4c01-b6ac-412c43771a641_compressed.pdf.pdf,.pdf,2.963541030883789,False,PyMuPDF,0
96bbbe7b-97d1-4df9-9e70-7d893ccc97313. C313 Solicitud inscripción.pdf,.pdf,0.9986486434936523,False,PyMuPDF,0
eba743e8-f58f-4f1a-8c1c-732fe695698fLRE078 just_registro_10-12-24.pdf,.pdf,1.0203771591186523,False,PyMuPDF,0
971f31f2-e4f9-4fc8-8c97-572f15da3bcfH3A_CEE_V2.pdf,.pdf,0.2554750442504883,False,PyMuPDF,0
aa041b17-5949-400c-a88c-f2422d858d2eSolicitud en formato PDF (con Huella Digital) (15).pdf,.pdf,1.117213249206543,False,PyMuPDF,0
20cbf245-3d1b-4b34-968a-16d6181b9514J01. Informe justificativo-154.pdf,.pdf,0.19039058685302734,False,PyMuPDF,0
9933b820-772c-402e-9fa5-8b791af370b84. DR Tecnico este.pdf,.pdf,0.09083938598632812,False,PyMuPDF,0
632afc55-e807-4ee6-af54-9bc537d670dfDelta B3 3B_CEE_V2.pdf,.pdf,0.2209033966064453,False,PyMuPDF,0
78cee000-b1d0-4e0a-9fd4-fdc17d3be75cJ01. Informe justificativo-212.pdf,.pdf,0.19039344787597656,False,PyMuPDF,0
26608fff-7359-4514-8383-e04da2aa9a3bJ01. Informe justificativo-169.pdf,.pdf,0.19039535522460938,False,PyMuPDF,0
719e974e-adc4-4288-b542-dc3c3086daa3ANEXO V RELLENO C272.pdf,.pdf,0.27066802978515625,False,PyMuPDF,0
b1d2df87-4b6a-4c1f-8f3a-ce25c3365fb82. MTD Hector.pdf,.pdf,0.3726358413696289,False,PyMuPDF,0
8940b964-5b55-4e86-8ff8-e6a6daa82364ANEXO V IMS2041 fd.pdf,.pdf,0.3347349166870117,False,PyMuPDF,0
26f9b44d-4fda-46ec-9928-a7eb83fd72403. S4-2 Solicitud.pdf,.pdf,1.0083093643188477,False,PyMuPDF,0
125ede66-9874-4176-ab0f-de3556903e852. Declaración responsable.pdf,.pdf,0.3662443161010742,False,PyMuPDF,0
8ef547c3-b611-4bc8-a489-f8c6a90a803c23-01-23 justificante_registro_solicitud.pdf,.pdf,1.0243005752563477,False,PyMuPDF,0
af7ec3a9-7d26-4b32-b991-2c732fd1ece6ANEXO V RELLENO IMS337.pdf,.pdf,0.27240467071533203,False,PyMuPDF,0
1034b847-bf22-475a-b878-bc6072a42d346.5 CIE.pdf,.pdf,0.3045644760131836,False,PyMuPDF,0
b94904c9-25d6-40dc-ad2d-5175d1dd72daALRE009 just_registro_11-12-24.pdf,.pdf,3.4817028045654297,False,PyMuPDF,0
ba02afa4-f070-4669-8c80-3f461566f4e88.2. Solicitud Subvención.pdf,.pdf,4.366230010986328,False,PyMuPDF,0
4c6e844c-c19b-461c-9dd1-f0735791b5bfJ1A_CEE_V2_fd.pdf,.pdf,0.30930328369140625,False,PyMuPDF,0
ca82f29e-d23e-48ca-8023-e24253f4f7da7.2. Tramitación con Industria_CIE.pdf,.pdf,0.7856845855712891,False,PyMuPDF,0
2bd404cc-5076-4528-8acc-3bbd6de62d5823-01-20 justificante_registro_solicitud.pdf,.pdf,1.0237255096435547,False,PyMuPDF,0
52f3e7cc-1d5a-4002-9ad3-38f35dcd2e737.2. Tramitación con Industria_CIE.pdf,.pdf,0.26145458221435547,False,PyMuPDF,0
40ad0320-6ff1-49da-b731-8c651209ca5aB2A_CEE_V1.pdf,.pdf,0.2551860809326172,False,PyMuPDF,0
9ab7d149-d6aa-41d7-b38f-ebb6e57cd4136.8 CIE.pdf,.pdf,0.3060312271118164,False,PyMuPDF,0
f08d6f2b-c010-44c9-9b0a-a2457d89fbdc1. Solicitud_coope_fase 2.pdf,.pdf,1.5748157501220703,False,PyMuPDF,0
9171b774-a137-4b17-8579-5322dfd4f884salarios con firmas.docx,.docx,0.21468162536621094,False,python-docx,0
40301232-a89e-4e8d-9542-c6c84d5fe1fe4. CIE_last.pdf,.pdf,0.21205902099609375,False,PyMuPDF,0
805475ea-7973-4556-8c96-44f24cf769faA3A_CEE_V2_FD.pdf,.pdf,0.30933666229248047,False,PyMuPDF,0
9742eb13-f5db-4fd7-975c-0804819dc1871. Solicitud_coope_fase 2.pdf,.pdf,1.574880599975586,False,PyMuPDF,0
392363af-0e1f-4ef8-860e-796ff77f602aJ01. Informe justificativo-249.pdf,.pdf,0.19038867950439453,False,PyMuPDF,0
278910a9-8a03-4472-ab20-a29f39edb8281. LRE071 Solicitud_coope_fase 2.pdf,.pdf,1.7308588027954102,False,PyMuPDF,0
2ab5c971-24c5-4da3-9721-d1489e564aaf3. LRE235 Anexo IRVE_sin fir.pdf,.pdf,0.5223903656005859,False,PyMuPDF,0
d38d0629-b292-4e56-a65d-c0fffa2e2b7e4. AU026 CIE.pdf,.pdf,0.7876749038696289,False,PyMuPDF,0
76611e23-0824-4105-a030-4cbb1f9aec7b5. LRE013 Solicitud IRVE.pdf,.pdf,0.9993925094604492,False,PyMuPDF,0
1b747e1e-d493-44f6-bf4f-8b8c268b967b1. LRE077 Solicitud_coope_fase 2.pdf,.pdf,1.7273530960083008,False,PyMuPDF,0
a7329b9d-6b00-49e9-91e0-644922efe655J01. Informe justificativo-185.pdf,.pdf,0.19040679931640625,False,PyMuPDF,0
41350030-70d8-4509-8d86-e94997a824c5J01. Informe justificativo-228.pdf,.pdf,0.19040679931640625,False,PyMuPDF,0
4498d3c7-2181-4356-afbb-c0b81d88ea24AU044 MC PS 17 2B_V2.pdf,.pdf,0.2861452102661133,False,PyMuPDF,0
56dfed88-d795-4fc4-8a71-2bfa21925d313. LRE012 Anexo.docx,.docx,0.35636234283447266,False,python-docx,0
b2845e44-1812-41c2-b13e-f8fa626e4c0fLIBRO SUBC.pdf,.pdf,0.024271011352539062,False,PyMuPDF,0
14ec8097-b9e8-46a6-93d8-7f447b67a339IMS353 CEE_V1.pdf,.pdf,0.22272109985351562,False,PyMuPDF,0
8cbe621b-830a-4670-bedc-2038694c3e602. IMS2009 Comunicación FIRMAR TITULAR.pdf,.pdf,0.8017511367797852,False,PyMuPDF,0
0b110638-c88f-48bd-990d-7fdb4d935d48C338 CEE 2 FD.pdf,.pdf,0.29665660858154297,False,PyMuPDF,0
dc185b29-c5c2-423b-9e8a-907982b603b71. Solicitud_coope_fase 2.pdf,.pdf,1.5740060806274414,False,PyMuPDF,0
7c0990ee-fece-4244-a4bb-3990b37e2c1eANEXO V RELLENO IMS315 fd.pdf,.pdf,0.33264636993408203,False,PyMuPDF,0
471a4bf5-1c1e-4580-a328-c4f438eac79aLPR0105_praast_modelo_informe_justificativo_R (3).pdf,.pdf,2.566086769104004,False,PyMuPDF,0
0e23d89f-0e60-49a0-a200-701211255d0aLRE013 just_registro_26-11-24.pdf,.pdf,1.019831657409668,False,PyMuPDF,0
3d016408-8303-4d14-b02d-c1e611a2f67e1. LRE080 CIE IRVE.pdf,.pdf,0.7848548889160156,False,PyMuPDF,0
ae548ce5-4280-453b-8191-6c9552877c4d1. Solicitud_coope_fase 2.pdf,.pdf,1.5740289688110352,False,PyMuPDF,0
b28afc1e-7a31-4237-b57c-133b8d1ac80aDelta B16 3B_CEE_V2.pdf,.pdf,0.2272806167602539,False,PyMuPDF,0
b1b1ab69-a1f3-421c-812c-b2f5cab2fdfe3. LRE073 Anexo IRVE.pdf,.pdf,1.2266426086425781,False,PyMuPDF,0
3a8a9d2b-d447-4f7e-b41b-cad5ed4d3ad4J1 individuales completo.docx,.docx,1.9231481552124023,False,python-docx,0
b2340345-59e6-4e60-8f10-f725bbf58ecf6.7 CIE.pdf,.pdf,0.30613231658935547,False,PyMuPDF,0
3a0a0b9e-144f-4a1a-9fcf-2da380bc38a9Delta B9 2B_CEE_V1_fd.pdf,.pdf,0.2838726043701172,False,PyMuPDF,0
ed2ccfca-93ff-4969-b935-a54c3f8f37221. Solicitud_coope_fase 2.pdf,.pdf,1.5745868682861328,False,PyMuPDF,0
49143b0c-490e-40b4-9f8e-81d3bae08110IMS330 Just registro_15-07-2024.pdf,.pdf,1.0226306915283203,False,PyMuPDF,0
b79d04ba-c8d0-48bb-a188-f088c21e20a0AER009 CEE 1 fd.pdf,.pdf,0.33110713958740234,False,PyMuPDF,0
e99eee2e-1550-449a-98b7-fdfe4207349f4. DR Tec fd.pdf,.pdf,1.1567859649658203,False,PyMuPDF,0
a5e3c8f4-a96e-44f3-a88a-9dbbb5f1f5efDelta B1 3A_CEE_V1_fd.pdf,.pdf,0.2858247756958008,False,PyMuPDF,0
2052eebd-95b6-4cfb-871d-9f823de0d658justificante_registro_solicitud (12).pdf,.pdf,3.5013437271118164,False,PyMuPDF,0
bedb439c-b61f-403c-b10c-b2a5205c705d1. Solicitud_coope_fase 2.pdf,.pdf,1.5754480361938477,False,PyMuPDF,0
86072faa-8a38-4ef9-b94b-71cddcb731daIMS301_CEE 2º.pdf,.pdf,0.23485088348388672,False,PyMuPDF,0
fb2b0432-d1c6-4336-8758-a1b8fe360dc14. IMS2051 CIE.pdf,.pdf,0.7095060348510742,False,PyMuPDF,0
ecb5e948-5acb-4344-aba1-8d7b4ea79abf1. Solicitud_coope_fase 2.pdf,.pdf,1.5748491287231445,False,PyMuPDF,0
7aaabccc-2bf4-41be-94c7-37f562967def1. Solicitud_coope_fase 2.pdf,.pdf,1.4857349395751953,False,PyMuPDF,0
e1021f6f-3587-4428-b290-4c8bb26e4769Delta B20 3B_CEE_V1.pdf,.pdf,0.22728824615478516,False,PyMuPDF,0
78af7e67-7a91-4c66-aa47-ea7eb60071221. Solicitud_coope_fase 2.pdf,.pdf,1.5746088027954102,False,PyMuPDF,0
87674e9b-33e6-4fb3-b3b6-1d05a54a3a9aDelta B9 3B_CEE_V2.pdf,.pdf,0.2241191864013672,False,PyMuPDF,0
ac7a34c3-d79e-480c-bb92-677e03fc776f1. Solicitud_coope_fase 2.pdf,.pdf,1.573979377746582,False,PyMuPDF,0
2bb2249c-bba2-44f0-8fa5-1374739d1e51IMS122 just_registro_12-12-24.pdf,.pdf,1.0278558731079102,False,PyMuPDF,0
cac23b3b-bfd5-49c5-928d-23f00afe9c673. LRE055 Anexo IRVE.docx,.docx,0.3221473693847656,False,python-docx,0
013e73f5-682f-474f-8dd6-fac7a17e270b3. Anexo IRVE.docx,.docx,0.3217144012451172,False,python-docx,0
4e585c63-3860-43cd-8fef-21cadabeca344. DR Tecnico Hector.docx,.docx,0.02685260772705078,False,python-docx,0
3880cf52-97f2-44b3-ad31-4a67e00e4133CIE modificado.pdf,.pdf,0.3027381896972656,False,PyMuPDF,0
5ff9d1bb-1797-4ca2-9e17-4de4566cdb903. Anexo IRVE.docx,.docx,0.3652782440185547,False,python-docx,0
3aca0f0f-d567-4ff5-8c1c-873120daff931. LRE080 CIE IRVE.pdf,.pdf,0.7848548889160156,False,PyMuPDF,0
07c14a2d-ac5b-4c01-a017-fed0938f4ecbC329_2doCEE_V1.pdf,.pdf,0.22292613983154297,False,PyMuPDF,0
16753745-6e74-4e47-acbb-b07f8f317ce75.1.  CIE.pdf,.pdf,0.2616586685180664,False,PyMuPDF,0
e1f15d0b-e1a4-42f5-8cfe-7b48d33a0444LRE395 Just registro_15-02-2024.pdf,.pdf,1.0193452835083008,False,PyMuPDF,0
2538f04b-4bbd-49dc-ab2e-09453ffac2643. LRE078 Anexo IRVE.pdf,.pdf,1.2264909744262695,False,PyMuPDF,0
999b8645-fd81-4f3a-9f25-f1f61504bac7AU057 CM T 59 2 1A_V1.pdf,.pdf,0.32145118713378906,False,PyMuPDF,0
78935f45-f5ef-4835-a9c8-6afeb05176edC5B_CEE_V1_fd.pdf,.pdf,0.3090810775756836,False,PyMuPDF,0
1f318df6-7d17-46f4-bba7-b63fe56b8cd4J04 CIE.pdf,.pdf,0.7880344390869141,False,PyMuPDF,0
1dce0b69-15f1-404c-accf-1b57f81dc36622-12-23 justificante_registro_solicitud (16).pdf,.pdf,1.028538703918457,False,PyMuPDF,0
b2d8e0d0-1218-496b-9cde-3c72d9bb77a4AU044 MC PN  3 2D_V1.pdf fd.pdf,.pdf,0.3337106704711914,False,PyMuPDF,0
b989e067-79c6-4ee8-8bc3-2e9259aa92344. LRE344 CIE.pdf,.pdf,0.785374641418457,False,PyMuPDF,0
3e8d84d4-165e-4bd6-b493-c5175a747ba8J01_LPR1000-3-fd.pdf,.pdf,0.26384925842285156,False,PyMuPDF,0
a945db0f-89fd-4e6c-b08b-90dc528c000f7. DR.docx,.docx,0.016284942626953125,False,python-docx,0
7242f950-7371-472c-b3ce-073be84a8e4e4. S4-1 CIE.pdf,.pdf,0.7841033935546875,False,PyMuPDF,0
d2284a23-6a01-461f-b261-1a321680a04bjustificante_registro_solicitud (11).pdf,.pdf,0.35128021240234375,False,PyMuPDF,0
7df4fb89-bb7f-410a-8126-a10d26a5614c4. DR Tecnico Hector.docx,.docx,0.027047157287597656,False,python-docx,0
257327e2-ee24-43e1-90f9-e4215be7edbfIMS315_CEE_V2.pdf,.pdf,0.2191295623779297,False,PyMuPDF,0
300f448c-2cfe-4f77-840c-257b319d9bb01. Tablas R Catastral fd.pdf,.pdf,0.5260744094848633,False,PyMuPDF,0
08fb80a8-d66e-4581-a5f2-b8f1134a6af82. IMS305 DR.pdf,.pdf,0.21734905242919922,False,PyMuPDF,0
c97970f8-7c60-484a-8628-239d1621a8e01. Solicitud_coope_fase 2.pdf,.pdf,1.5395660400390625,False,PyMuPDF,0
186e23f6-9a0a-4a9e-ba1b-c286a53bbe7a0.2 Encargo de obra VISADO.pdf,.pdf,0.36009883880615234,False,PyMuPDF,0
309b9db9-d319-420c-ba38-790709df79252. C220 Declaracion responsable.pdf,.pdf,0.24231338500976562,False,PyMuPDF,0
15f31a14-4ac2-4810-97be-01d1b1e0c1b41. Solicitud_coope_fase 2.pdf,.pdf,1.5740270614624023,False,PyMuPDF,0
abdbf750-7274-482d-a2f9-87747be6eeecAU044 MC PS 17 3B_V2.pdf,.pdf,0.33397674560546875,False,PyMuPDF,0
dd97e711-6026-4c1f-a687-0fdf547e99af4. IMS305 CIE.pdf,.pdf,0.7864875793457031,False,PyMuPDF,0
55ceced2-fdf1-401f-a2b3-dcc8dd622019C2A_CEE_V1.pdf,.pdf,0.25515270233154297,False,PyMuPDF,0
a7989d7c-2e98-4114-9b81-e880c9c4433e4. CIE AU085-8.pdf,.pdf,0.25921058654785156,False,PyMuPDF,0
6eeaa3b8-4953-49ce-a360-e5ba46b28f373. LRE210 Anexo IRVE.docx,.docx,0.3298463821411133,False,python-docx,0
c8401408-1736-463a-9416-e3601aaff13a3. Solicitud_COOPE.FD.pdf,.pdf,0.27468204498291016,False,PyMuPDF,0
781eb2fe-0fbf-4ede-b3bb-963c7237df6e3. LRE378_Anexo IRVE.pdf,.pdf,0.5938386917114258,False,PyMuPDF,0
53611e90-a648-4e1c-b5d0-445450d13d6eIMS315_2doCEE_V1 30_12_fd.pdf,.pdf,0.28051280975341797,False,PyMuPDF,0
a5178893-ed30-417e-b5e8-919637a986e66. MTD FD.pdf,.pdf,3.1096086502075195,False,PyMuPDF,0
52b160fb-cb2c-47d1-a6fb-60dc8a5d815d1. Solicitud_coope_fase 2.pdf,.pdf,1.5755090713500977,False,PyMuPDF,0
daaca742-1de5-44a8-8235-7b977de0284e2. ALRE007 MOD. IT-318.pdf,.pdf,0.5662746429443359,False,PyMuPDF,0
a9647870-e6e1-4fab-aae8-a2f6fd42f584ACTUALIZADO08052025.pdf,.pdf,0.2763223648071289,False,PyMuPDF,0
8d4a68ff-5b5f-4d6d-b784-d75b24a34dfa2. MTD Hector.pdf,.pdf,0.4094562530517578,False,PyMuPDF,0
afe368d9-a850-412d-9495-7c3a1570989fC313 justificante_registro_solicitud_22-06-2023.pdf,.pdf,1.0181236267089844,False,PyMuPDF,0
d7e9fcb0-2b4c-488a-802b-086f3b8929713. LRE003 Anexo IRVE.pdf,.pdf,0.5416116714477539,False,PyMuPDF,0
9bd1556c-1943-41a2-a885-6b416fa14188C220 justificante_registro_solicitud 18-05-2023.pdf,.pdf,1.0075225830078125,False,PyMuPDF,0
f2b5fab0-f85d-407c-b13d-b09c55f11541C306_CE_fd.pdf,.pdf,0.43015193939208984,False,PyMuPDF,0
64041711-a69b-4e40-83fc-7c42c27bfe5c5. LRE386 Solicitud IRVE.pdf,.pdf,1.0017871856689453,False,PyMuPDF,0
94d7ab3e-8332-4ae6-9812-1bce804fde181. C353 CIE fd.pdf,.pdf,0.21371173858642578,False,PyMuPDF,0
eb9497ec-3bee-43c2-84f2-72adb9c6d5163. Anexo IRVE_fdo.pdf,.pdf,0.590606689453125,False,PyMuPDF,0
5f97d4bd-54d7-4b53-9983-3f7fa8a1be2e5. LRE378_Solicitud IRVE.pdf,.pdf,0.27173423767089844,False,PyMuPDF,0
3f03822e-8df1-48cd-915c-f2da14d468053. LRE235 Anexo IRVE_fdo.pdf,.pdf,0.596949577331543,False,PyMuPDF,0
c5617d93-b92f-424c-836e-f6c69d9c2d44Salarios con fecha automatica.docx,.docx,0.028615951538085938,False,python-docx,0
2e8b8b6d-03b5-4da8-835f-2e8f1a97bcc14. LRE411 CIE ECOOO FDO.pdf,.pdf,0.2906484603881836,False,PyMuPDF,0
9581f160-8e84-4561-8423-2f79c76fca51Memoria Tecnica_ VE_SMA LRE037 fdo2.pdf,.pdf,1.0674171447753906,False,PyMuPDF,0
d72a676e-bce4-4c94-875d-227df72fce721. LRE378 _CIE IRVE.pdf,.pdf,0.26192760467529297,False,PyMuPDF,0
12698b2f-2179-44ed-8305-25befb5fa3bb1. CIE IRVE.pdf,.pdf,0.21576404571533203,False,PyMuPDF,0
fea3f515-efa7-4149-bd83-375a461db59e2. MTD FD.pdf,.pdf,3.1096086502075195,False,PyMuPDF,0
799ba738-592b-4c3e-a70e-eba61968900c5. Solicitud IRVE_fdo.pdf,.pdf,0.2732353210449219,False,PyMuPDF,0
6d6ce28b-5ba7-4b09-8ab8-3bf1812d1f565. LRE077 Solicitud IRVE.pdf,.pdf,1.0000982284545898,False,PyMuPDF,0
231e0539-0ca5-483f-b424-c3bb2f17d0076. AER003 MOD. IT-315_sinfirma.pdf,.pdf,0.5909442901611328,False,PyMuPDF,0
2c0cdd1b-f4d1-4d9a-b369-80bb54a33e815.1.  CIE.pdf,.pdf,0.7851123809814453,False,PyMuPDF,0
1d37fe06-437c-4a11-bf21-931af828db9eJ01P2-1.pdf,.pdf,0.1849212646484375,False,PyMuPDF,0
ed3b6796-59e5-4d99-8c95-32933eefe4185.1.  CIE.pdf,.pdf,0.7848548889160156,False,PyMuPDF,0
ff6b2482-940b-40dc-96f9-a8eb0b0cde711. LRE073 CIE IRVE.pdf,.pdf,0.7846136093139648,False,PyMuPDF,0
96f00e94-c309-4129-97f4-8f2e8a10b7d64. CIE.pdf,.pdf,0.7858657836914062,False,PyMuPDF,0
fbeb3192-13fb-4e5b-8961-164660b0dd08CEE 1 - AU057 CM T 59 0 7.pdf,.pdf,0.2511625289916992,False,PyMuPDF,0
42d27643-0402-4bc6-b014-7bf30bee56403. LRE041 Anexo IRVE.pdf,.pdf,1.221048355102539,False,PyMuPDF,0
58d1ba2c-5542-4d69-9bc4-4b0cde2bd739AU057 CM T 59 4 1A_V2_Fd.pdf,.pdf,0.3624229431152344,False,PyMuPDF,0
675f6693-cb26-44ae-bf70-90dd08b0443c5. LRE010 Solicitud.pdf,.pdf,0.2782135009765625,False,PyMuPDF,0
7fa21e24-6c37-49d8-a811-a69b974ffe9e20220921 Solicitud registro.pdf,.pdf,0.26084327697753906,False,PyMuPDF,0
bb3147b2-0b23-41d6-90df-7e635e460d391. Solicitud_coope_fase 2.pdf,.pdf,1.5748538970947266,False,PyMuPDF,0
c9cff54b-b903-4955-8731-ae711b7ee446K4A_CEE_V2_fd.pdf,.pdf,0.30939579010009766,False,PyMuPDF,0
454e342e-9e3b-48b6-8a27-99f4b666b186LRE055 just_registro_25-11-24.pdf,.pdf,1.022496223449707,False,PyMuPDF,0
88230626-151c-4844-9874-876aa6c6393f4. C383 CIE ECOOO FDO.pdf,.pdf,0.2973365783691406,False,PyMuPDF,0
4f06ca64-5828-4962-b452-cb10532fb5538. ALRE005 DR_reforma.pdf,.pdf,0.38964271545410156,False,PyMuPDF,0
8d14f1dd-1920-4a01-a752-16b9f9f75bb410. CFO.docx,.docx,0.0257415771484375,False,python-docx,0
a144b7d3-876f-4167-9d68-a7a9cc85b333AU057 CM T 59 6 1E_V1.pdf,.pdf,0.3206052780151367,False,PyMuPDF,0
e58b426f-a52a-4ebb-b4be-81e32ab1aa594. LRE407 CIE.pdf,.pdf,0.7911348342895508,False,PyMuPDF,0
d757fd8b-f2b5-4e33-a08b-42d38cce87a80. Nota aclarotaria GARAY 7A.docx,.docx,0.03117847442626953,False,python-docx,0
c8468da7-953d-49dd-9906-398012d07d301. LRE068 Solicitud_coope_fase 2.pdf,.pdf,1.8276739120483398,False,PyMuPDF,0
f2f1510e-3c42-46b8-99fa-fe6593753fc4IMS2015 justificante_registro_solicitud 26-05-2023.pdf,.pdf,1.0215396881103516,False,PyMuPDF,0
be175511-a06c-4a75-8a4b-9698de10e9712. MTD compl.pdf,.pdf,9.558309555053711,False,PyMuPDF,0
33f58f47-93aa-41cf-ac90-5e77da0e9955C217 - CEE 1 fd.pdf,.pdf,0.2887258529663086,False,PyMuPDF,0
307f9c97-17f4-4c57-a20e-95268e6879b41. Solicitud_coope_fase 2.pdf,.pdf,1.5740079879760742,False,PyMuPDF,0
46a8c7c6-f90b-45dd-8243-e50dd24749fc3. Anexo ESQUEMA IRVE.pdf,.pdf,0.5472126007080078,False,PyMuPDF,0
c5ae288b-5cac-4487-bb2a-e30962c68746justificante_registro_solicitud (11).pdf,.pdf,0.3482398986816406,False,PyMuPDF,0
af1fefb4-f731-44c4-a670-a75ac43e4611praast_modelo_informe_justificativo_R (7).pdf,.pdf,2.832890510559082,False,PyMuPDF,0
68578ec3-361a-4d5f-91c2-524e03bab9e6Delta B1 3A_CEE_V2.pdf,.pdf,0.22664737701416016,False,PyMuPDF,0
f75940fc-9c6c-4801-8c2b-e4a4cdcb69ff4. DR Tecnico Hector.pdf,.pdf,0.0908203125,False,PyMuPDF,0
b158fbb9-580e-4930-8021-4259d33ef7e83. IMS305 Solicitud.pdf,.pdf,1.000082015991211,False,PyMuPDF,0
6e15c508-31b5-4df3-954c-3efe679c6d17Delta B20 2B_CEE_V1.pdf,.pdf,0.26313209533691406,False,PyMuPDF,0
96849e2e-3454-4bb6-8b25-6db155034a911. Solicitud_coope_fase 2.pdf,.pdf,1.5748310089111328,False,PyMuPDF,0
86191dd8-a40e-4fce-912a-fa1bbea63f29B2A_CEE_V2.pdf,.pdf,0.2556581497192383,False,PyMuPDF,0
55731b68-bf60-47e6-ad1c-47fb83d5d4335.1.  CIE.pdf,.pdf,0.7851533889770508,False,PyMuPDF,0
de992f18-097e-4c34-9557-828d17a00f7dAU044 MC PN  3 2D_V2.pdf,.pdf,0.3336172103881836,False,PyMuPDF,0
cbc85c67-e16f-4156-a5c1-e1b088ebde905. LRE039 Solicitud IRVE.pdf,.pdf,1.0053739547729492,False,PyMuPDF,0
de9c577a-8b55-45fd-9d65-9b2cc2693e412. IMS2001 Declaración responsable.pdf,.pdf,0.24422073364257812,False,PyMuPDF,0
0396458d-6fc8-4e75-a766-c82b007c6854J01. Informe justificativo-233.pdf,.pdf,0.19039344787597656,False,PyMuPDF,0
d3794184-33f8-4b92-b852-99486e47347e4. CIE fd.pdf,.pdf,0.29898929595947266,False,PyMuPDF,0
46eb63a3-c554-4cad-973a-ecb06697e21b3. Anexo IRVE.pdf,.pdf,0.5160093307495117,False,PyMuPDF,0
b1d6809f-6329-4181-8566-76405b9359692. MTD Hector.pdf,.pdf,0.37270164489746094,False,PyMuPDF,0
b3285c2b-830d-4a53-81b0-cc74cbb40ddb1. Solicitud_coope_fase 2.pdf,.pdf,1.575119972229004,False,PyMuPDF,0
04e5a3ab-d0c3-4542-849c-4fd0e10c8b421. Solicitud_coope_fase 2.pdf,.pdf,1.5749006271362305,False,PyMuPDF,0
47fed479-88ea-4a3a-89b3-ba265a8dbcfeB3B_CEE_V1_fd.pdf,.pdf,0.3089580535888672,False,PyMuPDF,0
56b5c777-f8fb-4d6a-97a1-c2d2510d67c74. CIE fdo.pdf,.pdf,0.7906522750854492,False,PyMuPDF,0
abfad426-acc7-4778-8504-ac7b87425a42justificante_registro_solicitud.pdf,.pdf,0.27104663848876953,False,PyMuPDF,0
80068ff2-9b6f-48e1-a565-f703b24065213. IMS2022 Solicitud inscripción.pdf,.pdf,0.9970636367797852,False,PyMuPDF,0
02852766-57b4-496d-b8d9-8558bd8b995b4. LRE347 CIE.pdf,.pdf,0.7883739471435547,False,PyMuPDF,0
242113bf-6e8f-4399-bcd0-76955d6c7a263. C290 Solicitud inscripción.pdf,.pdf,1.0001955032348633,False,PyMuPDF,0
1326a1c9-975a-40dd-8d98-21d42f6beb5cDelta B9 2B_CEE_V1.pdf,.pdf,0.22382640838623047,False,PyMuPDF,0
14023d6e-8c43-4f88-b3ff-fe70057d611f1. Comunicación.pdf,.pdf,0.2910928726196289,False,PyMuPDF,0
65c80e4e-6c70-4564-9496-3424c96e86700. Solicitud de Bonificación ICIO.pdf,.pdf,0.13779067993164062,False,PyMuPDF,0
d8099c10-2b2b-4532-ab95-77c8bf884d6b2. LRE303 CIE VE.pdf,.pdf,0.7853145599365234,False,PyMuPDF,0
431e54a5-58a8-4d2e-8601-ddc9b01fd1f64.pdf,.pdf,1.036336898803711,False,PyMuPDF,0
4bc6e397-b08f-4e3f-ba81-1ec1f6325668J01. Informe justificativo-206.pdf,.pdf,0.19043636322021484,False,PyMuPDF,0
9332d009-753f-4415-9b33-4de44e757ccc1. Solicitud_coope_fase 2.pdf,.pdf,1.574326515197754,False,PyMuPDF,0
76d70efd-66cf-4285-ad81-fe2322ead0241. Solicitud_coope_fase 2.pdf,.pdf,1.5756301879882812,False,PyMuPDF,0
3108ede4-5225-4c73-965b-da96aeb98877apertura-LA PABLO 2-PRESENTADA .pdf,.pdf,1.4381437301635742,False,PyMuPDF,0
e63e9e4e-1a9d-433f-8c47-95ced6c6db134. Habilitación.pdf,.pdf,0.9694738388061523,False,PyMuPDF,0
d15f87e9-8553-40d5-acce-ae8f8b1dee924. CIE IMS349 FD.pdf,.pdf,0.2979593276977539,False,PyMuPDF,0
34006b46-fe52-4acf-a3fb-a1e70e57221c7.2. Tramitación con Industria_CIE.pdf,.pdf,1.5268487930297852,False,PyMuPDF,0
8f97a45d-310f-4995-adb9-a546f7f6125f3. LRE077 Anexo IRVE.pdf,.pdf,1.2202692031860352,False,PyMuPDF,0
5fa9c8bf-249a-4a3e-b8c1-29f1728d9f5a1. Solicitud_coope_fase 2.pdf,.pdf,1.575418472290039,False,PyMuPDF,0
ca80b735-580b-467c-b196-09674615e69a4. LRE217 CIE.pdf,.pdf,0.7858285903930664,False,PyMuPDF,0
4d77eea2-4ba5-43cc-b673-d199f19aa0d83. AU085-9 Solicitud fd.pdf-SELLADO.pdf,.pdf,0.24840545654296875,False,PyMuPDF,0
3814afb4-3c09-457e-bbcc-94b7d73af99f0. Nota aclarotaria GARAY 3B.pdf,.pdf,0.07786846160888672,False,PyMuPDF,0
9ce986e1-3c42-443a-b22a-33d7eb8f73462. LRE369 DR_Fdo.pdf,.pdf,0.7533655166625977,False,PyMuPDF,0
2b0a5e5c-9d08-4158-8b6e-7b151cf10175Delta B1 2A_CEE_V1_FD.pdf,.pdf,0.2858428955078125,False,PyMuPDF,0
8fa0c3b4-d739-4b74-a4a7-332705ab1d215. IMS354 Solicitud.pdf,.pdf,0.2719755172729492,False,PyMuPDF,0
c564505b-8ad9-4cca-9fc0-c9e5643f4867J01. Informe new. LRE fd2.pdf,.pdf,2.716737747192383,False,PyMuPDF,0
22e30806-dda2-4b99-8d40-7f6187693d143. C308 Solicitud inscripción.pdf,.pdf,0.9917402267456055,False,PyMuPDF,0
42bb61d3-09c0-41ad-8f2f-c8e40187ae441. Solicitud_coope_fase 2.pdf,.pdf,1.5754823684692383,False,PyMuPDF,0
30530bf7-a65b-4464-a7cb-902ebd74e4bfIMS317_2doCEE_V1_fd.pdf,.pdf,0.28913402557373047,False,PyMuPDF,0
848a6c6e-0f42-4d3b-bbe1-d80be529ee8a1. LRE235 CIE IRVE_fdo.pdf,.pdf,0.2634258270263672,False,PyMuPDF,0
85feef06-2932-488a-b69a-a49d75450f20Delta B19 2A_CEE_V2.pdf,.pdf,0.22679710388183594,False,PyMuPDF,0
4c72a895-5acd-47e6-960d-2e81c3aa612d5.1.  CIE.pdf,.pdf,0.7874116897583008,False,PyMuPDF,0
d0330282-4118-4310-8d1a-8fc4bdfd043eJ01_LPR-4.pdf,.pdf,0.18521881103515625,False,PyMuPDF,0
e701cbff-4214-4200-9902-4aa5672e58284. LRE409 CIE_fdo.pdf,.pdf,0.2881650924682617,False,PyMuPDF,0
82e5416e-8cb9-4a65-aa62-656607ebc88eDelta B19 2A_CEE_V2.pdf,.pdf,0.2267913818359375,False,PyMuPDF,0
6a79e412-ed1f-4d58-85f9-f48c4838a6cc3. LRE386 Anexo IRVE.pdf,.pdf,1.2107648849487305,False,PyMuPDF,0
b0a7142a-53f3-4db1-a2b9-d9db6d779914AU050_Declaracion ambiental NO APLICA fd.pdf,.pdf,0.20507335662841797,False,PyMuPDF,0
34eab111-4592-440e-addd-1ddcf9795f611. Solicitud_coope_fase 2.pdf,.pdf,1.574021339416504,False,PyMuPDF,0
b019a83e-ab71-4438-9cc4-61a29ab22241A1B_CEE_V1_FD.pdf,.pdf,0.30899906158447266,False,PyMuPDF,0
819ae09c-cc7f-43ac-b57b-d46a3ebf8e4b4. LRE303 Anexo ESQUEMA IRVE Infraestr Veh Eléctr.pdf,.pdf,0.5867176055908203,False,PyMuPDF,0
934ca475-0f12-4c40-bd85-006b3a1b798c4. LRE212 CIE.pdf,.pdf,0.7858142852783203,False,PyMuPDF,0
8c55cf0a-4a24-42cf-a09e-e67cafde2b443. Anexo IRVE.pdf,.pdf,0.5220375061035156,False,PyMuPDF,0
245eec20-d201-43fb-8c31-e2dbc39738203. LRE341 Solicitud inscripción.pdf,.pdf,0.9918403625488281,False,PyMuPDF,0
5f9f2725-7876-424e-9754-fa0412aa813fJ01. Informe justificativo-200.pdf,.pdf,0.19050312042236328,False,PyMuPDF,0
8e0665b9-6852-4ca9-b763-dfe31c74bd451. Solicitud_coope_fase 2.pdf,.pdf,1.57366943359375,False,PyMuPDF,0
ce144147-0285-4ddb-bb01-f15193e2dc25IMS2059 justificante_registro_solicitud 04-05-2023.pdf,.pdf,0.2881450653076172,False,PyMuPDF,0
cbce7cc8-3855-43df-bba6-59b519528f73Delta B14 2A_CEE_V1_fd.pdf,.pdf,0.2860851287841797,False,PyMuPDF,0
c62ac01b-58a8-4c18-a620-c362aa8c89bcJ01_LPRP4-4.pdf,.pdf,0.1849822998046875,False,PyMuPDF,0
a6c965f2-45c3-4a43-848f-12a32463244cLRE407 Just registro_08-07-2024.pdf,.pdf,1.0214509963989258,False,PyMuPDF,0
716e1ed9-0c4d-4fe1-b093-4e8952c71eb13. Solicitud COOP.pdf,.pdf,0.27684783935546875,False,PyMuPDF,0
458c10e5-eb26-4098-977e-97966e740dd9Delta B18 3B_CEE_V2.pdf,.pdf,0.22415542602539062,False,PyMuPDF,0
2d500b1a-88f5-4bb4-b67b-e5564ebd8bd0J01. Informe justificativo-156.pdf,.pdf,0.19049072265625,False,PyMuPDF,0
3ef26769-86d5-48e3-a5e7-6acff058410c1. Solicitud_coope_fase 2.pdf,.pdf,1.5762739181518555,False,PyMuPDF,0
93016637-e786-4461-ab74-05ce380408a41. LRE074 CIE IRVE fd.pdf,.pdf,0.2645864486694336,False,PyMuPDF,0
bc14a529-bcd4-4832-9140-5a35bc816b2eC263 justificante_registro_solicitud 02-06-2023.pdf,.pdf,1.1884613037109375,False,PyMuPDF,0
8fc00592-0520-4acf-8283-c8aec03d2c35IMS308_CEE_V1_fd.pdf,.pdf,0.27840137481689453,False,PyMuPDF,0
c21390ac-1ce3-42e3-a0ba-69dafaa8da3b4. IMS305 CIE.pdf,.pdf,0.7864875793457031,False,PyMuPDF,0
54cb4017-53f6-4395-8cb8-f2912d806ed95.1 CIE IRVE_fdo.pdf,.pdf,0.26192474365234375,False,PyMuPDF,0
ce954df4-05af-4b8b-85a2-7ae5fd1e610f4. DR Tecnico Hector.pdf,.pdf,0.09124565124511719,False,PyMuPDF,0
5862f92d-0540-4b28-aa5f-00a7ae93f8d7C306_CEE2_V0.pdf,.pdf,0.24906158447265625,False,PyMuPDF,0
a89013ea-053e-4aaf-b75b-0054ca40a53bIMS333_CEE_V1_fd.pdf,.pdf,0.31971073150634766,False,PyMuPDF,0
6d575f3a-ebce-4c7e-8bfe-cec381d2a8d1J4C_CEE_V2.pdf,.pdf,0.2557249069213867,False,PyMuPDF,0
0cf0e08c-eb84-4bc5-bd78-aadaa09b43b7IMS335 CEE_V2.pdf,.pdf,0.2639141082763672,False,PyMuPDF,0
fe025c0d-40da-4708-b504-ee6333db79d44. CIE AU085-9 fd.pdf,.pdf,0.30686283111572266,False,PyMuPDF,0
36571ab6-159a-4be1-aa19-be6f83c5c76b3. AU072 fd Solicitud_.pdf,.pdf,1.1040353775024414,False,PyMuPDF,0
60821749-5148-4501-ad3e-f3fb93918ccaD1B_CEE_V1.pdf,.pdf,0.25520801544189453,False,PyMuPDF,0
6892d1ea-8219-475c-b512-3dfdb25cc7eaAU057 CM T 59 3 0D_V1_fd.pdf,.pdf,0.3613290786743164,False,PyMuPDF,0
55aa95ee-6fda-4f21-913a-a57e8bf3942d3. Solicitud inscripcion.pdf,.pdf,0.26819419860839844,False,PyMuPDF,0
d3bb0c16-79e1-45e7-8862-02efe997401dANEXO V RELLENO-fdo.pdf,.pdf,0.33462047576904297,False,PyMuPDF,0
4868d57b-e50e-40e8-8408-ef72830b13223. Nota reparto fd.pdf,.pdf,0.3122396469116211,False,PyMuPDF,0
34f7409d-c9c0-4bb3-b5c0-5f9d56c8b5904. CIE AU085-6 fd.pdf,.pdf,0.23262691497802734,False,PyMuPDF,0
8479b2d8-a2e6-4fe5-81f9-d50f1d99b8d22. MTD.pdf,.pdf,5.874301910400391,False,PyMuPDF,0
c1a48291-2f5a-4462-abad-f7f99fde3c85B2A_CEE_V2_fd.pdf,.pdf,0.3094034194946289,False,PyMuPDF,0
95f9af68-7ebe-4f66-91be-edaf94309dfdAU044 MC PS 17 2B_V1.pdf,.pdf,0.2862062454223633,False,PyMuPDF,0
42257977-7362-408f-adba-1b3a83da223e4. DR Tecnico Hector.docx,.docx,0.027017593383789062,False,python-docx,0
13ca6137-0cb8-42d8-ae93-b4a13fbdec95J03 Nota y registro fd.pdf,.pdf,0.46338748931884766,False,PyMuPDF,0
d30c425a-c4d5-4b8f-8774-ca3f91a3cc6a1. Representacion_CIE_MTD_Anexo_MTD.pdf,.pdf,1.7493486404418945,False,PyMuPDF,0
9d754744-3498-4154-81f4-d6913745c8c4J01. Informe justificativo-194.pdf,.pdf,0.19040679931640625,False,PyMuPDF,0
b4490efc-101a-41f5-ad31-73edd4371ff01. LRE308 CIE IRVE_fdo.pdf,.pdf,0.25991249084472656,False,PyMuPDF,0
64d22c8e-003a-4683-881f-c9473fcd3c70Delta B18 1B_CEE_V1.pdf,.pdf,0.22185134887695312,False,PyMuPDF,0
8d2b37b1-7c1c-43a6-ab5c-b4087da47228Puentelarra_2doCEE_V1_fd.pdf,.pdf,0.3174409866333008,False,PyMuPDF,0
72301033-ef38-4a8b-a3cb-5dd524b6fd7fIMS306_CEE_2 R1 LGM fd.pdf,.pdf,0.2692747116088867,False,PyMuPDF,0
3ab2b7b7-22cc-4858-9fe8-90ce3d19be724. Salarios pagados.docx,.docx,0.028482437133789062,False,python-docx,0
a5671e96-fc85-4c92-b60c-01b7a98f2d6bJ01. Informe justificativo-183.pdf,.pdf,0.1904764175415039,False,PyMuPDF,0
4d2110f5-fd4f-418c-9a83-0bacffa38933IMS335 CEE_V1.pdf,.pdf,0.26361560821533203,False,PyMuPDF,0
6f864cce-12c9-45e4-8bff-3c2958123dd53. Solicitud COOP firmado.pdf,.pdf,0.27853870391845703,False,PyMuPDF,0
d54bb869-c1bc-4159-8230-827377f4150fA1A_CEE_V1_FD.pdf,.pdf,0.3091287612915039,False,PyMuPDF,0
63ded0a4-fa2c-4f18-ae83-d6baef574d12A1B_CEE_V1.pdf,.pdf,0.25519466400146484,False,PyMuPDF,0
15880435-15a8-478b-8f64-3dde85c60bab4. CIE AU085-2.pdf,.pdf,0.25938892364501953,False,PyMuPDF,0
075540a8-b3f4-48df-9758-c413b1f888681. LRE346 CIE.pdf,.pdf,0.2686586380004883,False,PyMuPDF,0
83b52dc2-a696-4099-a539-e3f28a5160384. C308 CIE.pdf,.pdf,0.7869939804077148,False,PyMuPDF,0
7b984ec6-e22d-4417-a514-3729c0b016ad3. AU085 FD.pdf,.pdf,0.3543205261230469,False,PyMuPDF,0
9a578361-060f-41c9-b71d-75a762b110635. Just registro.pdf,.pdf,1.0192537307739258,False,PyMuPDF,0
78b030db-bd3d-45e5-97ed-2ca93a0761f91. Solicitud_coope_fase 2.pdf,.pdf,1.5751333236694336,False,PyMuPDF,0
8de46a6e-e0b1-4052-aaaa-9199fb87fab34. DR Tecnico Hector.docx,.docx,0.027016639709472656,False,python-docx,0
8475a6f8-a9f7-41d2-b83c-478999d3c2031. Anexo ESQUEMA IRVE_COOP.docx,.docx,0.22487354278564453,False,python-docx,0
7a612ebd-186a-48f5-ba04-be4a4f2098b3A026 Just registro_29-01-2024.pdf,.pdf,1.0213098526000977,False,PyMuPDF,0
ec3e9aff-b60a-4c95-9519-5cdd3cd8c7d53. Anexo IRVE fd 1.pdf,.pdf,0.6677513122558594,False,PyMuPDF,0
a5caf4d9-f0f3-4c4f-8853-188ce7b1637b3. LRE039 Anexo IRVE.pdf,.pdf,1.2243947982788086,False,PyMuPDF,0
3bd5a457-4055-4cc6-aa04-b7b0dc8d36c81. Solicitud_coope_fase 2.pdf,.pdf,1.574554443359375,False,PyMuPDF,0
5daaa9e8-1b81-4651-852e-3a4a2815189eapertura-LA PABLO 3-PRESENTADA .pdf,.pdf,1.4381465911865234,False,PyMuPDF,0
bebec762-8c3d-4126-aa9f-322c125f3d261. LRE010 CIE IRVE.pdf,.pdf,0.26270294189453125,False,PyMuPDF,0
83743a19-a07b-4c73-a625-293c89c908d3AU057 CM T 59 4 2A.pdf,.pdf,0.32120609283447266,False,PyMuPDF,0
e626ce14-888a-4b4c-831e-7e4b350f6ec43. Anexo VII Informe justi coop.DOCX,.docx,0.3109102249145508,False,python-docx,0
5924ff5f-fec4-4f03-880b-7c6ac44dfcc9C1A_CEE_V1_FD.pdf,.pdf,0.30904197692871094,False,PyMuPDF,0
3fcae0c3-0d75-481a-8063-e6fb8bfa46a61. CIE IRVE_SIN FIRMA.pdf,.pdf,0.2111959457397461,False,PyMuPDF,0
3709587c-e739-4fca-bb37-87d81fefd561J01. Informe justificativo-234.pdf,.pdf,0.190399169921875,False,PyMuPDF,0
ba86629a-d738-43d5-a189-137ed91d154fDelta B3 2A_CEE_V2.pdf,.pdf,0.22327423095703125,False,PyMuPDF,0
bb733b70-de42-4237-b8db-9743c6434f433. IMS306 Solicitud.pdf,.pdf,0.9979877471923828,False,PyMuPDF,0
a5af8b5c-9997-44a7-becd-2004d8b3c72bJ01_LPR0700-2-fd.pdf,.pdf,0.26380062103271484,False,PyMuPDF,0
f29e1a18-d002-4b08-8553-ee827d294d5ePuentelarra_CEE_V1.pdf,.pdf,0.2656211853027344,False,PyMuPDF,0
698810a5-b5d0-4026-8503-78738064dc514. CIE.pdf,.pdf,0.2635307312011719,False,PyMuPDF,0
011e5b97-d6fd-4533-9512-5dca6598a6dfC334 2do CEE_V2.pdf,.pdf,0.2228107452392578,False,PyMuPDF,0
39862d8a-e598-4efe-bc5a-35d27248ebf6C346 CIE_fdo.pdf,.pdf,0.2600984573364258,False,PyMuPDF,0
6af728a3-a693-4272-96bc-6bdea5a389561. LRE078 CIE IRVE.pdf,.pdf,0.7840824127197266,False,PyMuPDF,0
97a0d357-3a70-4aff-a712-77723876991d4. LRE295 CIE.pdf,.pdf,0.7902278900146484,False,PyMuPDF,0
00edc6a8-04eb-4cd3-b27e-dd4a74eba49c4. AU068 CIE.pdf,.pdf,0.7885961532592773,False,PyMuPDF,0
ad2a6355-2052-4e71-96bb-0214092d3535LRE078 just_registro_10-12-24.pdf,.pdf,1.0203771591186523,False,PyMuPDF,0
bc0ce01e-87bf-4d01-acb5-640c196bdf281. Solicitud_coope_fase 2.pdf,.pdf,1.5754480361938477,False,PyMuPDF,0
d1e57c67-f52c-4d63-9875-c57cda286e8a3. LRE234 Solicitud inscripción.pdf,.pdf,1.005533218383789,False,PyMuPDF,0
be90b574-deb9-42d3-aa53-06789058b30d3. LRE398 Solicitud.pdf,.pdf,1.0020418167114258,False,PyMuPDF,0
54115e30-ca40-4871-8c85-8dfa3691c0d6IMS306_CEE_1 R1 LGM fd.pdf,.pdf,0.27312469482421875,False,PyMuPDF,0
6c0216e0-b4b3-4139-b3a8-592bfd8dd2395. LRE207 Solicitud IRVE_fdo.pdf,.pdf,0.27493858337402344,False,PyMuPDF,0
f4a7ed92-f35e-469c-8724-ac8d1257949c0.2 Encargo de Obra VISADO.pdf,.pdf,0.3602609634399414,False,PyMuPDF,0
c26d56b2-b654-480a-b65b-db79203e317c1. LRE090 CIE fd.pdf,.pdf,0.3154411315917969,False,PyMuPDF,0
007dfef5-0a3a-4f48-8ff9-6580a7e12c7cDelta B20 2B_CEE_V1_fd.pdf,.pdf,0.28667354583740234,False,PyMuPDF,0
d135e853-038e-4964-a083-479b56fc02b74. DR Tecnico Hector.docx,.docx,0.026915550231933594,False,python-docx,0
9c96f221-d9c8-43d1-977c-87602aa1e6e24. DR Técnico-2-4.pdf,.pdf,0.9694719314575195,False,PyMuPDF,0
99996e37-6ae9-41a1-bbe1-dc86633383c9Delta B14 2A_CEE_V2.pdf,.pdf,0.22698116302490234,False,PyMuPDF,0
924a6619-03be-45d6-a45c-8592b8ae735f1. CFO fd.pdf,.pdf,0.1384449005126953,False,PyMuPDF,0
eb48944e-025a-44bc-bf03-783ed9cc5ca1J01. Informe justificativo-195.pdf,.pdf,0.19040298461914062,False,PyMuPDF,0
300e432b-2235-4b9f-b203-2cdfb6d49f484. CIE AU085-4.pdf,.pdf,0.25940799713134766,False,PyMuPDF,0
1fae6fb4-bebd-4e9d-b8ad-431cb024d84eB3A_CEE_V2.pdf,.pdf,0.25552845001220703,False,PyMuPDF,0
33a643a2-f2fc-4c12-a704-9fe0e6e888cb3. AU085-1 Solicitud.pdf,.pdf,0.3019857406616211,False,PyMuPDF,0
6432d286-9cb9-4f62-bd70-f9300b43ddf4Delta B16 3B_CEE_V1.pdf,.pdf,0.22693824768066406,False,PyMuPDF,0
fd4a8c25-9eae-47b6-98f4-3cb402f34718C1A_CEE_V2_Fd.pdf,.pdf,0.309356689453125,False,PyMuPDF,0
245eccaa-05b0-4f90-9ee5-6383f635b58f3. Anexo IRVE fd 2.pdf,.pdf,0.6940774917602539,False,PyMuPDF,0
7486661b-2301-4c58-a96f-5cb7ece35a04F3A_CEE_V2.pdf,.pdf,0.25544261932373047,False,PyMuPDF,0
8aba1b0d-e50f-4a24-af76-51f3c2d26c8eC1A_CEE_V1.pdf,.pdf,0.25530052185058594,False,PyMuPDF,0
6a521905-76f8-44eb-9fe7-65b462b06e103. LRE254 Anexo IRVE.docx,.docx,0.3297853469848633,False,python-docx,0
16017363-790b-46b6-8799-f0554033d1acDelta B8 2B_CEE_V2_fd.pdf,.pdf,0.28414344787597656,False,PyMuPDF,0
bf5311ef-f44c-4922-ba67-28d31c5d39b13. LRE078 Anexo IRVE.docx,.docx,0.32211971282958984,False,python-docx,0
69c74160-0db9-4f58-b75c-fceee6479c92Delta B14 3A_CEE_V2.pdf,.pdf,0.29558372497558594,False,PyMuPDF,0
45c4bd8c-cc35-4ca3-8992-b0d9222708411. Solicitud_coope_fase 2.pdf,.pdf,1.5739860534667969,False,PyMuPDF,0
ca8a0d84-a758-4210-a46a-5760723949664. CIE AU085-4 fd.pdf,.pdf,0.23244190216064453,False,PyMuPDF,0
e7ce02a8-253e-4e2d-b012-b91f8c5c8d03AU057 CM T 59 3 0A_V2_Fd.pdf,.pdf,0.3615083694458008,False,PyMuPDF,0
3e56847c-f60f-4683-b6e6-5631a824e7dcAU044 MC PS 17 1B_V1.pdf,.pdf,0.2861948013305664,False,PyMuPDF,0
a2e35b73-632e-47ed-90ee-e95180d84a214. LRE207 CIE.pdf,.pdf,0.26282691955566406,False,PyMuPDF,0
b4993cc8-e489-4e3d-9e8f-4a765fe8f5093. LRE013 Anexo IRVE.pdf,.pdf,1.2255887985229492,False,PyMuPDF,0
5b453537-6663-40ce-92ca-b1e8ee0b3c9eLRE331 Just_registro_15-01-24.pdf,.pdf,1.035409927368164,False,PyMuPDF,0
b19cf72a-c262-47d0-9c6c-17b9af614896AU044 MC PS 17 2B_CEE2.pdf,.pdf,0.2861518859863281,False,PyMuPDF,0
db9051eb-df6c-4732-a8f5-235e47fd57564. C263 CIE (2).pdf,.pdf,0.7862033843994141,False,PyMuPDF,0
f0375c93-df64-4220-9d77-ef8bfae9630cDelta B6 3B_CEE_V1_fd.pdf,.pdf,0.2842111587524414,False,PyMuPDF,0
08e54686-6ba2-41a1-ba78-401bc11d3db3J01_LPR-1.pdf,.pdf,0.18524551391601562,False,PyMuPDF,0
3c2508d8-f721-4465-9e7e-a0f2510b3b673. LRE353 Solicitud.pdf,.pdf,0.9999351501464844,False,PyMuPDF,0
9844de8d-5432-4f80-8875-0260a58ed646AU057 CM T 59 2 0C.pdf,.pdf,0.32180309295654297,False,PyMuPDF,0
48895cf3-74c9-42c4-a68c-aaa687e66470IMS350 CEE fd.pdf,.pdf,0.3241386413574219,False,PyMuPDF,0
03857be9-4b1d-4da3-9f85-761181fa2d241. Solicitud_coope_fase 2.pdf,.pdf,1.5748615264892578,False,PyMuPDF,0
b58cb4bb-6fbd-4b0c-8b17-5146991fe706J01. Informe justificativo-177.pdf,.pdf,0.19037818908691406,False,PyMuPDF,0
119f94fb-eb32-4de5-8588-c1da0aa34f3fJ01_LPRP4-2_fd.pdf,.pdf,0.26378631591796875,False,PyMuPDF,0
af04caa7-8930-4e77-af11-636647f1aaaa2. LRE207 Declaración responsable.pdf,.pdf,0.34725189208984375,False,PyMuPDF,0
e5390909-feb0-4347-a296-772445d2c229C338 CEE 1_ fd.pdf,.pdf,0.3008899688720703,False,PyMuPDF,0
330a671e-8574-4ea3-95f2-6bcdd364b85a3. Anexo IRVE.docx,.docx,0.3519458770751953,False,python-docx,0
ccf51af4-1a78-491c-9436-777c5dd7e38aJ01. Informe justificativo-219.pdf,.pdf,0.19039535522460938,False,PyMuPDF,0
0a68a9ab-08fd-4998-b1c4-b24b724e0db03. LRE003 Anexo IRVE FD.pdf,.pdf,0.6684083938598633,False,PyMuPDF,0
be536996-d4b9-40df-b455-49903e03767b4. DR Tecnico este.docx,.docx,0.027093887329101562,False,python-docx,0
6400c748-ce66-4103-bd04-1dd325d55819LRE350 justificante_registro_solicitud_16-10-2023.pdf,.pdf,1.0185613632202148,False,PyMuPDF,0
9f9c3916-4574-49e4-baf8-aec8205b10143. AU085-7 Solicitud.pdf-SELLADO.pdf,.pdf,0.24848651885986328,False,PyMuPDF,0
7a111d4d-2882-4b94-b0a0-d8766cc2b5b95.1.  CIE.pdf,.pdf,0.7831697463989258,False,PyMuPDF,0
2ed50fd9-c74b-4e9c-9809-7757aa03a4191. Solicitud_coope_fase 2.pdf,.pdf,1.5745353698730469,False,PyMuPDF,0
9fe442a1-a99c-4837-8aaa-97c61f3af6a3AU057 CM T 59 0 7_V1.pdf,.pdf,0.2523202896118164,False,PyMuPDF,0
1223ce76-df34-44a9-acc6-6e000c2b3133C2B_CEE_V1_fd.pdf,.pdf,0.3090496063232422,False,PyMuPDF,0
1a2486c9-9e20-40e7-84af-842978941b7f1. LRE353 CIE fd.pdf,.pdf,0.2647571563720703,False,PyMuPDF,0
e1c0e409-4e9c-4427-8cb1-4f7850dd3b1djustificante_registro_solicitud (16).pdf,.pdf,0.3512744903564453,False,PyMuPDF,0
7e139112-d0f8-45ea-9db8-3ed5135259151. DR Ayto FD.pdf,.pdf,1.654623031616211,False,PyMuPDF,0
6bdca74e-4cc8-4d82-9438-f03de5e6d1ba6. Tabla.xlsx,.xlsx,0.013055801391601562,False,openpyxl,0
a3f0cc6c-84b5-481e-ae72-1e0ff97c63b8IMS309_1erCEE_V1.pdf,.pdf,0.20282745361328125,False,PyMuPDF,0
2e6c88e8-abe1-4cec-aead-0d303441f4554. IMS310 CIE.pdf,.pdf,0.7890996932983398,False,PyMuPDF,0
9c3872d8-0e42-43c9-b306-ca08dbb90be24. DR Tecnico Hector.pdf,.pdf,0.10961055755615234,False,PyMuPDF,0
da98f989-52c2-49a5-9101-8b55a00d9d392. LRE303 Declaracion responsable.pdf,.pdf,0.5658731460571289,False,PyMuPDF,0
38d011b5-076f-421a-84bf-e56139cef090J01_LPR0900.pdf,.pdf,0.2335205078125,False,PyMuPDF,0
a2472bf8-b49b-4bc4-9a0e-3b32c0b3c4532023-06-22 justificante_registro_solicitud.pdf,.pdf,1.0067377090454102,False,PyMuPDF,0
689a2097-410c-4b0f-b00f-06801c008802LIBRO SUBCONTRATACION AU062 CEAR GETAFE-tramitado.pdf,.pdf,0.05709552764892578,False,PyMuPDF,0
ea170865-1814-45a1-8844-6a8e1fd86964J01_LPR1000-3-fd.pdf,.pdf,0.26384925842285156,False,PyMuPDF,0
70a94076-3134-40c7-8409-8c955791c2bb1. LRE081 Solicitud_coope_fase 2.pdf,.pdf,1.7302284240722656,False,PyMuPDF,0
28e8e0ec-87c2-4d52-9bdd-b09492a2a8e6Delta B14 3B_CEE_V2.pdf,.pdf,0.22528457641601562,False,PyMuPDF,0
888b4328-872e-4fed-87d5-8e39ea32d201LRE075 Just_registro_02-12-24.pdf,.pdf,1.0208253860473633,False,PyMuPDF,0
7a749200-3359-4851-9320-b2349ccfad892. MTD Hector.docx,.docx,0.11294937133789062,False,python-docx,0
1109af9e-0cb3-4aeb-80bc-1ee705aad52c3. LRE356 Solicitud.pdf,.pdf,1.0193548202514648,False,PyMuPDF,0
e2add928-1d39-42fc-9607-057800623110AU044 MC PS 17 2B_V2.pdf,.pdf,0.3337516784667969,False,PyMuPDF,0
30a0f3aa-73b8-43ca-a268-7729ae02df071. IMS354 CIE IRVE.pdf,.pdf,0.26283740997314453,False,PyMuPDF,0
501d9c71-9725-48aa-ab58-b34671ba15d03. Anexo IRVE.docx,.docx,0.32502174377441406,False,python-docx,0
d4d3a209-f840-4708-8319-49510e8da581J01. Informe justificativo-176.pdf,.pdf,0.1904125213623047,False,PyMuPDF,0
d050cb7c-a47b-45ed-a959-895687ffb6efJ01_LPR1000-2.pdf,.pdf,0.18491172790527344,False,PyMuPDF,0
01f4bea7-ffff-45d2-b71b-d33b25671a51ANEXO V RELLENO fdo.pdf,.pdf,0.3327207565307617,False,PyMuPDF,0
13802743-8827-4cfe-90e7-5e6329c332c34. LRE402 CIE.pdf,.pdf,0.7893199920654297,False,PyMuPDF,0
08f16cb7-d6d6-464b-8a54-2ab6471ad5c14. CIE.pdf,.pdf,0.7855205535888672,False,PyMuPDF,0
d380bbde-7f30-4473-a7ea-aa918ba028ce14. ALRE009 Memoria_RSIF.pdf,.pdf,2.8638429641723633,False,PyMuPDF,0
694aee5a-a506-4f46-ac53-9d8ccbfcc0e3AU057 CM T 59 3 0F_V1_FD.pdf,.pdf,0.3616151809692383,False,PyMuPDF,0
a95e55a0-fb22-49b3-9670-18285f6f003b5. AU068 Excel datos.xlsx,.xlsx,0.022871971130371094,False,openpyxl,0
ff68db0b-cec6-4673-a6a4-895f6492ec69IMS2051. 17042023  justificante_registro_solicitud.pdf,.pdf,1.0328893661499023,False,PyMuPDF,0
f2717719-d581-44c0-aba4-9fc0cd18a5a6AU044 MC PS 17 1C_V1.pdf,.pdf,0.28610706329345703,False,PyMuPDF,0
68d36ba2-ccef-4776-8559-4335c1f4e9003. LRE387 Solicitud.pdf,.pdf,1.014023780822754,False,PyMuPDF,0
387f1772-8e6c-4305-9270-09c48fa292a0A3B_CEE_V2_fd.pdf,.pdf,0.3090095520019531,False,PyMuPDF,0
f01ede7f-3f74-4a94-aacc-68711d95c0642. mtd.pdf,.pdf,2.6224136352539062,False,PyMuPDF,0
1d0407cb-6414-4827-af9d-d18ce4501dd73. Anexo IRVE.docx,.docx,0.3254690170288086,False,python-docx,0
6883821e-7f43-413f-8acc-c0ae2feee9beIMS306_CEE_1 R1 LGM.pdf,.pdf,0.21059799194335938,False,PyMuPDF,0
db5b9b09-64ed-43f2-a954-bc77ea1234391. LRE210 CIE IRVE_fdo.pdf,.pdf,0.26128673553466797,False,PyMuPDF,0
04dd0d78-afb0-4236-839c-76c3249ca5c04. CIE.pdf,.pdf,0.7843818664550781,False,PyMuPDF,0
9482eb28-1141-48d7-828e-fe6afda6b30e5.2 CIE.pdf,.pdf,0.2613525390625,False,PyMuPDF,0
538655d9-3e57-417d-9fcf-40e686f570401. J01 Informe justificativo_LPR04.docx,.docx,0.1218862533569336,False,python-docx,0
68377b06-2cd6-426f-bcdf-dd0c5ad33506LRE233 justi_registro.pdf,.pdf,0.27527809143066406,False,PyMuPDF,0
6674e8d0-a1b5-4000-8e1a-b084805f67111. LRE387 CIE IRVE.pdf,.pdf,0.7854738235473633,False,PyMuPDF,0
d2295dea-8b9c-4a24-ae41-bafdc852d6bc3. LRE254 Anexo IRVE_fdo.pdf,.pdf,0.5953330993652344,False,PyMuPDF,0
91cc4345-5599-49d1-9294-8ce1b0ce386d4. CIE AU085-5 fd.pdf,.pdf,0.23039531707763672,False,PyMuPDF,0
362261a1-472c-48b9-babe-18e681c79dd73. LRE229 Solicitud inscripción.pdf,.pdf,1.0032806396484375,False,PyMuPDF,0
013ed8b0-a9a6-4605-aa44-7190ce6500d94. LRE387 CIE.pdf,.pdf,0.7900266647338867,False,PyMuPDF,0
f54ddc3e-307d-47b8-989f-199c1865dd2aAU057 CM T 59 4 1A_V2.pdf,.pdf,0.32196044921875,False,PyMuPDF,0
16d5a882-5875-4442-bbf3-0ca7b0a2f992IMS307_CEE_fd.pdf,.pdf,0.3031778335571289,False,PyMuPDF,0
53a8743a-bf81-40d9-a9d4-c5de9e4a4e71LIBRO SUBCONTRATACION LA PABLO 7-TRAMITADO.pdf,.pdf,0.05713462829589844,False,PyMuPDF,0
9fa52cf2-0f94-4580-b79a-00050e5c8bd82. ALRE016 MOD. IT-318_fdo.pdf,.pdf,0.5664157867431641,False,PyMuPDF,0
5e9c162d-dc12-440b-871d-681e0779ea213. IMS2027 Solicitud inscripción.pdf,.pdf,1.0136032104492188,False,PyMuPDF,0
16c28e43-9d1c-4909-8ae0-a006ffd9814f0.2 AU058 Encargo de Obra VISADO.pdf,.pdf,0.3599662780761719,False,PyMuPDF,0
4b56e0dd-9f7f-412a-bb51-d58cf8869945Doc compre.pdf,.pdf,5.705508232116699,False,PyMuPDF,0
6b1728a9-abc4-4741-9314-a5e21e3c2b76m3a2_29949_memoria_descriptiva_94zvl37.pdf,.pdf,0.6563138961791992,False,PyMuPDF,0
cb97c125-5b3c-4cbc-814a-22b6b0f278cfAU084_Palomeras_Autorización visita técnica_Hector.pdf,.pdf,0.029808998107910156,False,PyMuPDF,0
818ece62-47a8-454c-8c47-054d762285915.1.  CIE.pdf,.pdf,0.26121044158935547,False,PyMuPDF,0
860ecc7f-dffe-436c-b23e-82fcdaa25a9djustificante_registro_solicitud (5).pdf,.pdf,0.34845733642578125,False,PyMuPDF,0
6c1b5484-0050-4b68-93b6-f0e82e66ae07PDFsam_merge.pdf,.pdf,3.3789024353027344,False,PyMuPDF,0
8a9a24b0-7d0e-4a5e-ad0c-568166fcfac2LRE013 just_registro_26-11-24.pdf,.pdf,1.019831657409668,False,PyMuPDF,0
91f1b819-26ed-4903-9c00-d2ba4f9da92d7.2. Tramitación con Industria_CIE.pdf,.pdf,0.7857732772827148,False,PyMuPDF,0
44894bd9-61e6-4eec-8bf5-a95814a64e71AU057 CM T 59 6 1E_V1.pdf,.pdf,0.3205909729003906,False,PyMuPDF,0
bead4a31-5732-40a0-aad4-b53360667aa3J01. Informe justificativo-155.pdf,.pdf,0.19038105010986328,False,PyMuPDF,0
aaf15402-99a9-4ab8-9981-3f8720b137bcAU044 MC PN  3 3D_CEE2.pdf,.pdf,0.26224327087402344,False,PyMuPDF,0
c95f9845-eb58-4806-820f-b8ab6decf50f4. IMS345 CIE.pdf,.pdf,0.7875127792358398,False,PyMuPDF,0
c86c9dcf-70f5-4a15-bd20-541dd8704722C1B_CEE_V1.pdf,.pdf,0.25511646270751953,False,PyMuPDF,0
9db44be6-62d2-4968-aad6-9a82bf3bee964. C282 CIE.pdf,.pdf,0.7881383895874023,False,PyMuPDF,0
98b33fd4-2705-4258-b383-53cc28e42d11justificante_registro_solicitud (19).pdf,.pdf,0.3512554168701172,False,PyMuPDF,0
299b48ca-c44b-4dc1-a44c-ab7bf7490bd54. LRE232 CIE.pdf,.pdf,0.7843799591064453,False,PyMuPDF,0
cbd81724-0299-407b-a3c1-c3f8dd2846bdA5B_CEE_V1.pdf,.pdf,0.2553834915161133,False,PyMuPDF,0
97fb6f44-ef99-4751-b554-f827b6ce65afAU057 CM T 59 0 7_V1.pdf,.pdf,0.2523202896118164,False,PyMuPDF,0
de8075d5-b20e-4312-879f-e42f73442353justificante_registro_solicitud (5).pdf,.pdf,0.3512611389160156,False,PyMuPDF,0
d4c2e8b9-4012-4824-9bf9-7044c65e110fAPERTURA AU064-MAJADAHONDA DELTA.pdf,.pdf,0.04861927032470703,False,PyMuPDF,0
62c94fb7-1b39-4b48-9859-bd4a329e20e7J4B_CEE_V1_fd.pdf,.pdf,0.30901145935058594,False,PyMuPDF,0
71b0f83d-24fe-4374-a227-19438449d0edC334 just_registro.pdf,.pdf,1.0115365982055664,False,PyMuPDF,0
355a39c0-4d67-42e0-bff5-5714d3449028J01_LPRP4-2_fd.pdf,.pdf,0.26378631591796875,False,PyMuPDF,0
be2a9641-1216-418c-b233-d299e6911e0d6.5 CIE.pdf,.pdf,0.3045644760131836,False,PyMuPDF,0
4e43f13d-ff88-4b17-bdc9-a808d4a943fb7.2. Tramitación con Industria_CIE.pdf,.pdf,0.7840213775634766,False,PyMuPDF,0
6ce0ec71-6a3e-4728-9a67-f22c87d015151. Solicitud_coope_fase 2.pdf,.pdf,1.4862327575683594,False,PyMuPDF,0
851fc45d-a416-4024-ae34-4fed9fd222acAU057 CM T 59 3 0A_V1.pdf,.pdf,0.3205690383911133,False,PyMuPDF,0
5c3143f9-3a94-465d-9804-7c1c8f556f2aLPR0503_praast_modelo_informe_justificativo.pdf,.pdf,1.9236116409301758,False,PyMuPDF,0
99500636-38e7-44b3-a74a-bfc62f5ea611IMS303_2CEE_V1.pdf,.pdf,0.22568702697753906,False,PyMuPDF,0
0720a12f-0582-4ef1-a80d-f0790e4e4ed8LPR_J01P3-1.pdf,.pdf,0.28810596466064453,False,PyMuPDF,0
99c1c83c-585c-47cd-b3d0-b54f7d4ef7a14. CIE.pdf,.pdf,0.26145458221435547,False,PyMuPDF,0
6117825d-232a-4f48-b289-2c0568af98a81. LRE254 CIE IRVE_fdo.pdf,.pdf,0.26279544830322266,False,PyMuPDF,0
2132dfaa-ce7a-49c7-a810-6b363e70f5af7.2. Tramitación con Industria_CIE.pdf,.pdf,0.7859411239624023,False,PyMuPDF,0
e1ed6931-0bdc-4a8b-8be3-5e10c93bde5b4. IMS2010 CIE.pdf,.pdf,0.7854146957397461,False,PyMuPDF,0
08bfa1f2-ee6d-49a5-ada3-0c7cb24af3bc1. LRE221 CIE fd.pdf,.pdf,0.3152332305908203,False,PyMuPDF,0
58d2132c-b634-468e-ad9c-3a3ede9c8d96LPR_J01P3-1_fd.pdf,.pdf,0.3669013977050781,False,PyMuPDF,0
2007c893-fcfb-483e-9004-30b1d23d419aDelta B18 1A_CEE_V2.pdf,.pdf,0.2245025634765625,False,PyMuPDF,0
06d020d1-adde-447d-a833-9a9b6a8d41c6Salarios con fecha automatica.docx,.docx,0.05950164794921875,False,python-docx,0
a46a7dbb-7b98-49b9-94ff-14371841181cLPR0101_praast_modelo_informe_justificativo_R (4).pdf,.pdf,1.6273574829101562,False,PyMuPDF,0
cae217e4-68a6-40e6-b052-740aabbbf2eb4. IMS2022 CIE.pdf,.pdf,0.2613668441772461,False,PyMuPDF,0
684d8942-e94b-4e36-8606-3bcacf85a9eb1_compressed.pdf.pdf,.pdf,1.9218320846557617,False,PyMuPDF,0
f6161171-f660-43bb-855b-d567ac3c8358AU044 MC PS 17 3B_V2.pdf,.pdf,0.2865028381347656,False,PyMuPDF,0
23147b49-43a2-4c33-ac83-336888cce36eapertura-LA PABLO 9-PRESENTADA.pdf,.pdf,1.9279699325561523,False,PyMuPDF,0
8b832e27-0b73-48d5-b514-a60e64a2ba0aIMS308_CEE_V1.pdf,.pdf,0.21717453002929688,False,PyMuPDF,0
c7105250-3421-4935-8120-71a9958f253eC306_CE_V2.pdf,.pdf,0.2489175796508789,False,PyMuPDF,0
570ee6f0-5928-4bd6-a0d2-1b9504eba807LPR0404_praast_modelo_informe_justificativo_R (2).pdf,.pdf,2.8752737045288086,False,PyMuPDF,0
6dfac970-ccba-4a53-8474-38d6b85a272fANEXO V IMS2041V2 fd1.pdf,.pdf,0.35921382904052734,False,PyMuPDF,0
f5b1559c-280d-4ab8-ad8e-8bff615d2a02Delta B6 3A_CEE_V2.pdf,.pdf,0.22501659393310547,False,PyMuPDF,0
0e72d6cc-de6e-41b4-b9e7-89fe64644a8bLRE275 just_registro.pdf,.pdf,0.27141857147216797,False,PyMuPDF,0
ada8befe-5040-4f57-98c4-5d622a64a31b6. Tabla.pdf,.pdf,0.6068477630615234,False,PyMuPDF,0
98f85845-d139-498b-9b5e-1c44917fc9c1Delta B6 2A_CEE_V2.pdf,.pdf,0.22503089904785156,False,PyMuPDF,0
180f7a34-02c5-4450-a887-f9a797f4d7f12. AU085-3 DR_firmado 2.pdf,.pdf,0.3246755599975586,False,PyMuPDF,0
588175bf-c662-412f-a8d3-eef4fc12df53Delta B18 1B_CEE_V2.pdf,.pdf,0.2222738265991211,False,PyMuPDF,0
f8618d5c-bf1d-4e84-a1be-77b200e69bf44. IMS306 CIE.pdf,.pdf,0.7836723327636719,False,PyMuPDF,0
424b2adc-d124-4054-847d-1b73196d7991J01_LPR0900-2.pdf,.pdf,0.1850738525390625,False,PyMuPDF,0
abe5a261-a633-4fa3-9b2a-de7d62b6d8e0AU057 CM T 59 6 1E_V1.pdf,.pdf,0.32039928436279297,False,PyMuPDF,0
0aa420c1-bc76-4be6-a7db-958b91241031J01. Informe justificativo-167.pdf,.pdf,0.1904897689819336,False,PyMuPDF,0
46870dc2-8511-41ad-b894-6bc26bfd9c6a2. Encargo.pdf,.pdf,0.3602609634399414,False,PyMuPDF,0
cff25712-2ca9-473e-9a04-1f4840d1f4210. Nota aclarotaria GARAY 4B.docx,.docx,0.06511974334716797,False,python-docx,0
25ab1995-85fa-4888-9688-56d43db0c8b82. DR IMS357 fd.pdf,.pdf,0.20859146118164062,False,PyMuPDF,0
68a7cc3e-3ce0-46f2-a8e8-e8122a85f4061. Solicitud_coope_fase 2.pdf,.pdf,1.574594497680664,False,PyMuPDF,0
5b87fc01-db41-40b9-b4bb-7e85b9b1fc80H1A_CEE_V1.pdf,.pdf,0.2550954818725586,False,PyMuPDF,0
a4232e41-0b72-4ec6-95c5-0539c255663fD1B_CEE_V1.pdf,.pdf,0.25541210174560547,False,PyMuPDF,0
979fae5a-992c-48d8-855f-0af929b8e312AU044 MC PN  3 2A_V1.pdf,.pdf,0.2862396240234375,False,PyMuPDF,0
88bcbd20-308b-4178-ad42-8b5f60beff0c1. LRE075 Solicitud_coope_fase 2.pdf,.pdf,1.7349796295166016,False,PyMuPDF,0
983b6050-b0e0-4870-a1e7-3c3b405ef73d1. Solicitud_coope_fase 2.pdf,.pdf,1.5748291015625,False,PyMuPDF,0
9257fc75-a9ec-477a-975b-69421ba3916d1. Solicitud_coope_fase 2.pdf,.pdf,1.5748729705810547,False,PyMuPDF,0
6b317ee3-0e7b-4227-bf66-d251c9c689785.1  CIE IRVE_fdo.pdf,.pdf,0.26146697998046875,False,PyMuPDF,0
bd6a3008-ffeb-4532-8c5c-f6ae74c357e1J01. Informe justificativo-158.pdf,.pdf,0.19041728973388672,False,PyMuPDF,0
5ea3301c-f837-4b94-9a87-9dc5643fd5391. Solicitud_coope_fase 2.pdf,.pdf,1.5672998428344727,False,PyMuPDF,0
b95efb25-331a-40c4-8677-89e8127ddcbe3. LRE299 Solicitud inscripción.pdf,.pdf,0.9881086349487305,False,PyMuPDF,0
35f11243-0200-410e-90cb-6025ebd1e941justificante_registro_solicitud.pdf,.pdf,0.27104663848876953,False,PyMuPDF,0
7f6e34f4-de6a-4383-8049-e29ad55827b4J01_LPRP4-3.pdf,.pdf,0.2364358901977539,False,PyMuPDF,0
213e4d1f-e973-46c7-b112-945cb77b39676. Anexo VII Inf V2.pdf,.pdf,0.33275794982910156,False,PyMuPDF,0
6eda26a1-3499-4002-8a8e-db511ac1d8ddLRE252 justificante_registro_solicitud 18-05-2023.pdf,.pdf,1.0340337753295898,False,PyMuPDF,0
533c6ba6-5beb-4d1e-96eb-632d40b84d2bALRE007 just_registro_07-03-2024.pdf,.pdf,0.5166730880737305,False,PyMuPDF,0
b1290f43-1f84-49df-aac3-2b7407e8d7844. DR Tec fd.pdf,.pdf,1.1755447387695312,False,PyMuPDF,0
f4653b6a-bfd5-4ad1-a5de-7861d97b33a6Certificado de GENERACIÓN FDO.pdf,.pdf,0.1372547149658203,False,PyMuPDF,0
1233451c-ef08-49d4-b17a-e7dfe3094220K4A_CEE_V2.pdf,.pdf,0.25568485260009766,False,PyMuPDF,0
a9c981db-14ce-4ecd-944b-baa558bfbaf2Delta B20 3B_CEE_V2.pdf,.pdf,0.22765159606933594,False,PyMuPDF,0
2db30bf2-b545-4f8f-809f-b4e8bd400d905. Certificado de la instalación baja tensión.pdf,.pdf,1.028538703918457,False,PyMuPDF,0
dec6b021-2743-4d71-90f0-14527e69dd5fJ01_LPR0800-3-fd.pdf,.pdf,0.3667411804199219,False,PyMuPDF,0
469026b1-24c2-4abc-b0e4-87553135e430J01. Informe justificativo-216.pdf,.pdf,0.1903982162475586,False,PyMuPDF,0
8405d637-63cd-4c2a-aa5f-c91d7165599d6.7 CIE.pdf,.pdf,0.30613231658935547,False,PyMuPDF,0
53f23060-95e8-4d22-9333-0ae2cbecfe671. LRE078 CIE IRVE.pdf,.pdf,0.7840824127197266,False,PyMuPDF,0
14711261-9419-43c5-b83a-90aa3588a7f7J01P2-4.pdf,.pdf,0.18497371673583984,False,PyMuPDF,0
cfb3174a-e9a7-496e-9ea8-f7169092673b1. LRE207 CIE IRVE_2 fdo.pdf,.pdf,0.2616586685180664,False,PyMuPDF,0
9522403b-1500-4dec-b206-94f7cb1b61bf1. LRE003 CIE.pdf,.pdf,0.2154407501220703,False,PyMuPDF,0
1a831f9e-462e-49a1-b505-e89a4c52b8eeJ01_LPRP4-4.pdf,.pdf,0.1849822998046875,False,PyMuPDF,0
fba4de50-127d-459b-ad6b-221ffc05e433J01_LPR0900-1.pdf,.pdf,0.18489933013916016,False,PyMuPDF,0
f6074a3b-a1f1-4b70-afe9-be7917cb736cG3B_CEE_V2.pdf,.pdf,0.25541210174560547,False,PyMuPDF,0
800b1286-e9f3-40ab-b1bb-fae6aa39a7fe5.1.  CIE.pdf,.pdf,0.7869119644165039,False,PyMuPDF,0
b8e049b1-a99b-4a89-a693-3b9fd7c817abD1B_CEE_V2_fd.pdf,.pdf,0.3092641830444336,False,PyMuPDF,0
9390e611-8f63-46c3-aade-5661d077ffce5. LRE036 Solicitud IRVE.pdf,.pdf,1.0037813186645508,False,PyMuPDF,0
4ef267a1-baa2-45fb-8bd9-d28712d0bbb1VISADO_14. CFO fd.pdf,.pdf,0.2130575180053711,False,PyMuPDF,0
386a1ced-ad75-46ca-936a-2f3fb97e92a22. Declaracion responsable.pdf,.pdf,0.34625816345214844,True,PyMuPDF + OCR,0
90f9b707-0367-4a54-a959-a99339fe0c25AU044 MC PS 17 1C_V1.pdf fd.pdf,.pdf,0.33373165130615234,False,PyMuPDF,0
bea2b49e-7e93-4c5c-a03a-17d75de45c014. DR Técnico-2-4.pdf,.pdf,0.9694719314575195,False,PyMuPDF,0
ace38fb5-9b80-4708-b763-f80325d91f21J01_LPR0700-2.pdf,.pdf,0.18491554260253906,False,PyMuPDF,0
6900ec16-3bb9-4ab7-b790-7490443f4448ANEXO IV C287 fd.pdf,.pdf,0.35547924041748047,False,PyMuPDF,0
c4868b02-d917-420f-a69f-1313edef72fa3. IMS2051 Solicitud inscripción.pdf,.pdf,1.013575553894043,False,PyMuPDF,0
0068b39a-8dc5-47a6-a04c-f0755ffe08d8AU044 MC PS 17 3C_V1.pdf,.pdf,0.2864561080932617,False,PyMuPDF,0
e9ffa40e-1080-418e-b539-235fb3b582841. Solicitud_coope_fase 2.pdf,.pdf,1.5740118026733398,False,PyMuPDF,0
c6f4262f-a482-40f7-b05c-67b53817f36dJ01. Informe justificativo-195.pdf,.pdf,0.19040298461914062,False,PyMuPDF,0
09fb71ef-d69f-45df-b17c-3b94d005a2906. MOD. IT-315_r fd4.pdf,.pdf,3.565877914428711,False,PyMuPDF,0
fc2b3926-5147-42a3-b1d0-76d35c277b045. C336 MTD.pdf,.pdf,1.2847604751586914,False,PyMuPDF,0
522cf46e-6b11-4f86-be9f-2c2074a8e40cAU057 CM T 59 3 0D_V1.pdf,.pdf,0.32058048248291016,False,PyMuPDF,0
d9b03b4d-6172-4989-9f06-451350c1a5de5. LRE039 Solicitud IRVE.pdf,.pdf,1.0053739547729492,False,PyMuPDF,0
14985f91-3c54-48bf-a64e-af1fa6212697AU057 CM T 59 5 0C_V1_Fd.pdf,.pdf,0.3623800277709961,False,PyMuPDF,0
6fe3b975-3237-44ec-9c69-632fd52a20fa3. Anexo IRVE.docx,.docx,0.3219270706176758,False,python-docx,0
d450238a-3f88-47f8-8ec5-c296b6a633722. CIE.pdf,.pdf,0.7856674194335938,False,PyMuPDF,0
486f6762-9f08-4084-80c6-cb90700869f8AU044 MC PN  3 1C_V1_fd.pdf,.pdf,0.3338499069213867,False,PyMuPDF,0
0e4ba2e4-9112-4031-b2e6-9d17dfb9581d1. Solicitud_coope_fase 2.pdf,.pdf,1.4864215850830078,False,PyMuPDF,0
39a00eb7-5c85-4b8b-974a-6fad3266b28eAU046 Jus registro_04-03-2024.pdf,.pdf,1.0118322372436523,False,PyMuPDF,0
88a7647c-2777-4c48-9b60-1a25b7be4373AU057 CM T 59 4 0C_V1_fd.pdf,.pdf,0.362152099609375,False,PyMuPDF,0
ca140560-5ab0-4708-819d-283f171b4a872023-06-22 justificante_registro_solicitud.pdf,.pdf,1.0067377090454102,False,PyMuPDF,0
9e228bf4-c2f9-4a8d-bbae-60483a285b4e1. LRE235 CIE IRVE_fdo.pdf,.pdf,0.2634258270263672,False,PyMuPDF,0
8ac15b3d-7e21-4532-a60d-4ce19747c0292.  MTD fd.pdf,.pdf,5.948558807373047,False,PyMuPDF,0
bc22249f-8d90-44d5-9a62-71fea09248ad1. Solicitud_coope_fase 2.pdf,.pdf,1.574019432067871,False,PyMuPDF,0
e775b551-a516-4c2d-baac-5028cbdcb47a1. LRE068 Solicitud_coope_fase 2.pdf,.pdf,1.7290306091308594,False,PyMuPDF,0
70f1456c-5aeb-4d6f-93d7-c7fc1fe7c4bd2. IMS2009 Comunicación.pdf,.pdf,1.002100944519043,False,PyMuPDF,0
0d80a243-7078-44a1-8eda-6c12cf309c226. ALRE001 MOD. IT-315.pdf,.pdf,1.0902795791625977,True,PyMuPDF + OCR,0
55a887eb-91ea-4252-8ad7-998b4117b840IMS345 2º CEE.pdf,.pdf,0.23982810974121094,False,PyMuPDF,0
453b4825-02ae-4015-99ae-7b0110e6e5bcC349 CEE 2.pdf,.pdf,0.23217105865478516,False,PyMuPDF,0
c8372520-6da4-4f8b-8e52-27e9e2b01b913. LRE356 Anexo IRVE_fdo.pdf,.pdf,0.5901279449462891,False,PyMuPDF,0
e9ce8adf-0302-4850-af4f-f82ac10eedcd1. Solicitud_coope_fase 2.pdf,.pdf,1.5746307373046875,False,PyMuPDF,0
2a3d9bdc-7f02-4770-a7f5-8688be438083Delta B8 2B_CEE_V2.pdf,.pdf,0.22414684295654297,False,PyMuPDF,0
0de636c9-380b-4f50-9a88-b6fc9c73d372J3C_CEE_V1.pdf,.pdf,0.2551393508911133,False,PyMuPDF,0
f2c6e77b-4371-4b40-8d52-226731c1e1060. Nota aclarotaria GARAY 4B.pdf,.pdf,0.07944107055664062,False,PyMuPDF,0
32c7b92b-0dc6-4202-a762-8ab5392d0dd61. LRE090 Solicitud_coope_fase 2.pdf,.pdf,1.7262344360351562,False,PyMuPDF,0
a883ea23-c376-458b-ba83-ddbec9b2578e2. MTD fd.pdf,.pdf,5.273297309875488,False,PyMuPDF,0
41a32611-3e09-490c-ae4d-401b8a09443b3. LRE225 Anexo ESQUEMA_IRVE.pdf,.pdf,1.2269248962402344,False,PyMuPDF,0
88d981a2-7c96-4f5a-a1a5-fa90afe389a3J01. Informe justificativo-229.pdf,.pdf,0.19040393829345703,False,PyMuPDF,0
2ad6dcb4-b21e-47ba-b9e5-3581c9266d464. DR Tecnico Hector.pdf,.pdf,0.09085750579833984,False,PyMuPDF,0
45b5edc5-0073-4fea-8a53-0ba7cdc72734J01_LPR1000-4.pdf,.pdf,0.18494892120361328,False,PyMuPDF,0
cdda71ec-28ce-42a7-8018-5a92fa54169bG4C_CEE_V1.pdf,.pdf,0.25521278381347656,False,PyMuPDF,0
f40744dc-aa3a-490c-917c-04d3f68d60111. CIE IRVE_fdo.pdf,.pdf,0.26192760467529297,False,PyMuPDF,0
51f9ae6e-3d7e-4e60-9a40-3a44ec2afa1b1. LRE036 CIE IRVE.pdf,.pdf,0.7867765426635742,False,PyMuPDF,0
3bfe6df7-a6f8-44f7-bdf9-483eaf883d95J01_LPRP4-3_fd.pdf,.pdf,0.3152456283569336,False,PyMuPDF,0
170da8f9-64c3-4aad-9c5f-c0a24ff6d4a0CEE 1 - AU057 CM T 59 C2 0C.pdf,.pdf,0.32172584533691406,False,PyMuPDF,0
45298fef-0302-4b7e-a602-50eedbabd51a5. AU046 Solicitud_IRVE.pdf,.pdf,0.9927244186401367,False,PyMuPDF,0
0825d0be-eaf4-46ee-a4aa-8e9ed008ba693. LRE235 Anexo IRVE_fdo.pdf,.pdf,0.596949577331543,False,PyMuPDF,0
d28ce43f-6aee-40e5-bdcd-f8b1ffd98afdC2B_CEE_V2_fd.pdf,.pdf,0.30933284759521484,False,PyMuPDF,0
51dfeb93-8fb5-4cf6-a0fe-489e2ae1bbf81. Solicitud_coope_fase 2.pdf,.pdf,1.574030876159668,False,PyMuPDF,0
2ee9eced-0122-4309-8ccb-c02916cab7e2IMS307 just registro_22-11-2023.pdf,.pdf,1.0183906555175781,False,PyMuPDF,0
ab53094d-b8b6-4fbc-b51a-d513ebe36a771. IMS122 CIE IRVE.pdf,.pdf,0.7867660522460938,False,PyMuPDF,0
83761fb6-0ad8-45fc-a9e1-4b558f1f46c52. MTD Hector.docx,.docx,0.11345863342285156,False,python-docx,0
e7381d2d-a2d9-4f6f-87f2-a15de426681fDoc compress.pdf,.pdf,4.612761497497559,False,PyMuPDF,0
0cccc193-966b-4a2c-b5d2-e73dd404230e3. Anexo IRVE.pdf,.pdf,0.5142736434936523,False,PyMuPDF,0
67955729-aedc-4d3f-892e-d92f68cfdfbd2. MTD Hector.docx,.docx,0.11310958862304688,False,python-docx,0
56a46a8e-0c85-4049-b8ed-e38cd17fa094AU057 CM T 59 3 0D_V2_fd.pdf,.pdf,0.3615989685058594,False,PyMuPDF,0
84797852-8c27-41c4-bb4c-38667539aeaf2. C336 Comunicación.pdf,.pdf,0.8749580383300781,False,PyMuPDF,0
b5c55d06-5875-4394-8a61-3c0ae97af6a81. LRE006 CIE IRVE.pdf,.pdf,0.7869119644165039,False,PyMuPDF,0
89373f61-e11a-4f4b-90d3-b517a4c77c19J01. Informe justificativo-221.pdf,.pdf,0.19039535522460938,False,PyMuPDF,0
1b5645fc-3b12-49a1-903a-1ca887921240LRE004 Jus_registro_26-11-24.pdf,.pdf,1.021566390991211,False,PyMuPDF,0
bf3e5a0f-84a7-4b7c-b013-875f3260156b2. Solicitud_CIE_MTD_Anexo.pdf,.pdf,1.3542871475219727,False,PyMuPDF,0
ee749249-e0bd-4610-975a-a33dd2fa4a54J01. Informe justificativo-189.pdf,.pdf,0.19040298461914062,False,PyMuPDF,0
4dcf7a3a-3738-4810-8e0d-af8b053f9df62. C217 DR.pdf,.pdf,0.34497642517089844,False,PyMuPDF,0
4c829950-8bee-4dc4-904e-a78396ca01b54. C220 CIE.pdf,.pdf,0.7857446670532227,False,PyMuPDF,0
749a9951-a770-430e-afc7-91fdc1ed8589Salarios 2.0.pdf,.pdf,0.7084684371948242,False,PyMuPDF,0
7a849b16-b0b7-4899-be7b-f101667b53a54. LRE395 CIE.pdf,.pdf,0.7886533737182617,False,PyMuPDF,0
880867d1-6f99-400b-bc69-45d77483e8396. MOD. IT-315_VF.pdf,.pdf,0.4665851593017578,False,PyMuPDF,0
6aa9e354-c6fc-4983-ae06-8c4f1449b5813. LRE207 Anexo IRVE_fdo.pdf,.pdf,0.5879192352294922,False,PyMuPDF,0
670877d1-d580-49c4-8750-843fab0c83653. ANEXO fd.pdf,.pdf,0.4832496643066406,False,PyMuPDF,0
187b1cce-40bc-4463-96b1-b263f37554974. IMS334 CIE.pdf,.pdf,0.7868595123291016,False,PyMuPDF,0
e67fe53b-eb41-4818-9802-7d4631f04c8aDelta B9 1A_CEE_V2.pdf,.pdf,0.224517822265625,False,PyMuPDF,0
8e05c875-4a4e-44e4-aaa6-823d962d3fa9A4B_CEE_V1.pdf,.pdf,0.2553291320800781,False,PyMuPDF,0
e7346c84-5756-49a9-8687-89049685d588A2A_CEE_V2.pdf,.pdf,0.2556304931640625,False,PyMuPDF,0
fbdf0b16-a7ad-450c-93bc-0552084dc94d1. Solicitud_coope_fase 2.pdf,.pdf,1.57489013671875,False,PyMuPDF,0
c5fff4fa-1e71-4389-97aa-91f629cd66b54. CIE.pdf,.pdf,0.7833032608032227,False,PyMuPDF,0
4093e0bb-54f7-4a42-8f6a-f0545276d4483. IMS2034 Solicitud inscripción.pdf,.pdf,0.2897224426269531,False,PyMuPDF,0
2827088f-8236-4a6b-a2ab-404bf1227162E3B_CEE_V1.pdf,.pdf,0.2553844451904297,False,PyMuPDF,0
15035b60-64cd-4369-ab4e-db9e790a95528.2. Solicitud Subvención.pdf,.pdf,4.216122627258301,False,PyMuPDF,0
1fd86b67-5f19-4a53-9af1-14838d60f3deDelta B20 3B_CEE_V2_fd.pdf,.pdf,0.287139892578125,False,PyMuPDF,0
f5cd49d6-2fa9-4651-9d8a-4ed6a0221b0fjustificante_registro_solicitud.pdf,.pdf,0.27237987518310547,False,PyMuPDF,0
2e279e1f-2f43-46ff-90ca-a82f22e98d0f7.2. Tramitación con Industria_CIE.pdf,.pdf,0.7859649658203125,False,PyMuPDF,0
977be360-cdb3-4e97-b625-efd154d083514. DR Técnico-2-4.pdf,.pdf,0.9507513046264648,False,PyMuPDF,0
6929a99d-ff0a-4174-9bee-85effb3a8dca4. DR Tec.pdf,.pdf,1.0550870895385742,False,PyMuPDF,0
942b0bb3-f8a7-4c55-8cc3-1bd99db72336Puentelarra_CEE_V1_fd.pdf,.pdf,0.3171682357788086,False,PyMuPDF,0
d92a43ea-76d1-4cb4-b578-1b02fc51bf543. LRE013 Anexo IRVE.pdf,.pdf,1.2255887985229492,False,PyMuPDF,0
f83c3bfe-01de-4a9d-8e16-5dd69a40c213J01. Informe justificativo-152.pdf,.pdf,0.1904888153076172,False,PyMuPDF,0
1d6dbf47-c6a9-443e-a700-6098be4757bfIMS308_2doCEE_V1_fd.pdf,.pdf,0.2788105010986328,False,PyMuPDF,0
6da78419-5514-4846-8fdf-1a2589d27279IMS350 CEE fd_Old.pdf,.pdf,0.31983375549316406,False,PyMuPDF,0
091b45f5-c766-4a20-92a0-2ee493e6d3b44. DR Tecnico Hector.docx,.docx,0.026864051818847656,False,python-docx,0
d0f2e649-3205-4332-80c4-99aeed0a774b1. LRE055 CIE IRVE.pdf,.pdf,0.7848110198974609,False,PyMuPDF,0
59809063-faf5-4933-80e9-e5c54a3b5b32LRE299 MIMOSA justificante_registro_solicitud 02-06-2023.pdf,.pdf,1.0075740814208984,False,PyMuPDF,0
7201a6b0-e34e-44ee-8b5f-f6778c9fb7415. IMS354 Solicitud.pdf,.pdf,0.2719755172729492,False,PyMuPDF,0
8132db6a-2989-4e8f-847a-9682eb8244beJ01. Informe justificativo-222.pdf,.pdf,0.19040393829345703,False,PyMuPDF,0
4992606c-c616-4d7f-9041-5cce0613c485Delta B7 1A_CEE_V2.pdf,.pdf,0.2236032485961914,False,PyMuPDF,0
62707cd7-a99d-446d-b31f-94f4218647eb2. DECLARACIÓN RESPONSABLE SUBSANACIÓN.pdf,.pdf,0.2520256042480469,False,PyMuPDF,0
c8eb4cb5-de7b-4e1c-a9be-b2e2673d28fbLRE345 justificante_registro_solicitud_28-07-23.pdf,.pdf,1.011174201965332,False,PyMuPDF,0
c9a01ae3-8cc4-4a40-966f-36b1687cc808J01_LPR0800-1.pdf,.pdf,0.1848773956298828,False,PyMuPDF,0
9387a632-dfe0-47ff-96fd-c1c96f744cb24. CIE COOP.xls.pdf,.pdf,0.29958248138427734,False,PyMuPDF,0
86192544-7d45-4af4-b31a-a7b954559c62IMS307_CEE.pdf,.pdf,0.24818992614746094,False,PyMuPDF,0
107ab34b-c8ed-45d9-aba6-ed1c3fbd29990. Nota aclaratoria.pdf,.pdf,0.13993453979492188,False,PyMuPDF,0
e16c6466-88c0-446f-93e4-81e7834e82d6AU044 17 2A_CEE2 FD.pdf,.pdf,0.33383750915527344,False,PyMuPDF,0
832dffd6-d180-4bd2-ad49-f124cd40e9d13. LRE029 Anexo IRVE.pdf,.pdf,1.2275276184082031,False,PyMuPDF,0
3c1fc8ab-5dae-40df-944d-8a859130c4493. IMS2044 Solicitud de inscripción.pdf,.pdf,0.9749536514282227,False,PyMuPDF,0
643208e9-0b96-4033-83c1-ffb062ad35f10. Completo doc fd.pdf,.pdf,9.793965339660645,False,PyMuPDF,0
4c086f07-2386-490c-a5b9-c81960d17acf2. MTD fd.pdf,.pdf,9.632960319519043,False,PyMuPDF,0
e0a6fb5f-ae43-4fbd-a0cc-5a62a5c9392fJ01. Informe justificativo-174.pdf,.pdf,0.1904439926147461,False,PyMuPDF,0
bcb1d90a-5a60-42c8-8484-8707f0ec70753. LRE403 Solicitud.pdf,.pdf,0.9997234344482422,False,PyMuPDF,0
958cd395-ab75-4c8b-be87-a51d175f70b31. IMS088 CIE.pdf,.pdf,1.0241365432739258,False,PyMuPDF,0
7af16c98-9cf5-48cc-b3f4-46aef3689a7esalarios con firmas.docx,.docx,0.11178112030029297,False,python-docx,0
8983afa9-2fc9-4335-97db-d899271368db4. DR Tecnico Hector.docx,.docx,0.026933670043945312,False,python-docx,0
7bf3b0be-1578-451d-9337-e2fa5348cc8cDelta B19 2B_CEE_V2.pdf,.pdf,0.2857351303100586,False,PyMuPDF,0
1d8e1639-3c4d-4540-bc34-c598614c4c061. Solicitud_coope_fase 2.pdf,.pdf,1.486480712890625,False,PyMuPDF,0
c93255fa-62d9-4930-9754-e0d873b0f658LIBRO SUBCONTRATACION AU048 PIMPOLLAR-fdo.pdf,.pdf,0.05718994140625,False,PyMuPDF,0
429c39cf-a9fa-493a-9645-5fd208ff5e18J01. Informe justificativo-166.pdf,.pdf,0.19043540954589844,False,PyMuPDF,0
d4139079-db76-4eea-a32a-372eda44302d1. Solicitud_coope_fase 2.pdf,.pdf,1.5757131576538086,False,PyMuPDF,0
ac411858-a572-4b87-a201-b0a94841a682apertura-LA PABLO 3-PRES.pdf,.pdf,1.4381332397460938,False,PyMuPDF,0
c63b6d2e-130f-434f-8e64-879fb85a959eAU057 CM T 59 0 7_V1.pdf,.pdf,0.2523202896118164,False,PyMuPDF,0
48df13d9-27f2-45a0-98e2-80453fc9635d3. Solicitud inscripción.pdf,.pdf,1.012430191040039,False,PyMuPDF,0
f4c8ec43-43f7-4edb-a57f-fd4472e08e67justificante_registro_solicitud (16).pdf,.pdf,1.026052474975586,False,PyMuPDF,0
0de4c11a-73ba-456e-92f9-8adeab851048justificante_registro_solicitud (18).pdf,.pdf,0.35123157501220703,False,PyMuPDF,0
d92538e0-cd24-40ac-aedc-c5f3633b51d73. Anexo IRVE.pdf,.pdf,0.5115909576416016,False,PyMuPDF,0
d55dd4ae-9b25-4270-a57e-d67a576d21e13. LRE356 Anexo IRVE.docx,.docx,0.3223075866699219,False,python-docx,0
674ffeea-74ee-4722-8e27-893052b8ae7fIMS308_2doCEE_V0.pdf,.pdf,0.2175426483154297,False,PyMuPDF,0
ec35b4cd-e133-4cba-83ad-4ca1365ad43bDelta B3 2A_CEE_V2_fd.pdf,.pdf,0.2834348678588867,False,PyMuPDF,0
ed05cccf-d845-41ad-bf50-6edf6a74c3e34. CIE mal.pdf,.pdf,0.7858543395996094,False,PyMuPDF,0
69caea40-3789-4b77-aca5-199ff4333e6f4. CIE_old.pdf,.pdf,0.21485042572021484,False,PyMuPDF,0
752bf19d-9479-4110-99c3-c486e19d4d4fLPR_J01P3-3.pdf,.pdf,0.23663043975830078,False,PyMuPDF,0
28e8e9c4-0b1f-4f5e-81d3-382bc67415d04.2. Memoria Técnica.pdf,.pdf,7.0824480056762695,False,PyMuPDF,0
67e46683-df52-4111-b561-e74412c8a4473. IMS349 Solicitud FD.pdf,.pdf,0.35617828369140625,False,PyMuPDF,0
de143bea-0c91-4f90-b724-eab30db67c404. DR Tecnico Hector.pdf,.pdf,0.10930824279785156,False,PyMuPDF,0
e6172ff6-e75a-4f38-90f3-03da824078af4. IMS2022 CIE presentado 03-05-2023.pdf,.pdf,0.2613668441772461,False,PyMuPDF,0
c366a8fd-c2ac-494f-80b9-8eb1be827eb0C349 CEE 2 fd.pdf,.pdf,0.2905759811401367,False,PyMuPDF,0
f27c80a6-8b5c-4be1-b1ad-2f7aed1f848eAU044 MC PN  3 3D_V1.pdf,.pdf,0.2863903045654297,False,PyMuPDF,0
4d650ef1-44ab-4c51-91e0-b212c6d657902. LRE229  Declaración responsable.pdf,.pdf,0.381011962890625,False,PyMuPDF,0
bac3e60e-c717-48b0-88c4-1f59764cc56e4. CIE.pdf,.pdf,0.7082376480102539,False,PyMuPDF,0
b86dd1fa-13d4-4166-9b75-f2a8e1dd0be25. LRE074 Solicitud IRVE fd.pdf,.pdf,0.27544498443603516,False,PyMuPDF,0
7cf38a8a-a274-48d6-ad03-2468e61fb247LRE213 just_registro_10-12-24.pdf,.pdf,1.021230697631836,False,PyMuPDF,0
bb6de0c8-64fc-4cd6-9660-5b1c68f64ae1CM T 59 0 7_CEE_V1.pdf,.pdf,0.24992656707763672,False,PyMuPDF,0
75702f05-b6b2-478b-a7e1-f3d42440a54eIMS335 CEE_V2.pdf,.pdf,0.2639141082763672,False,PyMuPDF,0
44022708-3ee4-49fd-ba40-13d77716c8c2J01. Informe justificativo-188.pdf,.pdf,0.190399169921875,False,PyMuPDF,0
beed1b69-f428-41ea-a41c-b4237c987a96ANEXO VIII_pg1_relleno.pdf,.pdf,0.5663948059082031,False,PyMuPDF,0
8b5422d7-db12-4e99-92d6-26f14176be752. MTD fd.pdf,.pdf,2.7790050506591797,False,PyMuPDF,0
cb8187c4-5061-4cc6-9100-df5cbc8ff7900. Nota aclarotaria GARAY 7A.pdf,.pdf,0.08340263366699219,False,PyMuPDF,0
61634b65-2278-4260-9405-fef84fe58e17LRE235 justif_registro.pdf,.pdf,0.2754354476928711,False,PyMuPDF,0
f737e677-9701-4738-bc80-1545b69e208d4. Salarios pagados incompleto.pdf,.pdf,0.6487350463867188,False,PyMuPDF,0
e2039511-aa29-4cc2-a985-b0989a71abd1J01_LPR0500.pdf,.pdf,0.4285707473754883,False,PyMuPDF,0
70030358-37a2-49ce-b2d5-ae60d9e74113J01_LPR1000.pdf,.pdf,0.2535591125488281,False,PyMuPDF,0
ed0c5edb-3eb9-4e37-80f7-911297a044a5J01. Informe justificativo-199.pdf,.pdf,0.19042301177978516,False,PyMuPDF,0
6bcb574e-064e-4023-a319-5dde7a192cdbD3A_CEE_V1.pdf,.pdf,0.2554769515991211,False,PyMuPDF,0
eec60be2-cda7-4eb3-b7f0-fffd5645fa5dC329_2doCEE_V1_fd.pdf,.pdf,0.28311920166015625,False,PyMuPDF,0
f04d1998-dcba-410d-9e6a-c762fd5ac3dd3. Anexo IRVE_fdo.pdf,.pdf,0.5835914611816406,False,PyMuPDF,0
2ea36b70-7b6b-447e-9a5a-271e9455c3bf1. Solicitud_coope_fase 2.pdf,.pdf,1.5740156173706055,False,PyMuPDF,0
f75197be-c5c1-47de-82d2-da367488cb5bJ01_LPRP4-1.pdf,.pdf,0.2879514694213867,False,PyMuPDF,0
992b5daf-7222-482c-9acd-8f78596c721cCFO LRE249.pdf,.pdf,0.31064796447753906,False,PyMuPDF,0
036ea263-6bf1-46f1-b282-11c3bb6ab1ccIMS305 just_registro19-12-2023.pdf,.pdf,1.019597053527832,False,PyMuPDF,0
4ec1aacb-572d-45ec-85cb-7dc4bb3cfe69apertura-LA PABLO 6-PRES.pdf,.pdf,1.438136100769043,False,PyMuPDF,0
04a9cea3-827f-4a12-ba11-77ccfdfdae5c4. S4-1 CIE.pdf,.pdf,0.7841033935546875,False,PyMuPDF,0
0ef19c46-a164-4167-944f-7f91501fa5f93. Anexo IRVE_fdo.pdf,.pdf,0.5835914611816406,False,PyMuPDF,0
b3a0b596-525d-499f-ba64-4e3db536ac406. Tabla fd.pdf,.pdf,0.3010406494140625,False,PyMuPDF,0
3940655d-3a70-4982-be2e-c39ee6e20382Delta B14 2A_CEE_V2.pdf,.pdf,0.22696399688720703,False,PyMuPDF,0
d055d6fb-2f18-4197-a2ea-a294dec30f7eIMS350 CEE fd.pdf,.pdf,0.3241310119628906,False,PyMuPDF,0
87eaaaeb-01b8-4202-9b1e-310f2cd965423. Anexo IRVE_fdo.pdf,.pdf,0.5856781005859375,False,PyMuPDF,0
bab0b7e6-4ec4-47d1-aedc-5f3b96991da4IMS2010 justificante_registro_solicitud 05-05-2023.pdf,.pdf,1.0135774612426758,False,PyMuPDF,0
8a50f9ee-a717-40dc-80d9-308fba20bb6eJ01. Informe justificativo-186.pdf,.pdf,0.1903848648071289,False,PyMuPDF,0
ca26d475-dddc-473e-872f-498784c2c5132. Solicitud_CIE_MTD_Anexo.pdf,.pdf,1.3542871475219727,False,PyMuPDF,0
d98da13d-346f-41b9-8694-e1fa8ed3049d3. LRE346 Anexo IRVE.docx,.docx,0.33315563201904297,False,python-docx,0
86119138-d1f0-47f6-9b58-6d8c893f3a211. CEE 1_Certificado Energético.pdf,.pdf,0.3337516784667969,False,PyMuPDF,0
31a16be4-a613-41ef-868b-edfb98c161fb2. MTD Hector.pdf,.pdf,0.4105348587036133,False,PyMuPDF,0
d4405bcc-ac72-42e3-b42f-85c0559e99d24. CIE AU085-1 fd HÉC.pdf,.pdf,0.30615711212158203,False,PyMuPDF,0
21f0b092-dfbf-4dc5-a073-f4321f5cf49fH4B_CEE_V1_fd.pdf,.pdf,0.309112548828125,False,PyMuPDF,0
61791f24-f8e6-44c5-b3e4-d7a36ce8fcb320250113 Registro de subsanación.pdf,.pdf,0.11923503875732422,False,PyMuPDF,0
b3a49140-92ab-4a6b-b2e3-41f60f24f2528.2. Solicitud Subvención.pdf,.pdf,4.402868270874023,True,PyMuPDF + OCR,0
2e340c3c-2f59-4748-8d38-c2b4a30b578a5. LRE256 Solicitud IRVE_fdo.pdf,.pdf,0.2726449966430664,False,PyMuPDF,0
c14c793b-6637-4115-8f45-3e06242545a0Delta B9 1A_CEE_V2_fd.pdf,.pdf,0.28443241119384766,False,PyMuPDF,0
5d07d3ae-443f-4dbd-8667-162d84b4144bA1B_CEE_V1.pdf,.pdf,0.2552223205566406,False,PyMuPDF,0
616f1c40-80e3-48a8-b066-d6ce41b33c0dJ01_LPR0700-5.pdf,.pdf,0.18491268157958984,False,PyMuPDF,0
d2e6d2f0-6f5f-4aa0-a28d-a621e3a48bf4AU057 CM T 59 2 0C_V1.pdf,.pdf,0.32196044921875,False,PyMuPDF,0
282ad6b8-7336-4c40-a58e-05dc644b3a66F3B_CEE_V2_fd.pdf,.pdf,0.30921363830566406,False,PyMuPDF,0
3c869440-00de-448f-8bc1-d363878cc347IMS324 Just registro.pdf,.pdf,1.0216331481933594,False,PyMuPDF,0
c6fcde3b-098d-48de-8ec2-18559c05bcea4. C263 CIE (2).pdf,.pdf,0.7862033843994141,False,PyMuPDF,0
ba573b71-baed-4983-8459-b6b005d43172AU057 CM T 59 4 0C_V1_Fd.pdf,.pdf,0.3621206283569336,False,PyMuPDF,0
bb559d2d-421a-41cf-a4a3-119251c0f920H4A_CEE_V1.pdf,.pdf,0.2553062438964844,False,PyMuPDF,0
7b1d969b-c62d-456a-a5e2-794d084aa19dLRE386 just_registro_10-12-24.pdf,.pdf,1.0222282409667969,False,PyMuPDF,0
4de151cd-b1b1-4656-a957-99c9a47e49dbJ01_LPR0800-4.pdf,.pdf,0.1855754852294922,False,PyMuPDF,0
0ef5e7e8-04a9-43bd-8901-c08923e4e956J01_LPR0500-1-fd.pdf,.pdf,0.3672466278076172,False,PyMuPDF,0
90a4533b-77c5-435b-af0b-b3f67686ce50AU057 CM T 59 3 0F.pdf,.pdf,0.32120513916015625,False,PyMuPDF,0
c2a0dcdb-c9d1-436d-b67f-0c706d38f9b43. LRE258 Solicitud inscripción.pdf,.pdf,1.0056438446044922,False,PyMuPDF,0
82d01cf4-f7fd-4498-baa9-feea9555f02cJ01_LPR-3_fd.pdf,.pdf,0.3155679702758789,False,PyMuPDF,0
71d4ed0b-6ef5-43bf-afce-546cd97b9b93AU057 CM T 59 5 0C_V1.pdf,.pdf,0.3219594955444336,False,PyMuPDF,0
081c18eb-123e-4465-af57-0bd6b2101a2aLIBRO SUBCONTRATACION LA PABLO 6-TRAMITADO.pdf,.pdf,0.057135581970214844,False,PyMuPDF,0
f36b0702-bc0b-44e0-b899-b1921c2a15273. Anexo IRVE.docx,.docx,0.3652782440185547,False,python-docx,0
a89765f3-c5a4-49d3-a6b4-58af456142a25.1.  CIE.pdf,.pdf,0.7859821319580078,False,PyMuPDF,0
544485b1-76c0-4de2-b739-38db0ba61bf65. LRE275 Solicitud IRVE_fdo.pdf,.pdf,0.27335357666015625,False,PyMuPDF,0
92af21d6-3646-42c4-af00-84c93338849d1. J01 Informe justificativo_LPR01.docx,.docx,0.12199592590332031,False,python-docx,0
d1c40443-9f2b-4935-a027-c26f429af7303. Solicitud inscripción.pdf,.pdf,1.006535530090332,False,PyMuPDF,0
a126c42a-572a-4d32-ad79-c65d0bb0fa20J01. Informe justificativo-213.pdf,.pdf,0.1904163360595703,False,PyMuPDF,0
a4a32565-cd19-4580-9d78-d435273991054. LRE306 CIE.pdf,.pdf,0.7855157852172852,False,PyMuPDF,0
7fdf7058-0ec1-40c9-a95d-650ab839b8a84. DR Tecnico.pdf,.pdf,1.0365781784057617,False,PyMuPDF,0
28e01d1a-6207-4d21-b51a-629bfac948101. Solicitud_coope_fase 2.pdf,.pdf,1.5748271942138672,False,PyMuPDF,0
38c8b7a6-cb77-4ab4-8370-5063dfacdef0LRE36 just_registro_05-12-2023.pdf,.pdf,1.0390615463256836,False,PyMuPDF,0
a5120bfa-c595-4cf9-af08-9478e9662fd23. LRE225 Anexo ESQUEMA_IRVE.docx,.docx,0.3460226058959961,False,python-docx,0
d59642dc-8d12-40ba-8a95-d9f2fc6325767.2. Tramitación con Industria_CIE.pdf,.pdf,0.2593536376953125,False,PyMuPDF,0
de34c14d-c4d1-42d2-8c60-1592d9d71e6e3. Anexo IRVE.pdf,.pdf,0.5125417709350586,False,PyMuPDF,0
3eee6201-25ef-499a-9642-cd48a10a0f52IMS319_CEE 2º.pdf,.pdf,0.22359371185302734,False,PyMuPDF,0
7b5a28f6-28ec-4357-a7f4-1eda1a0b67fbAPERTURA AU057 ROZAS TOMILLARON.pdf,.pdf,0.03940773010253906,False,PyMuPDF,0
928f8309-5007-4b45-9287-fbee38ab96ddJ01. Informe justificativo-182.pdf,.pdf,0.19049930572509766,False,PyMuPDF,0
bce1de43-8d57-4142-9918-ebe05aca3ed81. Solicitud_coope_fase 2.pdf,.pdf,1.4864006042480469,False,PyMuPDF,0
c7ba6840-01a4-4e1b-9562-38f0c9138be44. IMS2036 CIE.pdf,.pdf,0.7836246490478516,False,PyMuPDF,0
76c48015-73c5-4dc9-9a50-57d99f3a30f822-10-03 Solicitud registro.pdf,.pdf,0.2703104019165039,False,PyMuPDF,0
83552933-ba89-4e5b-aa78-6460f13ddfdeF3B_CEE_V1.pdf,.pdf,0.25504207611083984,False,PyMuPDF,0
15318d51-5407-4101-ae25-b9235414ade01. CIE IRVE_fdo.pdf,.pdf,0.2630748748779297,False,PyMuPDF,0
ba5d79d5-9204-4158-9493-77e7a9f5324dAU044 MC PS 17 1B_V1.pdf,.pdf,0.2861948013305664,False,PyMuPDF,0
8f22eb68-c57c-49fb-b34d-21b6763320871. CIE IRVE.pdf,.pdf,0.21621036529541016,False,PyMuPDF,0
c6d5efff-44a6-4581-8c0f-af8a2da6866a2. C263 Declaración responsable.pdf,.pdf,0.3134126663208008,False,PyMuPDF,0
6a1670ed-6cd6-4031-91e0-8fd2188c42a51. Informe solar 50% fd.pdf,.pdf,0.1544475555419922,False,PyMuPDF,0
824c8dfc-1550-4609-a736-38748279d8cb2. AU085-2 DR_firmado 3.pdf,.pdf,0.3246803283691406,False,PyMuPDF,0
aee7d49f-653b-48bc-9281-b1d27955905c4. C295 CIE.pdf,.pdf,0.7876758575439453,False,PyMuPDF,0
a9212290-06be-49f1-a6fd-4f5384fbea533. Solicitud C361 COOP.pdf fd.pdf,.pdf,0.2747325897216797,False,PyMuPDF,0
b936d2ba-997f-40f6-a73d-a6ea2f9739b9J01. Informe justificativo-226.pdf,.pdf,0.19045639038085938,False,PyMuPDF,0
e11934b3-8d20-4660-b240-bb8f4b8f1c004. CIE ECOOO FDO.pdf,.pdf,0.29717254638671875,False,PyMuPDF,0
027ba1f0-06fa-4376-a9ae-0d7a5c872391IMS316_CEE.pdf,.pdf,0.24958515167236328,False,PyMuPDF,0
04c764d5-e7e5-43da-a0ae-8957eb9c55291. Solicitud_coope_fase 2.pdf,.pdf,1.5751285552978516,False,PyMuPDF,0
17530157-643c-4830-aba3-bdb342eb61661. Solicitud_coope_fase 2.pdf,.pdf,1.5737066268920898,False,PyMuPDF,0
3dab9029-6fdb-43c7-ae8d-4f1f830ce69a1. DR potencia fd.pdf,.pdf,0.25944042205810547,False,PyMuPDF,0
dfe160a9-d1a9-4308-ac75-ab58cb314b825.1.  CIE.pdf,.pdf,0.7848110198974609,False,PyMuPDF,0
58ff406d-569e-485a-b620-cb8f753fc108apertura-LA PABLO 4-PRESENTADA.pdf,.pdf,1.9279708862304688,False,PyMuPDF,0
871f17bd-d38e-4064-be2b-f7448f137b86LRE225 Registro_IRVE_singed.pdf,.pdf,1.020589828491211,False,PyMuPDF,0
f66f2c15-4297-46f0-b30a-1d2236ff0a7e3. Anexo IRVE_fdo.pdf,.pdf,0.5966100692749023,False,PyMuPDF,0
d5321008-3def-4167-8246-641279ac84beJ01. Informe justificativo-239.pdf,.pdf,0.19042205810546875,False,PyMuPDF,0
ea525328-fd76-41c5-ad9e-e8a049dea2d7apertura-LA PABLO 3-PRES.pdf,.pdf,1.4381332397460938,False,PyMuPDF,0
1e2962a3-3432-4595-a93e-10c45ad72170Delta B16 2A_CEE_V2.pdf,.pdf,0.2263317108154297,False,PyMuPDF,0
c3046a68-0952-4f16-a5df-6430a4c7afad4. IMS302 CIE.pdf,.pdf,0.7880344390869141,False,PyMuPDF,0
190f0280-5b87-426a-9573-85d6c41b40db4. C290 CIE.pdf,.pdf,0.7901420593261719,False,PyMuPDF,0
6c5b99c1-8221-4171-81ba-3f36d3bfaa531. Solicitud_coope_fase 2.pdf,.pdf,1.5748825073242188,False,PyMuPDF,0
fe14e039-727f-4b3b-b6b9-7ea56b6b43deJ01. Informe justificativo-249.pdf,.pdf,0.19038867950439453,False,PyMuPDF,0
d26aaf5c-864c-4eb2-8984-10fbbcf5bb07J01_LPR-4.pdf,.pdf,0.18521881103515625,False,PyMuPDF,0
4930b254-d8a1-43e9-8ee1-2f5d28b1f9874. IMS2039 CIE.pdf,.pdf,0.786433219909668,False,PyMuPDF,0
f9b9eb58-49c3-4448-b653-c9cc69b2e738J01. Informe justificativo-181.pdf,.pdf,0.19036865234375,False,PyMuPDF,0
8b03e9c1-eebe-4816-9609-fcf2624d98e1Delta B3 2B_CEE_V2.pdf,.pdf,0.2211771011352539,False,PyMuPDF,0
cc6e74f0-87c4-449f-b964-cfd45d86c6c94. DR Técnico-2-4.pdf,.pdf,0.9694719314575195,False,PyMuPDF,0
a68408a0-76bc-4fae-ab0d-3ef1c248d13c3. Anexo IRVE_fdo.pdf,.pdf,0.5856781005859375,False,PyMuPDF,0
b4c86775-47da-46d1-adbe-bef1e905d101Delta B9 3B_CEE_V2.pdf,.pdf,0.22413063049316406,False,PyMuPDF,0
fef0a85d-af9a-4977-8f5d-89ab818ece724. DR Técnico-2-4.pdf,.pdf,0.9507513046264648,False,PyMuPDF,0
4f465f2e-43eb-4281-b515-b5fdc12f821314. CFO fd.pdf,.pdf,0.1621227264404297,False,PyMuPDF,0
eabca132-1ce5-4518-9a6b-475987b346631. Solicitud_coope_fase 2.pdf,.pdf,1.5748157501220703,False,PyMuPDF,0
cbe62d4b-67c9-45dc-a4f3-dc1a96552ee2J01. Informe justificativo-212.pdf,.pdf,0.19039344787597656,False,PyMuPDF,0
e46c03de-7d8f-41f2-a6ec-7c651751213bDelta B6 3A_CEE_V2.pdf,.pdf,0.22502613067626953,False,PyMuPDF,0
e83b3e5d-c0d1-4c0b-a2ff-68ae1bf8dc693. AU085-7 Solicitud.pdf,.pdf,0.30202579498291016,False,PyMuPDF,0
27617149-ae3a-4726-b36f-fb0d119e7940C290 justificante_registro_solicitud_26-06-2023.pdf,.pdf,1.0196466445922852,False,PyMuPDF,0
e82af5a0-17b8-457b-b454-40f658367b4f1. Solicitud_coope_fase 2.pdf,.pdf,1.5741291046142578,False,PyMuPDF,0
fd637fd6-6883-473a-ab21-5ff073fc2c2e3. LRE369 Solicitud.pdf,.pdf,1.000849723815918,False,PyMuPDF,0
5e8a581a-7129-4fc8-a6c1-8c6b8288bafbLRE400 just_registro_18-12-2023.pdf,.pdf,1.019526481628418,False,PyMuPDF,0
d5bdd712-7aff-4553-9dca-1a780eb0d7965. LRE331 Solicitud_IRVE.pdf,.pdf,1.0006332397460938,False,PyMuPDF,0
34074f55-5986-4da2-ae83-ab7f76b07137Delta B9 1A_CEE_V1.pdf,.pdf,0.22418212890625,False,PyMuPDF,0
db7f0bef-cd3e-4ae7-ab4d-64207d3e396bapertura-AU066 MADRID CENICIENTA-pres.pdf,.pdf,1.9280805587768555,False,PyMuPDF,0
ae73921c-c7e1-4759-a5cc-0715d887b55f3. LRE341 Anexo IRVE fd3.pdf,.pdf,0.6916599273681641,False,PyMuPDF,0
ab716588-bca5-4900-9184-7e28ee5652dfB4A_CEE_V1.pdf,.pdf,0.2552509307861328,False,PyMuPDF,0
1ec2afdf-d8f4-4d2e-bdd0-6bd72fbd66ea1. Solicitud_coope_fase 2.pdf,.pdf,1.5745506286621094,False,PyMuPDF,0
62070f34-461b-47e3-8722-c04281282a973. Anexo IRVE.docx,.docx,0.3217144012451172,False,python-docx,0
ff072fbc-fe11-41be-b211-a35cde0a3356J01. Informe justificativo-237.pdf,.pdf,0.19041824340820312,False,PyMuPDF,0
b88ca0b6-19a4-4ac3-9fa4-d125d95636474. DR Técnico-2-4.pdf,.pdf,0.9507513046264648,False,PyMuPDF,0
b952da98-2ac8-4298-8e86-334fea4fe3d81. IMS354 CIE IRVE.pdf,.pdf,0.26283740997314453,False,PyMuPDF,0
16aff533-700b-4683-bf60-b79084d3b10d1. Solicitud_coope_fase 2.pdf,.pdf,1.574660301208496,False,PyMuPDF,0
2bc952a3-b126-429d-8a92-45d2bb84c10d1. LRE387 CIE IRVE.pdf,.pdf,0.7854738235473633,False,PyMuPDF,0
7be32d23-409b-490b-920f-24faa96b8bdaG3B_CEE_V3.pdf,.pdf,0.25553226470947266,False,PyMuPDF,0
837616ca-995e-431b-8f0e-8e4570d207d1J01. Informe justificativo-203.pdf,.pdf,0.19039440155029297,False,PyMuPDF,0
5e76e7ff-ba31-4b3c-b265-881ddbc7accf1. CIE IRVE.pdf,.pdf,0.21672344207763672,False,PyMuPDF,0
63dc75ee-b87f-483b-bc77-f8effc2c85d13. Anexo IRVE fd3.pdf,.pdf,0.6974000930786133,False,PyMuPDF,0
070c7813-fe5c-42ee-856a-93a6d0fc7fbcjustificante_registro_solicitud (19).pdf,.pdf,0.2695484161376953,False,PyMuPDF,0
f676ec69-3a16-499a-8ce2-feb0daf39d4cDelta B20 3A_CEE_V1_fd.pdf,.pdf,0.28362560272216797,False,PyMuPDF,0
e4a820f9-72ef-46b5-ac12-30331d0c4eda20220922 Solcitud registro.pdf,.pdf,0.26740455627441406,False,PyMuPDF,0
eb0a6e1d-9069-4e9e-9349-73c5c4e531804. IMS2010 CIE.pdf,.pdf,0.7854146957397461,False,PyMuPDF,0
f28bf348-45e2-4cdc-869a-460897b5d658Delta B7 1B_CEE_V1.pdf,.pdf,0.2602720260620117,False,PyMuPDF,0
39adbd55-87da-4c2c-af92-bce39e54989cjustificante_envio_exin_solicitud (6).pdf,.pdf,0.27073001861572266,False,PyMuPDF,0
c1777ca1-5152-4677-a805-648805fc2482C338 CEE 1.pdf,.pdf,0.24512767791748047,False,PyMuPDF,0
7b57036a-6df7-4f5e-a28e-2a55f8897bd55. IMS122 Solicitud IRVE.pdf,.pdf,1.0074777603149414,False,PyMuPDF,0
9fae0ed6-2dce-4106-a8c9-d304707bc555IMS317_2doCEE_V1.pdf,.pdf,0.23041152954101562,False,PyMuPDF,0
bfeca472-21b6-4132-b275-477836a41d8f4. DR Tecnico Hector.pdf,.pdf,0.09102535247802734,False,PyMuPDF,0
fda35af1-d3c5-4f98-86c0-b5869d8dd030AU057 CM T 59 3 2B_V1.pdf,.pdf,0.3209095001220703,False,PyMuPDF,0
53517869-8d99-4f62-9dbe-395a4bd5a1edLIBRO SUBCONTRATACION AU061 ALPEDRETE APASCOVI 2-tram.pdf,.pdf,0.057114601135253906,False,PyMuPDF,0
55f8c3f1-d9fb-467b-af68-361de99333954. CIE fd.pdf,.pdf,0.7840213775634766,False,PyMuPDF,0
a1f58397-db34-4ef7-b6d9-1370e2a65e2dLRE386 just_registro_10-12-24.pdf,.pdf,1.0222282409667969,False,PyMuPDF,0
6be23fbd-e729-4862-b7c7-6b5c2e59533b5. LRE256 Solicitud IRVE_fdo.pdf,.pdf,0.2726449966430664,False,PyMuPDF,0
33a9caf3-57fb-4ba6-bb56-ac4a2b32c3ad1. J01 Informe justificativo_LPR02.docx,.docx,0.1217031478881836,False,python-docx,0
ec0b3255-3aa9-4f9d-a7e7-77b0179801ab4. IMS2051 CIE.pdf,.pdf,0.7095060348510742,False,PyMuPDF,0
f64b995b-4338-4bf0-8df2-775ee6dd40278.2. Solicitud Subvención.pdf,.pdf,4.803133964538574,False,PyMuPDF,0
16b3d508-f08f-4836-ba55-abd383b41df6Delta B3 3B_CEE_V2_FD.pdf,.pdf,0.28154754638671875,False,PyMuPDF,0
da8421c6-c252-428b-8b9f-6c96e384d128justificante_registro_solicitud (16).pdf,.pdf,0.34742069244384766,False,PyMuPDF,0
4f4a4abe-3f46-48ff-8b2a-01d85e1d0ae5C325 CEE 2º fd.pdf,.pdf,0.3013114929199219,False,PyMuPDF,0
5def09ac-da21-4a03-8e26-93b41ddf498cIMS333_2doCEE_V1.pdf,.pdf,0.2695751190185547,False,PyMuPDF,0
e0b249a5-74e0-47a1-83b7-43c53fdb980bDelta B16 3B_CEE_V1.pdf,.pdf,0.22698593139648438,False,PyMuPDF,0
6d12236b-acd3-4a5d-9681-32389daee9d0J01. Informe justificativo-193.pdf,.pdf,0.19045734405517578,False,PyMuPDF,0
886969a3-171c-40bc-9770-5a2fa654ad743. Anexo IRVE.pdf,.pdf,0.5160093307495117,False,PyMuPDF,0
dd0b4a5c-a9a0-425c-9b0c-1455e04dbd9c2. LRE353 DR_Fdo.pdf,.pdf,0.21131038665771484,False,PyMuPDF,0
a000e6d4-0370-45c7-82eb-77fcb8b7c799IMS354 CEE_V2 fd.pdf,.pdf,0.30069828033447266,False,PyMuPDF,0
981db4cf-11f3-4f76-a6a1-0d466da02d244. LRE338 CIE.pdf,.pdf,0.7860651016235352,False,PyMuPDF,0
018680c4-b464-4acd-8dcf-8714ddffb704B3A_CEE_V1.pdf,.pdf,0.25519466400146484,False,PyMuPDF,0
ddba682a-cf97-4169-9f76-bfb07abc496aPdf salarios mayo PENDIENTE FIRMA.pdf,.pdf,0.040986061096191406,False,PyMuPDF,0
d3d192f9-2b0f-4ab6-9168-1c07ed5ddf5e7.2. Tramitación con Industria_CIE.pdf,.pdf,0.2656097412109375,False,PyMuPDF,0
5b6a1313-a184-408c-a711-4ceadd48f2e75. Final de obra.pdf,.pdf,0.0341949462890625,False,PyMuPDF,0
08bfb46f-73f3-431d-90c2-8afb8e5bbc5b4. DR Tecnico Hector.docx,.docx,0.027092933654785156,False,python-docx,0
33974c7d-aa25-4208-b284-590bfbf67cacDelta B8 2B_CEE_V1_fd.pdf,.pdf,0.28389549255371094,False,PyMuPDF,0
e8e9d33b-a71b-4934-b7ff-d6a0752b38f2ANEXO V CORREGIDO.docx,.docx,0.30115795135498047,False,python-docx,0
97cda6e0-c62c-4405-99e1-afd49609e213J01. Informe justificativo-214.pdf,.pdf,0.19041824340820312,False,PyMuPDF,0
1337b8ac-9807-4bbc-95fa-4c38223971065.1.  CIE.pdf,.pdf,0.7864980697631836,False,PyMuPDF,0
f8bee059-aedd-4716-98ed-64e0fda4337fDelta B18 1B_CEE_V1_Fd.pdf,.pdf,0.2823009490966797,False,PyMuPDF,0
19d33562-0ff3-4658-98e6-ca8b3a03f4fd1. LRE353 CIE.xlsx,.xlsx,0.042873382568359375,False,openpyxl,0
5f464479-8cd0-41f6-96fe-36b849091cd2justificante_registro_solicitud.pdf,.pdf,1.0274238586425781,False,PyMuPDF,0
ce7c0d3a-9247-43f2-ba83-bcd6ca12a9412. IMS321 DR_Fdo.pdf,.pdf,0.21704578399658203,False,PyMuPDF,0
ac416e18-22af-4caf-aae5-a2db8375d00b1. Solicitud_coope_fase 2.pdf,.pdf,1.574864387512207,False,PyMuPDF,0
96d28f9c-3b46-40df-b2b1-33da36e8c8fc1. DR potencia.pdf,.pdf,0.25944995880126953,False,PyMuPDF,0
f6601300-3bb1-4355-ba5f-8be06d64656eIMS2013 Anexo V Declaración responsable sobre porcentaje de energía consumida F.pdf,.pdf,0.3720712661743164,False,PyMuPDF,0
2aef7d8b-a3e5-4d08-b6be-3a810ef372dcJ01_LPR0600-1-fd.pdf,.pdf,0.3154134750366211,False,PyMuPDF,0
648f777d-3628-480c-996d-a73b68be53664. LRE303 Anexo ESQUEMA IRVE Infraestr Veh Eléctr.pdf,.pdf,0.5867176055908203,False,PyMuPDF,0
5c36bbcb-a960-4758-9ce3-c23c417278525. LRE254 Solicitud IRVE_fdo.pdf,.pdf,0.27342700958251953,False,PyMuPDF,0
a18e1dba-b8a6-47c6-809f-1f5878e09b771. Solicitud_coope_fase 2.pdf,.pdf,1.5753402709960938,False,PyMuPDF,0
a6a70c73-0d8f-447c-8a07-20dc719a44303. Solicitud_COOPE.FD-SELLADO.pdf,.pdf,0.17616748809814453,False,PyMuPDF,0
f1b45539-dfa8-42a8-8cee-b031ff22eb8aG1A_CEE_V1_fd.pdf,.pdf,0.3088254928588867,False,PyMuPDF,0
dd2c112c-c862-43bb-b164-8f2836e7dd5c3. Anexo IRVE.pdf,.pdf,0.5125417709350586,False,PyMuPDF,0
527d4560-4361-410a-9b8e-c88272d741d94. DR Tecnico Hector.docx,.docx,0.026922225952148438,False,python-docx,0
111b666e-677e-4a78-bccd-38f3932b0b50IMS309_2doCEE_V1.pdf,.pdf,0.2029247283935547,False,PyMuPDF,0
63f4becb-b603-4e17-a9ed-279afd23c6933. Anexo IRVE fd.pdf,.pdf,0.6151771545410156,False,PyMuPDF,0
58f4af10-b10e-44f5-b38b-a476e2ed345eJ01_LPR0600-3-fd.pdf,.pdf,0.3153810501098633,False,PyMuPDF,0
5cd6b62a-759b-4b15-b888-dd15849fe5652. AU085-6 DR.pdf,.pdf,0.20414447784423828,False,PyMuPDF,0
99e60fe4-7cb0-4282-bf8a-0d65732c46f85. LRE003 Solicitud inscripción IRVE_COOP FD.pdf,.pdf,0.2737245559692383,False,PyMuPDF,0
17733353-8316-49f1-8927-6932a3fa6826IMS310 just_registro_18-12-2023.pdf,.pdf,1.0188484191894531,False,PyMuPDF,0
67e1f2f1-7f8d-40a3-99c7-03f3901cac25A5B_CEE_V1.pdf,.pdf,0.2553071975708008,False,PyMuPDF,0
4162275e-4912-47c8-8110-bd3b3491ecc2J01. Informe justificativo-161.pdf,.pdf,0.1904125213623047,False,PyMuPDF,0
863ed76d-66be-424b-b80e-2997c2534d5c3. Anexo IRVE fd3 (2).pdf,.pdf,0.6974000930786133,False,PyMuPDF,0
bac23189-ae47-45ee-8a51-97ac33c0665f5.  LRE012 CIE IRVE.pdf,.pdf,0.8403215408325195,False,PyMuPDF,0
d224d8ff-6b79-4b84-8d0e-c75106ef61d7Delta B3 2A_CEE_V2.pdf,.pdf,0.22321224212646484,False,PyMuPDF,0
6d97da3f-bbe1-4cbf-891d-0771ba9c594aLRE233 justi_registro.pdf,.pdf,0.27527809143066406,False,PyMuPDF,0
4c3dfbb1-5925-4a54-bdb2-6d9a32119540AU074 CFO.pdf,.pdf,0.12610721588134766,False,PyMuPDF,0
5ce39039-403e-4d7a-9b5a-ea3c4bd54a42IMS2001 justificante_registro_solicitud 05-04-2023.pdf,.pdf,1.0161199569702148,False,PyMuPDF,0
f3c015e7-684c-4876-9d8a-c23dbc8a131eJ1A_CEE_V2.pdf,.pdf,0.25553417205810547,False,PyMuPDF,0
afc556f4-9ed5-4495-9899-e09ad8ff56b8J01. Informe justificativo-192.pdf,.pdf,0.1903982162475586,False,PyMuPDF,0
fa30086d-76df-40e4-a2e6-488de41272c2C1B_CEE_V2.pdf,.pdf,0.2554168701171875,False,PyMuPDF,0
369d1d8c-c048-4339-953d-371d47fe8de7J01. Informe justificativo-164.pdf,.pdf,0.1904277801513672,False,PyMuPDF,0
d1dedacd-f7a9-4ad7-96d8-3f912548c3beLRE036 just_registro_25-11-24.pdf,.pdf,1.0243330001831055,False,PyMuPDF,0
82c7cc79-670c-46af-b982-aaea8cf6a8243. LRE049 Anexo IRVE.pdf,.pdf,1.1164827346801758,False,PyMuPDF,0
f995c1ed-e6e3-4f84-8bf8-a626d7bcae598.2. Solicitud Subvención.pdf,.pdf,4.913017272949219,True,PyMuPDF + OCR,0
83af1786-323f-4aec-9f73-3c004b28d74c2. MTD FD.pdf,.pdf,5.230513572692871,False,PyMuPDF,0
26b086f0-06fa-4be5-ac11-bba2bf66259223-01-25 justificante_registro_solicitud.pdf,.pdf,1.026052474975586,False,PyMuPDF,0
05c50704-0b16-4383-ae9e-197189fd1d2bJ01_LPR-5.pdf,.pdf,0.18524742126464844,False,PyMuPDF,0
e1a8faa7-5296-43c6-97ba-16520329d9a7C3A_CEE_V2_fd.pdf,.pdf,0.30921268463134766,False,PyMuPDF,0
f0d157f0-2616-4bd0-987f-c026c01145b84. C334 CIE.pdf,.pdf,0.790471076965332,False,PyMuPDF,0
6bdc2114-d0d2-4c44-8f22-0228bed3938622-12-07 FV justificante_registro_solicitud.pdf,.pdf,1.0319929122924805,False,PyMuPDF,0
e98f273f-2873-4207-9c80-b4e8b9307274IMS345 2º CEE fd_old.pdf,.pdf,0.2967033386230469,False,PyMuPDF,0
4bb85c83-da38-4bbf-9464-f4183bccff3a3. LRE266 Solicitud inscripción.pdf,.pdf,0.9882097244262695,False,PyMuPDF,0
0cebc435-512c-49d2-920c-784c9b85d254J01_LPRP4-3.pdf,.pdf,0.2364358901977539,False,PyMuPDF,0
1e68af95-e103-42be-ba65-5cacac6b8d86J01. Informe justificativo-184.pdf,.pdf,0.19042396545410156,False,PyMuPDF,0
40338599-fb8a-46eb-9b6a-bcff8f3070561. Solicitud_coope_fase 2.pdf,.pdf,1.5751657485961914,False,PyMuPDF,0
065094bf-ea83-4cb7-be75-3df0cf3740dbAU057 CM T 59 3 2B_V1_Fd.pdf,.pdf,0.36154747009277344,False,PyMuPDF,0
60bc0afd-39c7-427e-bcb1-14a02aa766b1J01. Informe justificativo completo.pdf,.pdf,4.784475326538086,False,PyMuPDF,0
83040420-85f9-498d-b454-f750b198054cJ01. Informe justificativo-196.pdf,.pdf,0.1904458999633789,False,PyMuPDF,0
63af3668-8c29-47a8-a2ca-65b38a6c8161Delta B1 1B_CEE_V2_fd.pdf,.pdf,0.28649044036865234,False,PyMuPDF,0
eed741f2-1308-4d4e-b4cb-152ac5257ca1B5A_CEE_V1_FD.pdf,.pdf,0.30931663513183594,False,PyMuPDF,0
0d464e7f-bf50-4cdc-853a-151ab54a5b9c5. LRE078 Solicitud IRVE.pdf,.pdf,0.9999599456787109,False,PyMuPDF,0
c63db3bd-235d-4d4a-9b7a-cbe35bf867bajustificante_registro_solicitud (9).pdf,.pdf,0.3512611389160156,False,PyMuPDF,0
83e644f3-2381-4d70-be40-4a130b6db707LRE391 Just registro_20-12-2023.pdf,.pdf,1.021225929260254,False,PyMuPDF,0
00932153-660e-4b35-965e-c6d4c496539e1. LRE003 CIE.xlsx,.xlsx,0.042835235595703125,False,openpyxl,0
7f9ab203-07f0-4a6c-8883-2525135f1a755. Solicitud IRVE_fdo.pdf,.pdf,0.2715749740600586,False,PyMuPDF,0
950b630b-7aea-48f0-bccd-99eed70da3193. anexo unifi.pdf,.pdf,0.8210773468017578,False,PyMuPDF,0
05621ebe-1fb3-42cd-94e8-4af78e785f5fA2A_CEE_V2_fd.pdf,.pdf,0.30937767028808594,False,PyMuPDF,0
c86f5d6f-03f8-4447-bc7f-4b568430e3763. Solicitud inscripción.pdf,.pdf,1.006535530090332,False,PyMuPDF,0
3bbc1c20-f8d4-4474-9353-eb2987bf95c83. IMS2015 Solicitud inscripción.pdf,.pdf,1.0020112991333008,False,PyMuPDF,0
3c3fdc74-ec7a-41f5-bff3-e95ef6b8fb85J01_LPR0700-4.pdf,.pdf,0.18491268157958984,False,PyMuPDF,0
84949e6b-d7eb-476e-9d8b-6baf9221bc88CM T 59 0 7_CEE_V1.pdf,.pdf,0.24992656707763672,False,PyMuPDF,0
88e8eab6-1df4-4f9e-afd7-98aafa1a3f241.LRE069 Solicitud_coope_fase 2.pdf,.pdf,1.7246837615966797,False,PyMuPDF,0
b895e319-58fe-4901-80e0-f89ad733828ajustificante_registro_solicitud (23).pdf,.pdf,0.2712135314941406,False,PyMuPDF,0
29b4dc9d-a975-4c0d-9a7e-f3f356b0857eD3A_CEE_V2_Fd.pdf,.pdf,0.30963993072509766,False,PyMuPDF,0
b13901ee-a778-4a08-94ad-d4d75d5004c24. IMS2045 CIE.pdf,.pdf,0.2628364562988281,False,PyMuPDF,0
69957395-a801-4bae-811b-e91b3493d0757.2. Tramitación con Industria_CIE.pdf,.pdf,0.7824869155883789,False,PyMuPDF,0
db1bd248-9168-4795-ae88-1ddabda9e0d53. Anexo IRVE.docx,.docx,0.3254690170288086,False,python-docx,0
890710dd-32ad-4b6c-9273-e91dab42f89eJ01_LPR0600-3.pdf,.pdf,0.23648357391357422,False,PyMuPDF,0
3347e31d-1f5b-4231-8c7a-528be9760b95J4C_CEE_V2_fd.pdf,.pdf,0.30944347381591797,False,PyMuPDF,0
a6cbc73a-f47b-4b74-af75-a3864ec2c262IMS2019 Anexo V.pdf,.pdf,0.40970611572265625,False,PyMuPDF,0
39ab954c-abbf-46dd-94fc-4d38ad18898c4. DR Técnico-2-4.pdf,.pdf,0.9507513046264648,False,PyMuPDF,0
4a039bab-5c1f-4606-a992-56935342b9cdLRE234 justificante_registro_solicitud 16-05-2023.pdf,.pdf,1.0250482559204102,False,PyMuPDF,0
61f80b8d-47c3-4f6b-a35e-046285df1405Delta B3 2B_CEE_V2_fd.pdf,.pdf,0.2817411422729492,False,PyMuPDF,0
2042d061-670a-4981-8978-54f3cd07e50c2. AU085-4 DR_firmado (3).pdf,.pdf,0.32452869415283203,False,PyMuPDF,0
6f507767-d3ed-4e67-a2c5-8c56c0293188IMS307_2doCEE_fd.pdf,.pdf,0.3036966323852539,False,PyMuPDF,0
8128dafe-2427-4645-9afe-31b1608a10f3Delta B8 2B_CEE_V2.pdf,.pdf,0.2241506576538086,False,PyMuPDF,0
e95c1e95-40a4-48e4-8dd0-a73dcd3eed564. DR Tecnico Hector.pdf,.pdf,0.0908193588256836,False,PyMuPDF,0
803e4ff5-b9a8-40ad-ab29-6d9d5d4e32daJ01. Informe justificativo-191.pdf,.pdf,0.19040679931640625,False,PyMuPDF,0
071bd717-95ef-4fa3-8b00-0979f58e9a14J01. Informe justificativo-223.pdf,.pdf,0.1903982162475586,False,PyMuPDF,0
36259a9b-57b5-429b-a959-d07a58ff33a61. A055 CIE IRVE.pdf,.pdf,0.2629356384277344,False,PyMuPDF,0
37b6710b-5b99-4fa2-bf4f-5942f1fbdb966.3 CIE.pdf,.pdf,0.32122039794921875,False,PyMuPDF,0
1a5a34bc-c888-4dc3-a877-cdd707aa2a583. AU068 Solicitud.pdf,.pdf,1.004049301147461,False,PyMuPDF,0
ad6394ac-fe79-47b7-956b-ee1703fd337d3. IMS317 Solicitud.pdf,.pdf,1.0002222061157227,False,PyMuPDF,0
837878f6-4ca8-4b84-8644-cf72d3a257146. C190 CIE_IRVE.pdf,.pdf,0.7865753173828125,False,PyMuPDF,0
47d7b337-5d81-4619-a14c-ad9008e916da4. DR Tecnico fd.pdf,.pdf,1.0390844345092773,False,PyMuPDF,0
3a3bd7d1-f120-4176-a9da-62c958654f2f1. Solicitud_coope_fase 2.pdf,.pdf,1.57440185546875,False,PyMuPDF,0
5ab9ecb5-5ea2-4675-8a7e-69e8f48558054. LRE341 CIE.pdf,.pdf,0.7872123718261719,False,PyMuPDF,0
bcf33c08-3657-4bad-9319-17661c09ab2d1. Solicitud_coope_fase 2.pdf,.pdf,1.5751371383666992,False,PyMuPDF,0
ec0d1752-cdbb-4fa0-b50f-6fdad2271a133. AU085-1 Solicitud fd.pdf,.pdf,0.35430431365966797,False,PyMuPDF,0
9cf44a5c-f1e8-45b0-9711-2f0f973bb9e3C371 CEE.pdf,.pdf,0.28453922271728516,False,PyMuPDF,0
fc7d2e3d-2c24-4ce7-87e8-f36daa9d5959LRE210 justi_registro.pdf,.pdf,0.2704486846923828,False,PyMuPDF,0
5c1b416b-c281-4db8-bff9-f31ddf3e46cbJ01. Informe justificativo-159.pdf,.pdf,0.1904735565185547,False,PyMuPDF,0
d397b17a-2452-48d2-9b0c-8cace842b5b6AU044 MC PS 17 3B_V2.pdf,.pdf,0.28642940521240234,False,PyMuPDF,0
fc7d159a-28ff-45fc-8714-a356b914a4cd2. LRE407 DR.pdf,.pdf,0.6240444183349609,False,PyMuPDF,0
b37217bf-6895-4808-b835-d4ab129c8ab8J01. Informe justificativo-181.pdf,.pdf,0.19036865234375,False,PyMuPDF,0
d859ef88-ab62-4481-b6ed-660596a4bc84IMS2045 justificante_registro_solicitud 04-05-2023.pdf,.pdf,0.27228355407714844,False,PyMuPDF,0
79e38a1d-9fe0-4b37-9214-153a2392c7415.1 CIE.pdf,.pdf,0.7854738235473633,False,PyMuPDF,0
3f3ed019-5173-4c91-830f-3ce64a7edb781er CEE AER008 fd.pdf,.pdf,0.3180656433105469,False,PyMuPDF,0
827e670c-e7eb-4fe7-9b88-3bd3f7bf09871. Solicitud_coope_fase 2.pdf,.pdf,1.5756301879882812,False,PyMuPDF,0
2336ec6e-0bcb-4e0c-9142-cf54b8b887b1AU057 CM T 59 C1 2C_V1.pdf,.pdf,0.32200145721435547,False,PyMuPDF,0
411c60d9-da75-45ce-a623-224a52da1449IMS306 Just registro_26-12-2023.pdf,.pdf,1.0172796249389648,False,PyMuPDF,0
648ec8b9-0867-4c03-8b6d-d68c66816de4A4B_CEE_V2_fd.pdf,.pdf,0.30944347381591797,False,PyMuPDF,0
bde994e6-63de-4da1-82bd-90ca4e4c8bec4. IMS2015 CIE.pdf,.pdf,0.7866487503051758,False,PyMuPDF,0
f2e60826-e651-4e0f-82ff-de37484d77941. Solicitud_coope_fase 2.pdf,.pdf,1.5740118026733398,False,PyMuPDF,0
a7e46041-d35f-4abb-99ed-2f4e93fe768312. ALRE021 CIE casa.pdf,.pdf,0.7905569076538086,False,PyMuPDF,0
bc12fad8-7d10-47a0-b0af-e0cef8b7e5fc3. LRE232 Solicitud inscripción.pdf,.pdf,0.9881277084350586,False,PyMuPDF,0
69456168-b604-4cd2-826a-696069fc28631. Solicitud_coope_fase 2.pdf,.pdf,1.5751914978027344,False,PyMuPDF,0
cd54a7e9-757c-4a79-8a40-f89c2299f775H3A_CEE_V2_fd.pdf,.pdf,0.3092470169067383,False,PyMuPDF,0
6550e091-895f-40f2-9e0b-aaaf70d01bcaDelta B3 2B_V3.pdf,.pdf,0.221160888671875,False,PyMuPDF,0
e4433f09-f558-4936-9c6d-2c461897c372J01. Informe justificativo-210.pdf,.pdf,0.19043445587158203,False,PyMuPDF,0
bc95748f-ad56-4e2e-b340-95b28f8d1459LRE304 justificante_registro_solicitud_13-07-2023.pdf,.pdf,1.0112390518188477,False,PyMuPDF,0
9856a78d-e045-4f07-9745-3a81b76ea424AU057 CM T 59 0 5_V1.pdf,.pdf,0.2522850036621094,False,PyMuPDF,0
4da26aa5-f858-466c-953c-84486aca0439IMS303_2CEE_V1_Fdo.pdf,.pdf,0.28521251678466797,False,PyMuPDF,0
964c091a-e089-4a15-9392-2ddce817a06bAU057 CM T 59 4 1B_V1.pdf,.pdf,0.32143592834472656,False,PyMuPDF,0
22381023-1b33-45a8-8d0b-b6e914758caf2. MTD.pdf,.pdf,0.41114330291748047,False,PyMuPDF,0
2b9b5017-88a1-486e-96cb-f7da0c7865e86. Tabla.pdf,.pdf,0.06868934631347656,False,PyMuPDF,0
e82b09e0-d44a-4891-b8a7-1b697046316eF4A_CEE_V1.pdf,.pdf,0.25565242767333984,False,PyMuPDF,0
88c4c00f-5cf1-4661-b8ea-551c58b27dd01. Solicitud_coope_fase 2.pdf,.pdf,1.5748291015625,False,PyMuPDF,0
c0d94371-58cb-475d-8b72-dc28abf70018Delta B1 3B_CEE_V2.pdf,.pdf,0.22724056243896484,False,PyMuPDF,0
4333a2dc-93f8-4bcb-aad4-ea1ddd4e2ae6Delta B8 2B_CEE_V2.pdf,.pdf,0.2241668701171875,False,PyMuPDF,0
7daf35b1-c891-452a-90a9-90258ac295f05.3. Tramitación con el Ayto_IBI.pdf,.pdf,1.4285659790039062,True,PyMuPDF + OCR,0
7c49bb84-27f2-4925-a964-cbb153ea11fc3. LRE395 Solicitud.pdf,.pdf,1.0000152587890625,False,PyMuPDF,0
52aee1eb-9215-4a7a-ab34-562476bfe04a4. CIE COOP (2).xls.pdf,.pdf,0.25214099884033203,False,PyMuPDF,0
426f60e1-cbb8-4122-a402-70f74e89de6c1. CIE IRVE_fdo.pdf,.pdf,0.25984668731689453,False,PyMuPDF,0
cc515cac-0327-4843-a30a-d2d18380262c1. Solicitud_coope_fase 2.pdf,.pdf,1.573979377746582,False,PyMuPDF,0
03d0604c-c93d-4076-8ec8-ffd345d4ae41F3A_CEE_V1.pdf,.pdf,0.2551002502441406,False,PyMuPDF,0
aaa89601-c3c6-4be9-86fe-07af7f720d98J01. Informe justificativo-182.pdf,.pdf,0.19049930572509766,False,PyMuPDF,0
ac811a7f-3fc0-4383-a407-8875350fbbd2ANEXO V fdo.pdf,.pdf,0.3325176239013672,False,PyMuPDF,0
e3385f55-0495-48a7-9cd6-dc53126f07c9J01_LPRP4.pdf,.pdf,0.45957374572753906,False,PyMuPDF,0
bf8ae5e5-84c0-4944-9527-8ea9356e8acb4. CIE COOP.xls.pdf,.pdf,0.25321197509765625,False,PyMuPDF,0
58adb100-4e12-4955-ab2b-864c52541f3c3. C190 Anexo ESQUEMA_IRVE.pdf,.pdf,1.2203302383422852,False,PyMuPDF,0
ed7a09e6-ea94-4e06-95b5-911428f6994fLIBRO SUBC AU084 MADRID PALOMERAS.pdf,.pdf,0.044096946716308594,False,PyMuPDF,0
123d9eb3-6091-48ca-9ef1-fbe7983b44843. LRE019 Anexo IRVE.docx,.docx,0.32156848907470703,False,python-docx,0
c69e09c9-52e7-403f-9378-91975f6e08703. Anexo IRVE.docx,.docx,0.3217144012451172,False,python-docx,0
ff689752-2f6a-455e-b96b-00315ffa0c07E4B_CEE_V1.pdf,.pdf,0.25568485260009766,False,PyMuPDF,0
e0a89eb1-b7a4-4da7-bc1e-403d6d0238abDelta B1 1A_CEE_V2.pdf,.pdf,0.22666072845458984,False,PyMuPDF,0
25098efc-6d13-467a-b411-1ea24074cb2bJ01_LPR1000-1-fd.pdf,.pdf,0.26394176483154297,False,PyMuPDF,0
52009989-0bb0-41e7-95b5-5f66100519e53. IMS122 Anexo IRVE.pdf,.pdf,1.2292814254760742,False,PyMuPDF,0
f3528e38-0b77-4f0e-ab4d-65ec0e466a032. MTD Hector.docx,.docx,0.11324596405029297,False,python-docx,0
cc3a30b1-8689-49ef-aba9-42d6fa6ed4441. Tablas R Catastral.pdf,.pdf,0.41835689544677734,False,PyMuPDF,0
da288d98-5a4a-4945-8748-bae658e203fb5. Solicitud IRVE_fdo.pdf,.pdf,0.27530765533447266,False,PyMuPDF,0
0eb202ca-4999-4179-a960-da6e1636ed5e2. AU085-2 DR.pdf,.pdf,0.20430660247802734,False,PyMuPDF,0
214d2c1b-8530-4349-b056-4bdaea8925a07.2. Tramitación con Industria_CIE.pdf,.pdf,0.7855157852172852,False,PyMuPDF,0
b6379c9c-8666-4d01-9e72-8a80e7801a586.7 CIE.pdf,.pdf,0.30613231658935547,False,PyMuPDF,0
a618fb41-3c49-4b48-a1f7-bc7e556773774. IMS2057 CIE.pdf,.pdf,0.7857904434204102,False,PyMuPDF,0
bfa11fa6-2308-46c7-9569-81145be1f31aLRE331 Just_registro_11-01-2024.pdf,.pdf,1.0190963745117188,False,PyMuPDF,0
0c964d0f-ade9-45fc-baf5-b518484240cfJ01. Informe justificativo-227.pdf,.pdf,0.190399169921875,False,PyMuPDF,0
7f82ee88-d529-4957-bf4a-328752b7cec41. Certificado de estructura.pdf,.pdf,0.13881301879882812,False,PyMuPDF,0
96ede3f3-24e9-4faa-ae08-3e9f3ca6c3884. C290 CIE.pdf,.pdf,0.7901420593261719,False,PyMuPDF,0
b6d936a2-f1f1-4a45-92bd-535a8b0a08352. IMS2015 Declaracion responsable.pdf,.pdf,0.5758781433105469,False,PyMuPDF,0
20144baa-5364-4b94-86f5-0f6024ee9a252. S4-1 DR_FdoMAL.pdf,.pdf,0.5165271759033203,False,PyMuPDF,0
67835520-f60c-4816-bf67-b0d807c78dc4LRE207 justi_registro.pdf,.pdf,0.27268505096435547,False,PyMuPDF,0
b5058c3d-0851-4104-a1ed-1b0829f4190e1. Solicitud_coope_fase 2.pdf,.pdf,1.5740432739257812,False,PyMuPDF,0
2468311e-7eda-4268-b147-558ed4b8093a3. Anexo IRVE_fdo.pdf,.pdf,0.6108436584472656,False,PyMuPDF,0
40d5a31f-8654-473f-a6dc-f6b9899ad71a4. LRE304 CIE.pdf,.pdf,0.7856845855712891,False,PyMuPDF,0
979b02ee-89fa-4ebf-8626-4fde75bfc45c5. Solicitud IRVE_fdo.pdf,.pdf,0.27271175384521484,False,PyMuPDF,0
afc69b95-be54-443c-87a3-79eca082f0a94. DR Técnico-2-4.pdf,.pdf,0.9507513046264648,False,PyMuPDF,0
5dbe3f59-af65-4541-986f-eb1c767bd8e8Delta B15 1B_CEE_V2_fd.pdf,.pdf,0.3333301544189453,False,PyMuPDF,0
b864ade0-9a59-4d09-996c-19eb06a61eadJ01_LPR1000-4-fd.pdf,.pdf,0.26383399963378906,False,PyMuPDF,0
8a0207d1-fa1c-45b6-860f-263002c0e0aaJ01. Informe justificativo-153.pdf,.pdf,0.1904163360595703,False,PyMuPDF,0
0480bdd5-a25e-4c64-a434-e9a4e70e9c51H3A_CEE_V1.pdf,.pdf,0.25506591796875,False,PyMuPDF,0
4a52aeef-e997-46b6-aadc-523fd18515874. LRE345 CIE.pdf,.pdf,0.7861270904541016,False,PyMuPDF,0
f70f1b48-d836-4f51-8495-c1c4c0fa4bd9Memoria_RSIF.pdf,.pdf,0.49409008026123047,False,PyMuPDF,0
25c29336-7d3a-4956-b8e4-a9ce92cf7bd01. Solicitud_coope_fase 2.pdf,.pdf,1.574904441833496,False,PyMuPDF,0
c797b7f3-344e-49cc-a357-b8660db6f6846. Tabla.pdf,.pdf,0.19650936126708984,False,PyMuPDF,0
c2f47a85-3896-4f58-afab-504838485bb2Puentelarra_CEE_V1.pdf,.pdf,0.2656211853027344,False,PyMuPDF,0
ee335653-a759-48b8-9110-48f1557f3cf5J01. Informe justificativo-201.pdf,.pdf,0.19040679931640625,False,PyMuPDF,0
2b7c52dd-e335-4bf9-ac1b-4a8a7b02d33d3. LRE259 Anexo IRVE.docx,.docx,0.3226051330566406,False,python-docx,0
ad9e526f-270a-4eff-ad3c-d6183f339cd1Delta B2 3A_CEE_V1.pdf,.pdf,0.2269439697265625,False,PyMuPDF,0
e2202c17-15c6-4a56-8cbe-cdd61ee9be0dJ01. Informe justificativo-225.pdf,.pdf,0.19040679931640625,False,PyMuPDF,0
af474943-ce80-4c4a-b07c-97b59581a4a0E3B_CEE_V2.pdf,.pdf,0.25555896759033203,False,PyMuPDF,0
c87403dc-a8cf-4b86-ae72-f5d9dfb230863.2. Anteproyecto.pdf,.pdf,3.689713478088379,False,PyMuPDF,0
16ce905b-5b14-4b15-b20e-57b3497780d94. IMS2034 CIE.pdf,.pdf,0.2635307312011719,False,PyMuPDF,0
bbc28ddc-49b0-45d0-835e-033aec47642b4. IMS334 CIE.pdf,.pdf,0.7868595123291016,False,PyMuPDF,0
863e0b41-a0da-43e1-b7b8-773f3003188fDelta B20 3B_CEE_V2_fd.pdf,.pdf,0.287139892578125,False,PyMuPDF,0
05e98a72-f1bf-4d94-85aa-ae0260d75de7J01. Informe justificativo-208.pdf,.pdf,0.1904125213623047,False,PyMuPDF,0
5c9b6976-fa24-4180-996e-e8fd385274060.2 Encargo de obra fd VISADO.pdf,.pdf,0.3612527847290039,False,PyMuPDF,0
b746893a-fa61-4d5d-b457-5e6226d48d0aDelta B9 1A_CEE_V2.pdf,.pdf,0.22451019287109375,False,PyMuPDF,0
e4eb70d6-f132-49ac-822b-c12ce2d8e310J01. Informe justificativo-171.pdf,.pdf,0.19039249420166016,False,PyMuPDF,0
b9189578-2c5d-4c5c-8fb6-3091768b4e668.2. Solicitud Subvención.pdf,.pdf,8.358552932739258,True,PyMuPDF + OCR,0
3491cd5e-4d4f-4f20-a3da-c61197f3c73d2. AER007 MOD. IT-318.pdf,.pdf,0.5666685104370117,False,PyMuPDF,0
7dd3bcc7-c603-42c6-a378-77e6eb9ba59eJ01. Informe justificativo-172.pdf,.pdf,0.19043827056884766,False,PyMuPDF,0
a01a0696-75aa-41a7-80bf-c4327d5019d85.1.  CIE.pdf,.pdf,0.26270294189453125,False,PyMuPDF,0
96c24faf-bd94-4bca-b3b7-676a5dfdf7936.4 CIE.pdf,.pdf,0.23244190216064453,False,PyMuPDF,0
9be7bbe2-97f6-4f7d-a28c-ecce6bab8df93. Anexo IRVE.docx,.docx,0.3254375457763672,False,python-docx,0
7994f00b-21a9-4975-97fb-b22e1b5b886cAU044 MC PS 17 3D_V2.pdf,.pdf,0.28633785247802734,False,PyMuPDF,0
4b60147a-eba5-4edf-b559-9d9bfa5cf9065. LRE207 Solicitud IRVE_fdo.pdf,.pdf,0.27493858337402344,False,PyMuPDF,0
e51043de-5725-4cc1-bad3-b185400a6f203. LRE337 Solicitud inscripción.pdf,.pdf,1.002756118774414,False,PyMuPDF,0
ac4210fd-3551-4ce9-a45e-e779f670c2474. CIE COOP (2).pdf,.pdf,0.2506732940673828,False,PyMuPDF,0
fd56e396-af9f-450e-b979-19997c68fe36C349 CEE 1.pdf,.pdf,0.23047924041748047,False,PyMuPDF,0
96c37baf-8d09-4b97-865c-bbb46ea664791. LRE070 Solicitud_coope_fase 2.pdf,.pdf,1.7276229858398438,False,PyMuPDF,0
fbc0ef32-bf85-47ca-9d3d-98dfb6c871c8AU057 CM T 59 3 0D_V2.pdf,.pdf,0.32096195220947266,False,PyMuPDF,0
ba8df5f7-ca33-4a49-9d93-0bb1d97f73862. MTD fd.pdf,.pdf,4.034755706787109,False,PyMuPDF,0
786176e0-dea2-4235-9694-3d4e68e84eaa3. LRE266 Solicitud inscripción.pdf,.pdf,0.9882173538208008,False,PyMuPDF,0
76ca140f-216c-4283-88a6-2fe035e1dbea2. MTD FD.pdf,.pdf,5.214512825012207,False,PyMuPDF,0
731ba054-4425-4cd3-bf89-6c0ef6bb2ee41. LRE019 CIE IRVE.pdf,.pdf,0.7831697463989258,False,PyMuPDF,0
1a0bda09-cb41-41e0-ae62-5e4ee05b80bbJ01_LPR0800-1-fd.pdf,.pdf,0.26373767852783203,False,PyMuPDF,0
c0f2444d-6ffb-461a-8712-2483df8dcb3dLPR_J01P3.pdf,.pdf,0.3371295928955078,False,PyMuPDF,0
46051416-0503-40ae-9607-f627741af6ecLRE376 justificante_registro_solicitud_24-07-2023.pdf,.pdf,1.0111665725708008,False,PyMuPDF,0
691cee3b-19cf-482f-aecc-4473db9759a7J01. Informe justificativo-161.pdf,.pdf,0.1904125213623047,False,PyMuPDF,0
05768929-b633-4aa9-8f38-905f06050438J2B_CEE_V1_FD.pdf,.pdf,0.3088254928588867,False,PyMuPDF,0
6209a231-4c8b-4e97-be5e-4472b6bfa5503. LRE391 Solicitud.pdf,.pdf,1.0020008087158203,False,PyMuPDF,0
a1903515-e6d8-49c9-bd76-982d3725ce81J01. Informe justificativo-248.pdf,.pdf,0.19042396545410156,False,PyMuPDF,0
2a5551d8-fc8e-4b06-a55f-5b87754a6f2f2. C313 Declaración responsable.pdf,.pdf,0.5779285430908203,False,PyMuPDF,0
e6181fed-7470-4932-95bc-af87e3737b8b3. IMS302 Solicitud.pdf,.pdf,1.0030393600463867,False,PyMuPDF,0
2f03d70d-bcf4-449d-9b58-8b7ac62747b8Delta B18 2B_CEE_V1.pdf,.pdf,0.22381210327148438,False,PyMuPDF,0
aaf0d124-fef4-435c-ba9e-d250c480b4951. Solicitud_coope_fase 2.pdf,.pdf,1.5748825073242188,False,PyMuPDF,0
278b8c80-bc7a-4983-9ddf-ab565d68c5a0Delta B19 2A_CEE_V1_fd.pdf,.pdf,0.2859344482421875,False,PyMuPDF,0
abade2af-2503-4323-a046-bb2123198480J01_LPR0700-1.pdf,.pdf,0.2879161834716797,False,PyMuPDF,0
2b05cd92-7b7b-42fc-ad6f-9f88e3a749b74. CIE.pdf,.pdf,0.7863140106201172,False,PyMuPDF,0
86749d1d-dfd1-46be-8e71-790a357369701. Solicitud_coope_fase 2.pdf,.pdf,1.576033592224121,False,PyMuPDF,0
be198fda-3423-4e8d-922d-62ceadde70861. CIE IRVE_fdo.pdf,.pdf,0.26410579681396484,False,PyMuPDF,0
a68bb30e-5303-4163-afde-63b43c5442d01. Solicitud_coope_fase 2.pdf,.pdf,1.5740432739257812,False,PyMuPDF,0
51da515f-2495-48d2-a1a9-61d4369d92793. C267 Solicitud inscripción.pdf,.pdf,0.2861175537109375,False,PyMuPDF,0
a16d896a-8cf0-4843-bcbc-4188c745c78f5. Solicitud IRVE_fdo.pdf,.pdf,0.27245521545410156,False,PyMuPDF,0
569c92d5-d964-4083-ba07-156aeb7bf86bAU057 CM T 59 5 0C_V2.pdf,.pdf,0.3222236633300781,False,PyMuPDF,0
dd58bf1d-3131-4798-b8b3-be3af9fad64f3. LRE210 Anexo IRVE_fdo.pdf,.pdf,0.5972375869750977,False,PyMuPDF,0
064cf964-6946-43ff-a9fb-2ef24e129f693. Solicitud inscripción fd.pdf,.pdf,0.26894092559814453,False,PyMuPDF,0
e22d9e9e-4ef4-4323-b81c-3c38f8fa949ajustificante_registro_solicitud.pdf,.pdf,0.27104663848876953,False,PyMuPDF,0
a75eb093-41de-4f30-9b78-cb76e6ee64b05. A055 Solicitud IRVE.pdf,.pdf,0.2732086181640625,False,PyMuPDF,0
27c2b54f-9bab-4b15-8e78-ce47542d7fc94. Coste fd.pdf,.pdf,0.1384572982788086,False,PyMuPDF,0
87fe0fd0-999e-4879-a2dc-f4a285ab0530K4A_CEE_V2.pdf,.pdf,0.25568485260009766,False,PyMuPDF,0
c7fd44db-745f-4210-93ea-114a575c429c4. LRE207 CIE.pdf,.pdf,0.26282691955566406,False,PyMuPDF,0
5cce11e0-f02f-4a76-911b-e077c646e20fIMS2057 justificante_registro_solicitud 05-05-2023.pdf,.pdf,1.013580322265625,False,PyMuPDF,0
8e564914-b22e-4ec7-a448-b40c11e4fb84Delta B6 1A_CEE_V1.pdf,.pdf,0.22469806671142578,False,PyMuPDF,0
57cfbd10-7940-4419-997c-3cb0e3964f37AU044 MC PS 17 2B_V2.pdf,.pdf,0.2861948013305664,False,PyMuPDF,0
718f47c8-3fc0-4286-b1dc-5bc9b63ab3644. LRE025 CIE fdo.pdf,.pdf,0.7909126281738281,False,PyMuPDF,0
45b6e567-6ef5-420e-a14f-3dca02cb82f4J01. Informe justificativo-217.pdf,.pdf,0.19040489196777344,False,PyMuPDF,0
cf40590c-18eb-4dbc-aeac-835b64d930e73. AU085-8 Solicitud.pdf,.pdf,0.3020305633544922,False,PyMuPDF,0
889a0368-f58a-4741-be0e-4be1d01142750. DR Ayto FD.pdf,.pdf,1.654623031616211,False,PyMuPDF,0
486a0491-82fb-4159-a033-f6c0c24061f46.3 CIE.pdf,.pdf,0.32122039794921875,False,PyMuPDF,0
0393fe1b-9642-4790-875a-03cb2ef255532. C325 DR.pdf,.pdf,0.26171112060546875,False,PyMuPDF,0
73008c07-0755-4b6a-8fc4-59377bbcf3562. LRE376 Declaracion responsable MAL.pdf,.pdf,0.2817869186401367,False,PyMuPDF,0
12234316-2492-4894-a360-f19545bb3a12Delta B18 3B_CEE_V1_fd.pdf,.pdf,0.2838726043701172,False,PyMuPDF,0
39db7f35-762a-48f2-8721-b1c92eb6237c0.2 Encargo de obra fd.pdf,.pdf,0.31202220916748047,False,PyMuPDF,0
a5001c03-f59d-4f30-a3d3-5513d9f1c8af1. LRE075 CIE IRVE.pdf,.pdf,0.7864980697631836,False,PyMuPDF,0
60eadd8b-bf67-47f5-a6f0-782820cfc0c7LPR_J01P3-2.pdf,.pdf,0.18506813049316406,False,PyMuPDF,0
f5c238bd-df0a-42da-b92d-4088041e0f4fVISADO_0.2 Encargo de Obra fd.pdf,.pdf,0.3602609634399414,False,PyMuPDF,0
ee824a0c-b1f3-4bdf-881e-05aba39cde79J01. Informe justificativo-165.pdf,.pdf,0.1904449462890625,False,PyMuPDF,0
60139c7e-8fa9-49f9-b7e2-02b265b2403aJ01P2.pdf,.pdf,0.2536754608154297,False,PyMuPDF,0
0f551c31-e267-4993-9e65-f5d67131ed48IMS303_CEE_V2.pdf,.pdf,0.2253570556640625,False,PyMuPDF,0
805755eb-e73a-4576-8c5d-482f69d386494. LRE337 CIE.pdf,.pdf,0.7874116897583008,False,PyMuPDF,0
22c9dbc5-3729-4579-bfdc-223f7eefeea88.2. Solicitud Subvención.pdf,.pdf,4.358704566955566,True,PyMuPDF + OCR,0
c1ae5c5e-3bbc-4274-a4aa-795d398ecf066. ALRE004 MOD. IT-315.pdf,.pdf,1.2068567276000977,True,PyMuPDF + OCR,0
8bf61b69-5087-42b7-ae8c-f8be45b80012AER006 CEE 1 fd.pdf,.pdf,0.3312664031982422,False,PyMuPDF,0
8ce1aa64-daf7-4073-a105-8df6fce734451. LRE085 Solicitud_coope_fase 2.pdf,.pdf,1.7282962799072266,False,PyMuPDF,0
6d900ab3-b642-455b-aab0-233f683e3022Delta B9 2B_CEE_V2_old.pdf,.pdf,0.22422122955322266,False,PyMuPDF,0
ad71d30f-4b5e-4a69-8c67-8bbf5a674a41Delta B3 3B_CEE_V3.pdf,.pdf,0.22128009796142578,False,PyMuPDF,0
865e426d-c34d-49dc-92ef-d480306a36944. LRE232 CIE.pdf,.pdf,0.7859649658203125,False,PyMuPDF,0
e03fdb33-507a-4194-a88d-f6cd4da9fa73AU057 CM T 59 0 7_V1_fd.pdf,.pdf,0.3067483901977539,False,PyMuPDF,0
0f7a7ddd-5653-4e2c-ab47-fa84eef33dff4. CIE COOP FD.pdf,.pdf,0.26268482208251953,False,PyMuPDF,0
c312d0cc-2609-49fb-8038-3edad4730e796. ALRE021MOD. IT-315.pdf,.pdf,0.7894182205200195,False,PyMuPDF,0
be2678d0-6732-44da-a54e-8e7d69843cd31. Solicitud_coope_fase 2.pdf,.pdf,1.5749073028564453,False,PyMuPDF,0
aa3293fa-e592-4bb4-a370-944cf19cbb70J01. Informe justificativo-177.pdf,.pdf,0.19037818908691406,False,PyMuPDF,0
13d432aa-10c7-4c5d-b25b-906a7a46956bjustificante_registro_solicitud SELLAD.pdf,.pdf,0.3513326644897461,False,PyMuPDF,0
4d5ee2b9-9e0b-44ce-912f-f128f0e0a2c4IMS354 CEE_V2.pdf,.pdf,0.24483299255371094,False,PyMuPDF,0
5f06e586-e21e-431b-b5c8-f07683256149J01. Informe justificativo-180.pdf,.pdf,0.19049644470214844,False,PyMuPDF,0
47f75b32-c3ad-4561-8398-db37467d08775. LRE019 Solicitud IRVE.pdf,.pdf,0.9988946914672852,False,PyMuPDF,0
9bb18b44-6dfb-42be-8c49-28ad5d63a7904. CIE.pdf,.pdf,0.7869644165039062,False,PyMuPDF,0
9e5c8ebb-cd18-4b9d-a817-7b4657154fc1AU057 CM T 59 5 2C_V1.pdf,.pdf,0.32187843322753906,False,PyMuPDF,0
79750380-b367-470c-9d0b-2926e68398de5. LRE041 Solicitud IRVE.pdf,.pdf,1.001333236694336,False,PyMuPDF,0
413f7246-21d9-4a83-a442-37d3a1957471LRE254 just_registro.pdf,.pdf,0.2713766098022461,False,PyMuPDF,0
d17aaaba-5456-4682-abba-3250a7b77aac4. DR Técnico-2-4.pdf,.pdf,0.9694719314575195,False,PyMuPDF,0
b7213658-8b02-423a-8295-682ea0f5004bDelta B6 3B_CEE_V2.pdf,.pdf,0.22463703155517578,False,PyMuPDF,0
8cf0c4a3-5085-431e-a8f3-79724f945c474. S4-1 CIE.pdf,.pdf,0.7841033935546875,False,PyMuPDF,0
5efe76a1-94ce-4b39-b268-9692a117720a4. DR Técnico fd.pdf,.pdf,1.133047103881836,False,PyMuPDF,0
6002ea20-6824-4376-8431-7a384b6cb4e4J01. Informe justificativo-187.pdf,.pdf,0.19052505493164062,False,PyMuPDF,0
7697bf3a-4bb6-4f35-a0df-a769e9ebff7c4. Salarios pagados.docx,.docx,0.057166099548339844,False,python-docx,0
ccdb4aef-fda3-4500-b813-0c4d5ded2a534. S3 CIE.pdf,.pdf,0.787358283996582,False,PyMuPDF,0
22641447-5fa2-4c6c-be14-899c5bfa5d96AU044 MC PN  FD 3 2A_V1.pdf,.pdf,0.3337583541870117,False,PyMuPDF,0
863393a5-4caf-4adc-afe7-0c809037f7b75. C190 Solicitud_IRVE.pdf,.pdf,1.001535415649414,False,PyMuPDF,0
099fe8ac-cb5c-4361-94cd-727082425c76apertura-LA PABLO 7-PRES.pdf,.pdf,1.4381418228149414,False,PyMuPDF,0
8ff2f5d2-abe7-4f4e-b5c5-af71e4dead5bExplicación subsanación ampliación LRE387 Fdo.pdf,.pdf,7.641415596008301,False,PyMuPDF,0
3e55f87d-3c89-4069-b76e-75faff8894eb2. MTD Hector.docx,.docx,0.11317253112792969,False,python-docx,0
38236a8d-2eaf-416e-b695-47cc3c7a006bMT_pc VE_Coope_fd Héctor.pdf,.pdf,0.8615169525146484,False,PyMuPDF,0
f5e89080-e02f-45f3-a487-11a5c97bba3cAU057 CM T 59 5 0C_V2_Fd.pdf,.pdf,0.3626384735107422,False,PyMuPDF,0
bdfc6440-5bc3-4742-ba25-b5cd7df4609cJustificanteSolicitud LS.pdf,.pdf,0.02426433563232422,False,PyMuPDF,0
3f1748d6-b548-4973-9cfc-1d1fc8b914d82. MTD Hector.docx,.docx,0.11309432983398438,False,python-docx,0
b20e6e48-ad34-4c7c-bba8-3f10e30a7a7c8.2. Solicitud Subvención.pdf,.pdf,4.874140739440918,False,PyMuPDF,0
3601d640-9ffb-4b94-9ac1-3b2acbb4b1d83. LRE304 Solicitud inscripción.pdf,.pdf,0.991856575012207,False,PyMuPDF,0
e636d9fd-48af-49cd-9001-50f4c755642b1. Nota aclaratoria fd.pdf,.pdf,0.1663494110107422,False,PyMuPDF,0
fecf1899-3159-4181-bc86-4417948f4fcb1. CIE IRVE_pdte firma NEW.pdf,.pdf,0.21311378479003906,False,PyMuPDF,0
79a793f5-722a-4ff5-a270-df4cb6914ce8F3B_CEE_V1_fd.pdf,.pdf,0.30887794494628906,False,PyMuPDF,0
8efcc9fb-8a7a-4e9a-9777-305baa36d3913. Anexo IRVE.pdf,.pdf,0.5142736434936523,False,PyMuPDF,0
1cf69238-e2f8-4098-a51f-7e0a1413140d14. ALRE021 Memoria_RSIF.pdf,.pdf,2.819228172302246,False,PyMuPDF,0
738784b2-b556-4e24-8436-3d52217a776c0.4. AU068 CFO_VISAR.pdf,.pdf,0.4692716598510742,False,PyMuPDF,0
8efba344-8f25-488c-a563-2b088a1d871fAU057 CM T 59 C1 2C_V2_fd.pdf,.pdf,0.3627338409423828,False,PyMuPDF,0
1ce8f81d-5829-4d9c-883c-31692e7a66ab1. Solicitud_coope_fase 2.pdf,.pdf,1.574880599975586,False,PyMuPDF,0
80c5b5fa-13f2-4361-80cb-5c5e324c53604. CIE.pdf,.pdf,0.7849245071411133,False,PyMuPDF,0
e642cef2-612c-461b-ae06-b69fa70fec6bAnexo ESQUEMA IVE Infraestr Veh Eléctr.docx,.docx,0.34158897399902344,False,python-docx,0
65ffcdfb-2f7a-4966-af6b-c9515a946bf42. MTD FD.pdf,.pdf,4.1490983963012695,False,PyMuPDF,0
f54a495e-13b4-49a2-8ff9-ece0ff869ee55. Final de obra fd.pdf,.pdf,0.1383533477783203,False,PyMuPDF,0
f4bde49b-a5af-4c2e-8366-3bf61564c5924. LRE266 CIE.pdf,.pdf,0.7859411239624023,False,PyMuPDF,0
aaad8bda-b669-45d4-b32a-95c523421e8e1. CEE 1_Certificado Energético.pdf,.pdf,0.3336296081542969,False,PyMuPDF,0
f331ec55-7b80-4be2-8a8c-a17279c46ce25. LRE003 CIE FD.pdf,.pdf,0.2632017135620117,False,PyMuPDF,0
db2ee10c-86e1-485f-99bd-dfa9ba334bf8APERTURA AU063-MADRID SECRETARIADO GITANO.pdf,.pdf,0.062042236328125,False,PyMuPDF,0
5660650b-e673-4fd7-b3fb-f14c14e3b7441. Solicitud_coope_fase 2.pdf,.pdf,1.5765085220336914,False,PyMuPDF,0
bf794758-e6a0-4c30-be0e-58d1c8657c10J01. Informe justificativo-159.pdf,.pdf,0.1904735565185547,False,PyMuPDF,0
3196d008-d1dc-40b7-82ad-a57ff9f0dff92. ALRE004 MOD. IT-318.pdf,.pdf,0.5785989761352539,False,PyMuPDF,0
0914f38d-68d1-4e8a-8522-f95d9e01e428J01. Informe justificativo-191.pdf,.pdf,0.19040679931640625,False,PyMuPDF,0
f1d190d2-fc91-4c28-87af-9db2e1e883a81. Solicitud_coope_fase 2.pdf,.pdf,1.5755090713500977,False,PyMuPDF,0
17ffed80-a024-4f1d-a05f-d25429f1bfdeLPR_J01P3-2_fd.pdf,.pdf,0.26395702362060547,False,PyMuPDF,0
83189925-7125-45a1-b6b8-54063ff8f8520.4. S4-1 CFO_VISAR.pdf,.pdf,0.4703493118286133,False,PyMuPDF,0
2632dd8b-2c02-48a6-9c26-b4e36e9ea4913. LRE308 Anexo IRVE_fdo.pdf,.pdf,0.5828800201416016,False,PyMuPDF,0
d89bd0bb-ee1f-4340-9c71-538d1e599bcbJ01. Informe justificativo-242.pdf,.pdf,0.1904287338256836,False,PyMuPDF,0
ef31d674-d521-4385-b5eb-6164508fbdde4. S3 CIE.pdf,.pdf,0.787358283996582,False,PyMuPDF,0
6d7bf238-110b-4acc-895e-8826d21c5bfd1. LRE259 CIE IRVE_fdo.pdf,.pdf,0.26192474365234375,False,PyMuPDF,0
d3e3beea-4d62-4502-ba17-58cb5fd35d841. Solicitud_coope_fase 2.pdf,.pdf,1.5740423202514648,False,PyMuPDF,0
18824a78-7f2e-4d89-bb48-292dabd1f32eAU057 CM T 59 5 2C_V1.pdf,.pdf,0.32190608978271484,False,PyMuPDF,0
a0fc6e9c-6433-4c79-b836-967837172755J01_LPR0800-3.pdf,.pdf,0.28789234161376953,False,PyMuPDF,0
aa1082a5-9b8c-4796-888b-14ba2ffaf2df6. MOD. IT-315_r.pdf,.pdf,3.408186912536621,False,PyMuPDF,0
aa31e2c0-7a45-4c2e-a749-bdb3e0fff1deIMS305_2doCEE_V1.pdf,.pdf,0.20816802978515625,False,PyMuPDF,0
d776a267-d88a-4773-a6d4-2bbb4cab4f70Tipo V1.pdf,.pdf,0.2523689270019531,False,PyMuPDF,0
c71b6b49-7a31-419f-9435-6496c6ebad744. DR Tecnico Hector comp.pdf,.pdf,1.0962095260620117,False,PyMuPDF,0
10aed429-2ed4-4a4e-b188-33041b09e3351. Solicitud_coope_fase 2.pdf,.pdf,1.5751333236694336,False,PyMuPDF,0
3c3a6c8f-931b-4e56-9e37-c1680580aa706. Tabla fd.pdf,.pdf,0.3010406494140625,False,PyMuPDF,0
4b9abe74-61aa-4020-bbb5-cca78d2b59121. Solicitud_coope_fase 2.pdf,.pdf,1.5737457275390625,False,PyMuPDF,0
d2733c21-7ef9-43bd-b488-0d8778c606a73. CFO.pdf,.pdf,0.3838186264038086,False,PyMuPDF,0
fe114c43-1023-4462-bc9b-0102d49e8adeAU044 MC PN  3 2D_CEE2.pdf,.pdf,0.28624439239501953,False,PyMuPDF,0
2c597760-c1eb-4924-bf43-25f5dc6ada071. LRE346 CIE.xlsx,.xlsx,0.042877197265625,False,openpyxl,0
0b204007-f733-48e6-bd8a-40573985b612justificante_registro_solicitud (3).pdf,.pdf,0.2735872268676758,False,PyMuPDF,0
6651cc1b-efbb-4917-bb41-21f49e687d94LRE212 just_registro_28-12-2023.pdf,.pdf,1.041569709777832,False,PyMuPDF,0
670d0224-e3e1-4161-82eb-51c2d419bcda3. LRE010 Anexo IRVE.pdf,.pdf,0.615178108215332,False,PyMuPDF,0
b0b0a23f-2c5f-4777-a21f-bbd8a89049f55.1.  CIE.pdf,.pdf,0.7878360748291016,False,PyMuPDF,0
b8dd55d6-8f0d-422b-b387-28eebc0e2ec15. LRE256 Solicitud IRVE_fdo.pdf,.pdf,0.2726449966430664,False,PyMuPDF,0
15635347-c657-49fa-a966-e0bf801a83743. LRE207 Solicitud inscripción.pdf,.pdf,0.278656005859375,False,PyMuPDF,0
27b11733-ad20-4db2-b865-6d7c7fa1e49bC3A_CEE_V1.pdf,.pdf,0.25506019592285156,False,PyMuPDF,0
377546ab-4237-4b65-857f-dd808aa231734. LRE387 CIE.pdf,.pdf,0.7900266647338867,False,PyMuPDF,0
02b7a6f4-05f4-462a-93b1-956cda5659115. LRE259 Solicitud IRVE_fdo.pdf,.pdf,0.2713184356689453,False,PyMuPDF,0
90f6e53e-2166-4cf1-a62a-21a4afacc4b42. IMS347 DR.pdf,.pdf,0.2071981430053711,False,PyMuPDF,0
c107c8b2-363b-44ff-ae48-e956545894631. LRE259 CIE IRVE_sin fir.pdf,.pdf,0.21370506286621094,False,PyMuPDF,0
74d5bdee-8108-4041-8794-c32dd3ea89732. IMS317 DR.pdf,.pdf,0.5793628692626953,False,PyMuPDF,0
6b94ea7c-73ca-4d6d-b081-35c66b7072c7C217 just_registro_25-09-2024.pdf,.pdf,1.0238399505615234,False,PyMuPDF,0
d28a870a-fba2-4bd4-b3cc-0040883755ff6. ALRE003 MOD. IT-315.pdf,.pdf,1.1979093551635742,True,PyMuPDF + OCR,0
4b288637-0ef0-4862-8bc6-f5db076f56895. LRE073 Solicitud IRVE.pdf,.pdf,1.0017156600952148,False,PyMuPDF,0
3e42802d-e737-4212-ae52-4dbfee55edc8AU057 CM T 59 6 1E.pdf,.pdf,0.3204517364501953,False,PyMuPDF,0
62f7604b-c361-4699-9dea-229ca124922aJ01. Informe justificativo-203.pdf,.pdf,0.19039440155029297,False,PyMuPDF,0
0ec592db-2230-4192-bfca-cb6f599bacabDelta B1 3B_CEE_V1.pdf,.pdf,0.22684001922607422,False,PyMuPDF,0
b8bdd359-66f5-45b4-9f48-b1123b3fde1fG1A_CEE_V2.pdf,.pdf,0.2552833557128906,False,PyMuPDF,0
e77021ce-2514-4c85-8ae2-b712383dd9df2. MTD Hector.pdf,.pdf,0.3726015090942383,False,PyMuPDF,0
149429d4-d940-4f04-b939-36014fa56236Fuenge Gonzalo N6_2do.pdf,.pdf,0.23857498168945312,False,PyMuPDF,0
7735c13c-b1d9-4309-82f3-0f6e7a10dc953. Anexo IRVE. FD3pdf.pdf,.pdf,0.6680183410644531,False,PyMuPDF,0
d5235f37-0f9b-4088-ba9d-32d5d39a896cjustificante_registro_solicitud (2).pdf,.pdf,0.2716503143310547,False,PyMuPDF,0
e509caa7-40a6-4a66-a66b-4f7292c4ac58justificante_registro_solicitud (12).pdf,.pdf,0.3513450622558594,False,PyMuPDF,0
b6a4c03a-7188-4779-93c6-2b7185fcd41f4. LRE370 CIE.pdf,.pdf,0.7860240936279297,False,PyMuPDF,0
6cb4086c-7085-4b39-983d-4871fa5e994a4. CIE.pdf,.pdf,0.7849245071411133,False,PyMuPDF,0
705883c6-c889-4d6a-98d2-433bfbc3acd84. DR Tec fd.pdf,.pdf,1.157282829284668,False,PyMuPDF,0
e38d0147-97d2-4b40-bdc7-c564f74f6c21Delta B1 1B_CEE_V1.pdf,.pdf,0.2267446517944336,False,PyMuPDF,0
63c1e284-5a23-47a5-98b0-2e2beb9df338K4A_CEE_V2_fd.pdf,.pdf,0.30941295623779297,False,PyMuPDF,0
fb8a6773-545e-435f-a3fe-a4583f5b0fd9AU044 MC PS 17 2A_V2.pdf,.pdf,0.28618621826171875,False,PyMuPDF,0
81c70724-c2f0-49fe-a3a8-8b435ddb15012. MTD Hector.pdf,.pdf,0.3729429244995117,False,PyMuPDF,0
7f480875-a82b-4ffa-afd8-d85bc9e18185AU057 CM T 59 C1 2C_V2.pdf,.pdf,0.3220348358154297,False,PyMuPDF,0
bf9f42d1-c0d3-42ed-8bd6-281bb24c2ecaIMS31 just_registro_05-12-2023.pdf,.pdf,1.0196704864501953,False,PyMuPDF,0
8deccdc8-5614-4a95-83f5-8bdfc2fa4e5cIMS353 CEE_V2 fd.pdf,.pdf,0.28272247314453125,False,PyMuPDF,0
cbe17208-a086-445a-972e-97dc937e4ebaC1B_CEE_V1.pdf,.pdf,0.2551441192626953,False,PyMuPDF,0
e66ae83b-1fbd-4318-8132-db0a3d8bb821J01. Informe justificativo-239.pdf,.pdf,0.19042205810546875,False,PyMuPDF,0
3cf36755-97b2-4c19-97c6-2486c2cdc7611. Solicitud_coope_fase 2.pdf,.pdf,1.5740423202514648,False,PyMuPDF,0
cb9a1402-e37a-45ba-a242-9aaf46d609f7AER001 Just_registro_20-12-24.pdf,.pdf,0.37392234802246094,False,PyMuPDF,0
bba5e603-eb43-422d-9b87-0c9c8e127a99Delta B3 3B_CEE_V3.pdf,.pdf,0.2212810516357422,False,PyMuPDF,0
d2c6fa44-6950-4cb6-96d4-b4da341cfe3b6. ALRE015 MOD. IT-315.pdf,.pdf,1.0052556991577148,False,PyMuPDF,0
5d2a968a-1e0f-40cc-b473-4e2887090a39D4A_CEE_V2.pdf,.pdf,0.25582027435302734,False,PyMuPDF,0
ae4fce87-b413-44bb-9504-ac47ad4cf0403. Anexo VII Informe fd.pdf,.pdf,0.41066455841064453,False,PyMuPDF,0
ea3df331-9fee-4a9c-9431-867dd2d7d37aJ01_LPR0500-5-fd.pdf,.pdf,0.26431751251220703,False,PyMuPDF,0
d6a4e76b-198a-4c16-9bd6-6fe700afa1b6J01. Informe justificativo-233.pdf,.pdf,0.19039344787597656,False,PyMuPDF,0
1b867efe-a9bb-43ac-8b2b-9b5f44c1e9dd3. AU085-8 Solicitud fd.pdf-SELLADO.pdf,.pdf,0.2489480972290039,False,PyMuPDF,0
48768acb-f20b-488a-b743-a9c396e44d666.7 CIE.pdf,.pdf,0.30613231658935547,False,PyMuPDF,0
a1a3966b-5c3d-4fe0-a984-f21c5b02226aJ3C_CEE_V2.pdf,.pdf,0.2553062438964844,False,PyMuPDF,0
49e78778-0dc2-4aff-9f8a-ee79d5a62a102.  S3 DR_FdoMAL.pdf,.pdf,0.4827871322631836,False,PyMuPDF,0
7a09664b-8be6-4c4f-8625-b47fe8e8f5135. LR235 Solicitud IRVE_fdo.pdf,.pdf,0.2737274169921875,False,PyMuPDF,0
6ddceaba-647e-4abc-97cc-b7db708b38962. MTD Hector.docx,.docx,0.11303329467773438,False,python-docx,0
5a05d7aa-2650-4886-9bc6-ccda6a785264Delta B14 3B_CEE_V1.pdf,.pdf,0.2248401641845703,False,PyMuPDF,0
87138da1-16da-4383-bc3f-d3175c5b897cJ01_LPR0700-3.pdf,.pdf,0.18493175506591797,False,PyMuPDF,0
181c4017-2c45-4de8-8b0d-3b2771d5df131. C353 CIE fd 1.pdf,.pdf,0.261199951171875,False,PyMuPDF,0
bbf0b237-93b4-4d0c-a9e5-52efb31cbb5dK4A_CEE_V1.pdf,.pdf,0.2553749084472656,False,PyMuPDF,0
40eb4264-b149-4c83-9b18-cf3a11115c85C222 justificante_registro_solicitud_16-06-2023.pdf,.pdf,1.011216163635254,False,PyMuPDF,0
3e2de935-da79-4283-9d97-2a74da52c86c7.2. Tramitación con Industria_CIE.pdf,.pdf,0.7863140106201172,False,PyMuPDF,0
2a68378a-35bd-4dc9-ba66-2c3d71fb9777J01. Informe justificativo-162.pdf,.pdf,0.19039440155029297,False,PyMuPDF,0
febe2159-f551-4ade-8daf-149cc9d38f4cJ01. Informe justificativo-165.pdf,.pdf,0.1904449462890625,False,PyMuPDF,0
e3bb2e1b-64ea-4190-ab3e-1c54f052691bLRE080 just_registro_11-12-24.pdf,.pdf,1.0205469131469727,False,PyMuPDF,0
caf55a69-9db2-42ba-9269-034a11f2885f3. C220 Solicitud inscripción.pdf,.pdf,0.9881181716918945,False,PyMuPDF,0
c2a025ba-122c-4dd0-95c0-638fcdb355b0Delta B18 2A_CEE_V2.pdf,.pdf,0.21991634368896484,False,PyMuPDF,0
bcfc0b4d-aeef-4879-b1f3-202a5a4ef7ef6. AER003 MOD. IT-315.pdf,.pdf,3.6942672729492188,False,PyMuPDF,0
b18c6ee1-a5c4-4352-9e1e-635ddb6ce85bLRE410 CEE_V2 fd.pdf,.pdf,0.2829914093017578,False,PyMuPDF,0
ec418dd5-29a2-455f-afd1-2b57f6f5702a3. LRE376 Solicitud inscripción.pdf,.pdf,0.9917516708374023,False,PyMuPDF,0
636fc2c2-6bec-423e-aa14-2685218cf9ba1. LRE378 _CIE IRVE.pdf,.pdf,0.26192760467529297,False,PyMuPDF,0
061caa51-5333-4bec-ab26-8b3e0a0cf9eb3. LRE049 Anexo IRVE.pdf,.pdf,1.1164827346801758,False,PyMuPDF,0
fd555b0c-e453-4123-86ac-304c024922324. DR Tec fd.pdf,.pdf,1.1574411392211914,False,PyMuPDF,0
84387447-87f6-44d9-9af6-93ef50e2ab2eLIBRO SUBC AU075 MADRID POETAS_Tramitado.pdf,.pdf,0.05712604522705078,False,PyMuPDF,0
b676a9c0-1ad3-4322-8341-5264dc6865cfIMS339 1er CEE_fd.pdf,.pdf,0.28479671478271484,False,PyMuPDF,0
f02bbe14-8dae-40cd-ae60-6a073d04f0784. CIE.pdf,.pdf,0.7863140106201172,False,PyMuPDF,0
31618031-d08a-4b3a-8e66-55e37f7c3d03J01_LPR0800-2.pdf,.pdf,0.28789520263671875,False,PyMuPDF,0
d7442820-6502-4e02-832b-5028856aecf9G1A_CEE_V1.pdf,.pdf,0.2549924850463867,False,PyMuPDF,0
15f46bd1-d5c1-499d-975a-7ff67fe182a6B3A_CEE_V2_fd.pdf,.pdf,0.3093109130859375,False,PyMuPDF,0
8801bac2-421a-4656-b34a-8de57782eeef1. Solicitud_coope_fase 2.pdf,.pdf,1.5742425918579102,False,PyMuPDF,0
9fb2f51d-0b4b-4967-9330-19f2291ba6c65. Solicitud inscripción IRVE_COOP FD.pdf,.pdf,0.2739734649658203,False,PyMuPDF,0
a7fbe057-7958-43a0-8fa4-9a2f89dc6d043. LRE341 Anexo IRVE.docx,.docx,0.44724369049072266,False,python-docx,0
6dd1d6e7-1b69-43ad-85b1-6c42e4cb415d3. Anexo IRVE.pdf,.pdf,0.5411787033081055,False,PyMuPDF,0
ee50c2c1-cc85-4b16-9945-8041780b884d3. AU068 CFO.pdf,.pdf,0.5198230743408203,False,PyMuPDF,0
46b4c346-603d-49b0-95ca-6613b1063ce1J01. Informe justificativo-250.pdf,.pdf,0.1903972625732422,False,PyMuPDF,0
9b80e4c2-5caf-4354-afc3-e24188ee6ebaIMS347 Just registro.pdf,.pdf,1.0192537307739258,False,PyMuPDF,0
4c9026a3-c8f1-47e8-8d7b-394102bc4c17Memoria Tecnica_P.R WALLBOX IMS122 F2.pdf,.pdf,1.0438756942749023,False,PyMuPDF,0
ee688876-ef11-430e-818a-885264be41beDelta B19 2B_CEE_V1.pdf,.pdf,0.28531742095947266,False,PyMuPDF,0
a69dda45-3682-43f9-ba30-edb5b7dd827d3. Solicitud inscripcion.pdf,.pdf,0.2595529556274414,False,PyMuPDF,0
f22894ca-6131-4572-83a1-7bc307d04cef3. Solicitud fd.pdf,.pdf,0.35428428649902344,False,PyMuPDF,0
bb31c847-b3c0-48ad-bffa-95fc0a359f28IMS315_CEE_V2_fd.pdf,.pdf,0.27992820739746094,False,PyMuPDF,0
b824fb54-2943-441b-92a5-795a1bdf9d456. Tabla fd.pdf,.pdf,0.3010406494140625,False,PyMuPDF,0
8fc4251b-e80b-48c8-822c-eb6630bfc6a31. Solicitud_coope_fase 2.pdf,.pdf,1.574880599975586,False,PyMuPDF,0
9e2f031b-14df-4a7c-8233-061e49f0007d1. J01 DR potencia fd.pdf,.pdf,0.2594442367553711,False,PyMuPDF,0
0c3502bf-e2fd-4c91-9460-ef910886e938J01_LPR0900-2-fd.pdf,.pdf,0.2640228271484375,False,PyMuPDF,0
d81b3fe7-ebb2-4647-ae38-6754a452b1a3J01_LPR-1_fd.pdf,.pdf,0.2641468048095703,False,PyMuPDF,0
5de9604e-3e0b-48e7-aeea-86edd07746bd2. DR IMS345.pdf,.pdf,0.2597389221191406,False,PyMuPDF,0
32d551ed-27d1-42f6-945f-ca4136bbbc35AU044 MC PS 17 1B_V2.pdf,.pdf,0.2861595153808594,False,PyMuPDF,0
ef48c282-84d2-4c24-a4d6-1ad7b1e2fef33. LRE078 Anexo IRVE.pdf,.pdf,1.2264909744262695,False,PyMuPDF,0
253a6650-2205-40c5-8761-1a18f82bd9c4C320 Just_registro_28-11-2023.pdf,.pdf,1.0188636779785156,False,PyMuPDF,0
4e730be3-b13f-4d83-877b-19a3a38d5316IMS318_CEE.pdf,.pdf,0.23323822021484375,False,PyMuPDF,0
41d18c87-0d54-440d-938c-a62ae2907c19ANEXO V IMS2041.pdf,.pdf,0.2727794647216797,False,PyMuPDF,0
000ff0c3-b107-4669-bb33-f748953cb4084. LRE376 CIE.pdf,.pdf,0.7877483367919922,False,PyMuPDF,0
52ac06cc-2e7d-4d3d-8ff1-2580e63436d5AU044 3 2D_CEE2 FD.pdf,.pdf,0.3337526321411133,False,PyMuPDF,0
e53119c1-4b7b-4771-9a92-8cece686e8291. Solicitud_coope_fase 2.pdf,.pdf,1.5748443603515625,False,PyMuPDF,0
0ae581ed-8765-406f-b6ef-f9ee6610dc371. Solicitud_coope_fase 2.pdf,.pdf,1.5752067565917969,False,PyMuPDF,0
e85de36d-d71e-49e7-9d35-4b31d23d97254. CIE 3kW JA-IMS- falta HP.pdf,.pdf,0.18371009826660156,False,PyMuPDF,0
b7c0b7b9-362c-4a2c-9562-f0831f30afb83. LRE019 Anexo IRVE.pdf,.pdf,1.2252168655395508,False,PyMuPDF,0
59a0084f-9c9f-481c-95fd-1270ff195d464. DR Tecnico Hector.docx,.docx,0.027044296264648438,False,python-docx,0
e80bf0db-95fb-45ca-a269-4391d3daa0df3. LRE080 Anexo IRVE.docx,.docx,0.32294654846191406,False,python-docx,0
b831910f-7d9d-4030-9a1a-53ba2b42c0b23. S3 Solicitud.pdf,.pdf,1.0083112716674805,False,PyMuPDF,0
c8a0c79d-a488-4f73-a254-baff463ed8d6Delta B20 3B_CEE_V1.pdf,.pdf,0.22734451293945312,False,PyMuPDF,0
386b039c-37ba-49fb-b1d0-5d4b0a3b39451. CIE IRVE_fdo.pdf,.pdf,0.2613525390625,False,PyMuPDF,0
e7ee1f06-8f36-4cdb-b7af-49e3b87dd126LRE049 justificante_registro_solicitud.pdf,.pdf,1.0251655578613281,False,PyMuPDF,0
955da8aa-0ae4-4094-977b-cc258d494ab65. LRE036 Solicitud IRVE.pdf,.pdf,1.0037813186645508,False,PyMuPDF,0
b119b5f6-ff9f-4cd8-9e5a-af6b4d146151J01. Informe justificativo-169.pdf,.pdf,0.19039535522460938,False,PyMuPDF,0
b3b8d787-49fb-46df-8f3b-eff2e727266a4. CIE AU085-6 fd.pdf,.pdf,0.30646705627441406,False,PyMuPDF,0
b6134a5f-34df-467b-a868-88badaa6518720220921 Solicitud registro.pdf,.pdf,0.26084327697753906,False,PyMuPDF,0
28e9db48-bdb1-40e4-94c4-47f6ec0059e3J3C_CEE_V1_fd.pdf,.pdf,0.3089408874511719,False,PyMuPDF,0
da445105-c9bc-4a7b-9179-310256c3ccfc1. Solicitud_coope_fase 2.pdf,.pdf,1.5740270614624023,False,PyMuPDF,0
7ba6b2c1-3e6d-4b2a-ba33-8c8ee487f1063. Anexo IRVE. FD3pdf.pdf,.pdf,0.6680183410644531,False,PyMuPDF,0
181e9a72-adcd-4d67-bc83-8a63247eaf04E4B_CEE_V1_fd.pdf,.pdf,0.3093996047973633,False,PyMuPDF,0
1ae0f8a3-b829-4221-ad3a-c522f7c8bece3. LRE029 Anexo IRVE.pdf,.pdf,1.2275276184082031,False,PyMuPDF,0
606676b3-a856-47ec-83c2-19e66a0177166.8 CIE.pdf,.pdf,0.3060312271118164,False,PyMuPDF,0
abb781a9-8705-4b93-becc-21650ec7298apraast_modelo_informe_justificativo_R (5).pdf,.pdf,3.024829864501953,False,PyMuPDF,0
fb7c20e0-6d74-44f5-af33-552c8b231d78J4B_CEE_V2.pdf,.pdf,0.2555418014526367,False,PyMuPDF,0
2836312b-aab8-42e0-9d42-1fc1abf74cc11. LRE080 Solicitud_coope_fase 2.pdf,.pdf,1.7284622192382812,False,PyMuPDF,0
57fc7158-e88d-49b9-83e2-38e373088c9dLPR_J01P3.docx,.docx,0.13641071319580078,False,python-docx,0
667199e6-4cc6-4b9e-9a14-3011c627888c1. Solicitud_coope_fase 2.pdf,.pdf,1.5752067565917969,False,PyMuPDF,0
623fe5c0-2e30-4fce-b736-6f58d4d63ff36.4 CIE.pdf,.pdf,0.23244190216064453,False,PyMuPDF,0
9bff4399-9bd8-4292-945d-93b660902ab0AU057 CM T 59 C1 2C_V2.pdf,.pdf,0.3223590850830078,False,PyMuPDF,0
15e2774e-cbb7-43b8-a6b0-a6256a73743cDelta B19 2B_CEE_V2_fd.pdf,.pdf,0.33339977264404297,False,PyMuPDF,0
c753e1c7-90dd-421d-866c-0fcaafa0a6c02. CFO fd2.pdf,.pdf,0.16391754150390625,False,PyMuPDF,0
a0be6241-f07d-4bf9-9624-e34afadee69904_EIA NO APLICA LPR0301 FD.pdf,.pdf,0.17943763732910156,False,PyMuPDF,0
9ee82356-e65f-4e6e-8e6a-279db3cd7b29Memoria_RSIF.pdf,.pdf,0.4091463088989258,False,PyMuPDF,0
6f263833-fcfc-433d-8ecf-2a63a7bd1548Delta B9 2B_CEE_V2_fd.pdf,.pdf,0.28418540954589844,False,PyMuPDF,0
b158b95d-7044-4b41-bfcc-b608e8527391IMS331_2 CEE.pdf,.pdf,0.22670364379882812,False,PyMuPDF,0
9cf6b387-8200-46f8-ae18-9011992a7448Delta B14 3A_CEE_V2.pdf,.pdf,0.29558753967285156,False,PyMuPDF,0
1b7b8421-d9db-410b-a094-27f02e1d3274IMS334 Just registro_28-02-2024.pdf,.pdf,1.0113086700439453,False,PyMuPDF,0
afbd3fbb-276c-4ba7-bc81-e658bd0bc9d83. Anexo IRVE.pdf,.pdf,0.5090198516845703,False,PyMuPDF,0
ac6853d2-cb98-4f68-9076-026e19e7cc8e4. DR Tecnico.pdf,.pdf,1.0363397598266602,False,PyMuPDF,0
60b16b68-73e3-4572-b2c0-5425a645d8fbAU057 CM T 59 4 1A_V1.pdf,.pdf,0.32161808013916016,False,PyMuPDF,0
64622687-c411-4588-8318-98a5c742b1270.4. AU057 CFO_VISAR.pdf,.pdf,0.4697742462158203,False,PyMuPDF,0
64ac5b5b-cd88-4d31-910f-364d36521d8b5. LRE029 Solicitud IRVE.pdf,.pdf,0.999237060546875,False,PyMuPDF,0
5a72acbd-2643-4bac-8836-8464b174a2c9C1B_CEE_V1_fd.pdf,.pdf,0.3089113235473633,False,PyMuPDF,0
be2c9be1-b2c8-448c-8969-7000f1264897J01P2.docx,.docx,0.1428203582763672,False,python-docx,0
9b2c4255-88e4-44f2-a16a-f73ed15c0099ANEXO V.docx,.docx,0.3009500503540039,False,python-docx,0
38a90a59-6fe5-4eb6-bcfc-5ea3aa52496bJ01_LPR-3.pdf,.pdf,0.23670578002929688,False,PyMuPDF,0
b1649e61-f59e-49aa-a4ab-97a7f659f6c1J01. Informe justificativo-224.pdf,.pdf,0.19043827056884766,False,PyMuPDF,0
f06a68f3-ad82-4c27-8fad-08e9d0cadbb41. Solicitud_coope_fase 2.pdf,.pdf,1.5751314163208008,False,PyMuPDF,0
1926e056-d6ae-4457-bd11-427af6306de9Delta B14 3A_CEE_V2_fd.pdf,.pdf,0.34128570556640625,False,PyMuPDF,0
3bfc7aef-c871-4bb6-a1c5-ede0c874187bH4B_CEE_V2.pdf,.pdf,0.25571727752685547,False,PyMuPDF,0
ee2acfe5-e9ff-456f-91f6-b2d319e74f66apertura-AU046 ALCOBENDAS SICE-PRES .pdf,.pdf,1.9278783798217773,False,PyMuPDF,0
08c7f5df-b3ad-42bf-89d9-a41f9ab71e802. AER004 MOD. IT-318.pdf,.pdf,0.1917591094970703,False,PyMuPDF,0
fb8f6d01-031a-4b41-a145-830189c0fa36C321 justificante_registro_solicitud.pdf,.pdf,1.0179567337036133,False,PyMuPDF,0
1e30d99f-9abb-47d9-b948-7ef0f05ece134. CIE AU085-3 FD.pdf,.pdf,0.32122039794921875,False,PyMuPDF,0
4844fa11-ef29-41f8-a17e-b2120fb00af4Delta B3 3B_CEE_V1.pdf,.pdf,0.2206859588623047,False,PyMuPDF,0
3f5a7a99-8fd2-41ab-ae0d-eba3af8a54405. LRE213 Solicitud IRVE.pdf,.pdf,1.0008039474487305,False,PyMuPDF,0
b74b1ce0-0ba9-414a-845d-a70bb622a02eJ01. Informe justificativo-215.pdf,.pdf,0.19039535522460938,False,PyMuPDF,0
a41b82ae-dd35-47b6-a997-3eb37d7c25d1ANEXO V RELLENO IMS301.pdf,.pdf,0.27057361602783203,False,PyMuPDF,0
71a0f50d-ab47-4b49-ad5a-6927085340418.2. Solicitud Subvención.pdf,.pdf,4.159706115722656,False,PyMuPDF,0
1956cd7a-8cab-4b5d-bee6-2439bd5d5ad5ANEXO V RELLENO IMS315 v2 fd.pdf,.pdf,0.33269500732421875,False,PyMuPDF,0
ffc46e9a-1971-49e4-a51f-383696910e9bSalarios con fecha automatica.docx,.docx,0.028596878051757812,False,python-docx,0
6a3d9893-4c53-42c2-85f1-0d55969e7cf11. Solicitud_coope_fase 2.pdf,.pdf,1.574864387512207,False,PyMuPDF,0
7490ff9a-26ce-4a3d-ac9f-badfcda8ba8e3. IMS345 Solicitud.pdf,.pdf,1.0003767013549805,False,PyMuPDF,0
812f1ede-4f4b-450f-af02-6cd5f5e17a5eapertura-LA PABLO 2-PRESENTADA .pdf,.pdf,1.4381437301635742,False,PyMuPDF,0
a1278e6d-6035-4ad8-958a-8271cb861971J01_LPR0600-2.pdf,.pdf,0.23657703399658203,False,PyMuPDF,0
7b231f9c-38ba-4f9e-9374-3685c81f438dLIBRO SUBCONTRATACION LA PABLO 9-TRAMITADO.pdf,.pdf,0.07042694091796875,False,PyMuPDF,0
f3c07790-5865-4c5c-a677-65352c75ae99IMS309_2doCEE_V1_fd.pdf,.pdf,0.26711082458496094,False,PyMuPDF,0
8c565696-f372-4b14-96c9-a46588014c87D1B_CEE_V2.pdf,.pdf,0.2554922103881836,False,PyMuPDF,0
b064a34c-e6c3-4b8d-b159-cd274341efff1. LRE207 CIE IRVE_2.pdf,.pdf,0.21361923217773438,False,PyMuPDF,0
06740ead-91e3-4c2c-8fed-8d33db760ff91.1. Tabla Reparto Catastro.pdf,.pdf,0.1717357635498047,False,PyMuPDF,0
be9b3cdc-079b-44b0-bb8f-e5f1770669a4LRE217 justificante_registro_solicitud 11-05-2023.pdf,.pdf,1.0075187683105469,False,PyMuPDF,0
22209e33-2fa0-476f-b5ca-5ad56b51256f3. LRE341 Anexo IRVE fd3.pdf,.pdf,0.6916599273681641,False,PyMuPDF,0
70a21fa7-ca66-45ff-b446-b328bdf60ea2apertura-AU048 PIMPOLLAR-PRESENTADA.pdf,.pdf,1.4381799697875977,False,PyMuPDF,0
924b38c5-50fb-4865-86b3-7d7dfa71c32aJ01_LPR-2.pdf,.pdf,0.18519115447998047,False,PyMuPDF,0
8bcf448d-2502-4d99-a07b-7003c94d41a1IMS2051_CEE.pdf,.pdf,0.23659324645996094,False,PyMuPDF,0
f8932b37-23d1-409f-bf7b-be35c9c2ee182. AU085-3 DR_firmado 2.pdf,.pdf,0.3246755599975586,False,PyMuPDF,0
812fe4dd-be45-49ba-8cdb-c81db179dd5a0.2 Encargo de obra VISADO.pdf,.pdf,0.36009883880615234,False,PyMuPDF,0
f9d8c042-f799-47d9-b214-ff8958b271423. LRE387 Anexo IRVE.docx,.docx,0.3217144012451172,False,python-docx,0
3bf19edf-2f5d-43a4-8c43-2e37ce1c8a0fA1B_CEE_V2_fd.pdf,.pdf,0.30933380126953125,False,PyMuPDF,0
1b86d8ea-9e01-4bc4-8c6d-254b89c63607AU044 MC PN  3 2D_CEE2.pdf,.pdf,0.28611183166503906,False,PyMuPDF,0
7812b92d-fc06-4c3f-80ce-5e40ad7dda03LRE077 just_registro_16-12-24.pdf,.pdf,1.0204954147338867,False,PyMuPDF,0
a9f31817-7830-49c6-ac8a-6cd482e281d1IMS319_CEE 1º fd.pdf,.pdf,0.2833395004272461,False,PyMuPDF,0
c907a3de-d976-4009-83ed-9cab4c3ebbd0LPR_J01P3-1_fd.pdf,.pdf,0.3669013977050781,False,PyMuPDF,0
46f8771a-ab8c-49ab-920a-0e1c78e27a37Delta B18 3B_CEE_V2.pdf,.pdf,0.2241678237915039,False,PyMuPDF,0
859ec5d2-fa01-4d9d-b87e-39bdef6a8b3214. CFO sin visar.pdf,.pdf,0.09842681884765625,False,PyMuPDF,0
b08c79cb-cea5-4469-93c3-bc36983493ebAER006 CEE 2.pdf,.pdf,0.2827024459838867,False,PyMuPDF,0
b642ca4f-95f1-440d-ae6e-37dcc17ae093Delta B6 1A_CEE_V2.pdf,.pdf,0.22508716583251953,False,PyMuPDF,0
90513606-4ed1-4a4b-870c-09533e9bb0f32. ALRE001 MOD. IT-318.pdf,.pdf,0.5656356811523438,False,PyMuPDF,0
ab6d1b87-47e5-45b1-af22-3605b77a5eb1AU057 CM T 59 6 1E_V1_fd.pdf,.pdf,0.36130619049072266,False,PyMuPDF,0
cf491868-379d-4961-8ea2-8fb296efaa83IMS310_CEE.pdf,.pdf,0.27286338806152344,False,PyMuPDF,0
d904ce45-e510-4269-a510-32e4092cca7d4. CIE AU085-7 FD.pdf,.pdf,0.30613231658935547,False,PyMuPDF,0
7b974167-2608-4198-8a4c-7496c60bd8b13. C383 CIE ECOOO FDO.pdf,.pdf,0.2973365783691406,False,PyMuPDF,0
5815fe5c-fb16-4bd8-89cb-318ce9439954ANEXO V RELLENO C287.pdf,.pdf,0.2722816467285156,False,PyMuPDF,0
fcf2c41e-cc7c-4455-9238-5a3707e79efb2. MTD Hector.pdf,.pdf,0.3727245330810547,False,PyMuPDF,0
6dc00cbd-4cdd-4d55-9e68-870ceb2a907a1 CEE IMS349 fd.pdf,.pdf,0.29082489013671875,False,PyMuPDF,0
579e1259-bfd6-4f70-a02b-8cfb9e11a2761. LRE041 CIE IRVE.pdf,.pdf,0.7859821319580078,False,PyMuPDF,0
7f3c9c14-b2d3-47bc-908b-cd0f65fe69caC190 just_registro_13-12-2023.pdf,.pdf,1.0227813720703125,False,PyMuPDF,0
47957a58-898d-4dfa-9bd7-5fcb94bd3ce93. LRE331 Anexo ESQUEMA_IRVE.docx,.docx,0.32216358184814453,False,python-docx,0
6b99d236-d788-4940-9f7c-871f31822a665. LRE254 Solicitud IRVE_fdo.pdf,.pdf,0.27342700958251953,False,PyMuPDF,0
93a4fa2d-01b8-42c8-bbd7-ee239aa0ff8e1. J01 Informe justificativo_LPR07.docx,.docx,0.12181949615478516,False,python-docx,0
8fc758d7-d490-4f36-879d-dccf85aafb84C321 just_registro13-12-2023.pdf,.pdf,1.0200481414794922,False,PyMuPDF,0
a50dd7bc-118b-472e-bf2c-0c9c7f2b3897IMS325_2º CEE.pdf,.pdf,0.20755863189697266,False,PyMuPDF,0
378ff8ca-0840-443b-ab58-d2319ded72481. Solicitud_coope_fase 2.pdf,.pdf,1.4868850708007812,False,PyMuPDF,0
6282cf2b-7ea2-4a5d-9999-4b04a72ded52Delta B16 3B_CEE_V1_FD.pdf,.pdf,0.2863597869873047,False,PyMuPDF,0
b6646582-f0a9-443a-ac7c-fe432f06b9378.2. Solicitud Subvención.pdf,.pdf,5.026613235473633,False,PyMuPDF,0
136db791-62ed-4d72-9b07-3ae4dcc45a15J01_LPR0700-4-fd.pdf,.pdf,0.26378440856933594,False,PyMuPDF,0
410692aa-260d-4d85-9a6b-00480eda9b793. Anexo IRVE.docx,.docx,0.32502174377441406,False,python-docx,0
3223c861-46ac-4467-ae48-d3ef7d0f0113IMS306_CEE_2 R1 LGM.pdf,.pdf,0.20573711395263672,False,PyMuPDF,0
b3ae6a55-9a7e-4250-85be-829904073f808.2. Solicitud Subvención1.pdf,.pdf,5.210165977478027,False,PyMuPDF,0
df708488-6f13-4db4-828c-8783c973ebac7.2. Tramitación con Industria_CIE.pdf,.pdf,0.8922414779663086,False,PyMuPDF,0
3c972fb8-24b1-43c0-809e-0094c60104093. Anexo IRVE.pdf,.pdf,0.5862388610839844,False,PyMuPDF,0
f5dd947b-ac12-48b7-ae16-c6c27f6d14f9LRE393 Just_registro_19-01-2023.pdf,.pdf,1.0185136795043945,False,PyMuPDF,0
a189a901-09b8-4ae5-8d1a-a0a24f232e1c1. Solicitud_coope_fase 2.pdf,.pdf,1.4866275787353516,False,PyMuPDF,0
e0f83879-f3c3-485a-b0ec-7859ec5a0f95AU057 CM T 59 5 0C_V2_Fd.pdf,.pdf,0.3625059127807617,False,PyMuPDF,0
001c3141-c9ec-4932-820e-53f8165bed51Delta B1 1A_CEE_V2.pdf,.pdf,0.2266702651977539,False,PyMuPDF,0
44f67f4c-078e-4977-aabd-4906a75420e9240821 - Presentación doc.pdf,.pdf,1.1172571182250977,False,PyMuPDF,0
723fe914-6b70-4968-8ee9-b856f2319244AU057 CM T 59 3 0F_V2.pdf,.pdf,0.3212909698486328,False,PyMuPDF,0
ee3cbe12-8ed9-4e26-949d-844458073190AU057 CM T 59 5 2C_V2_fd.pdf,.pdf,0.3625831604003906,False,PyMuPDF,0
cc9ba9d4-c338-45ed-bf18-ba01a9fecb104. DR Tecnico Hector.pdf,.pdf,0.109527587890625,False,PyMuPDF,0
ac5a73a6-ff98-41dc-b31e-6650b61316034. C381 CIE fdo.pdf,.pdf,0.7856512069702148,False,PyMuPDF,0
c1a7e8fb-77e2-49ac-a12e-e3de9d655c88IMS321 Just registro_25-03-2024.pdf,.pdf,1.020914077758789,False,PyMuPDF,0
187e360b-8cb5-4074-a64c-98094ec039b25.1.  CIE.pdf,.pdf,0.2633485794067383,False,PyMuPDF,0
910ad546-50ea-4ded-9851-afb3bc23f7f0J01. Informe justificativo-175.pdf,.pdf,0.19040298461914062,False,PyMuPDF,0
75e7a027-c0a7-4af3-b794-b8c30fa05dbaAU057 CM T 59 0 7_V1.pdf,.pdf,0.2523164749145508,False,PyMuPDF,0
07aa2c37-7ca3-4225-8856-b03756e316ff5. LRE078 Solicitud IRVE.pdf,.pdf,0.9999599456787109,False,PyMuPDF,0
91c0f9f2-e0fb-44ae-a604-bd061a58bfd62. AU085-9 DR_firmado 2.pdf,.pdf,0.32458972930908203,False,PyMuPDF,0
472468ab-661e-4bcd-ae50-d0f177644ecd5. IMS122 Solicitud IRVE.pdf,.pdf,1.0074777603149414,False,PyMuPDF,0
abfe89cd-adb7-454c-822a-fc4f96d3da7c1. Solicitud_coope_fase 2.pdf,.pdf,1.5749406814575195,False,PyMuPDF,0
ab0561da-903a-4bcd-b562-b0e288e966104. C290 CIE.pdf,.pdf,0.7901420593261719,False,PyMuPDF,0
71769abe-cb53-4002-9f93-7b259ba7c2cc1. Solicitud_coope_fase 2.pdf,.pdf,1.5751943588256836,False,PyMuPDF,0
f8cd2250-58ac-4337-905c-6a6a5e89e3782. LRE303 Declaracion responsable.pdf,.pdf,0.5658731460571289,False,PyMuPDF,0
99f55e97-f487-4b38-bb24-06be1c445002ANEXO V RELLENO C272 fd.pdf,.pdf,0.33263587951660156,False,PyMuPDF,0
2751b03e-4ea6-4376-a6a1-260f91c4ef1c1. LRE212 CIE IRVE.pdf,.pdf,0.7834997177124023,False,PyMuPDF,0
df57c76b-f2f2-47b5-a395-c7975531fffaJ03 CIE.pdf,.pdf,0.7864961624145508,False,PyMuPDF,0
6a8ac469-436d-46de-8756-c025bcd22bc83. IMS330 Solicitud.pdf,.pdf,1.0020151138305664,False,PyMuPDF,0
d928661b-30ca-4f4b-a81e-bc38c04e39ce3. Solicitud inscripción.pdf,.pdf,0.28862571716308594,False,PyMuPDF,0
b2c142d2-b560-4697-a2ad-ae804548859f2. LRE344 Declaracion responsable.pdf,.pdf,0.23023700714111328,False,PyMuPDF,0
0a3ee017-b459-45e4-a7f4-a8d161be03deAU057 CM T 59 3 2B_V1.pdf,.pdf,0.3209095001220703,False,PyMuPDF,0
e4f296b6-3580-47da-ad8e-0219f85ad209IMS318_CEE_V2.pdf,.pdf,0.23396682739257812,False,PyMuPDF,0
bd5bbde8-ac52-49ee-aa13-bf559b20f50aDelta B6 3B_CEE_V2.pdf,.pdf,0.22463417053222656,False,PyMuPDF,0
9573eb9a-388c-49ef-9806-fcdb9f26ba10IMS2009 Anexo V Declaración responsable sobre porcentaje de energía consumida F.pdf,.pdf,0.3720579147338867,False,PyMuPDF,0
e073f565-24ac-4bc9-9e4c-f4816874c6b71. Solicitud_coope_fase 2.pdf,.pdf,1.5754480361938477,False,PyMuPDF,0
7c70d344-5585-46a7-ae49-e8791b4355473. C190 Anexo ESQUEMA_IRVE.pdf,.pdf,1.2203302383422852,False,PyMuPDF,0
ec6c5f1f-1ded-48ef-a47d-c7983efdef5cIMS308_CEE_V1.pdf,.pdf,0.21717453002929688,False,PyMuPDF,0
fdaf2986-7839-46b6-8c15-ff773c3b24eb3. Anexo ESQUEMA IRVE_COOP.docx,.docx,0.3305854797363281,False,python-docx,0
b7051860-163f-40f6-bc6d-eeac500f014a0.2 Encargo de obra VISADO.pdf,.pdf,0.36009883880615234,False,PyMuPDF,0
eb6453f5-837f-4ded-9b3d-0d47235d1821AU057 CM T 59 C1 2C_V1.pdf,.pdf,0.32200145721435547,False,PyMuPDF,0
a4c1cb7e-9dc7-4f56-b238-4a1e599457df1. Solicitud_coope_fase 2.pdf,.pdf,1.5743408203125,False,PyMuPDF,0
e4e6cb09-53c0-4af7-804e-7947ccfc6fe3Delta B14 2A_CEE_V1.pdf,.pdf,0.22659587860107422,False,PyMuPDF,0
e8e18cee-1123-4700-97a0-f788b85c17e72. IMS331 DR_Fdo.pdf,.pdf,0.25109195709228516,False,PyMuPDF,0
3b4e3ffe-bda0-4ce3-8c76-4c0a397048567.2. Tramitación con Industria_CIE.pdf,.pdf,0.7854785919189453,False,PyMuPDF,0
f726b3e7-b6af-4f31-aef9-18f58504f7493. Anexo IRVE.docx,.docx,0.32177066802978516,False,python-docx,0
26dc5bca-64f7-4c47-b0a3-0ff967daec693. Solicitud COOP FD.pdf,.pdf,0.27468395233154297,False,PyMuPDF,0
fac435fc-80a1-4d6a-b4c1-0d718985120a1. Solicitud_coope_fase 2.pdf,.pdf,1.5748825073242188,False,PyMuPDF,0
7f2ae7f8-c918-43f2-acc1-c550456ecb68J01_LPR-3_fd.pdf,.pdf,0.3155679702758789,False,PyMuPDF,0
0bcdf2cc-51ec-44a1-805a-f2b63824c92f1. Solicitud_coope_fase 2.pdf,.pdf,1.5748157501220703,False,PyMuPDF,0
f69805a8-8019-4ce7-88f2-930936e6a8554. CIE.pdf,.pdf,0.26220703125,False,PyMuPDF,0
f125b381-054f-4e18-8078-57ab8103e7183. AU065 Solicitud_.pdf,.pdf,1.0269641876220703,False,PyMuPDF,0
85d9f013-d6d5-4c3d-89e4-d89062e7c611LIBRO SUBCONTRATACION LA PABLO 2-TRAMITADO.pdf,.pdf,0.05699443817138672,False,PyMuPDF,0
e60bb454-c7df-4e13-b19e-543515df7c385. LRE387 Solicitud IRVE.pdf,.pdf,0.9987058639526367,False,PyMuPDF,0
8052ab8e-4efd-474e-94c1-c8ceba891b0fCertificado de FINAL de obra FDO.pdf,.pdf,0.13739776611328125,False,PyMuPDF,0
2f54a867-3ea3-4beb-81cd-d60867e18f244. DR Técnico fd.pdf,.pdf,1.1332635879516602,False,PyMuPDF,0
02902f92-6bf3-46a5-9440-f3d6955f2994C5B_CEE_V2.pdf,.pdf,0.2555732727050781,False,PyMuPDF,0
38e01ab6-3d60-46fb-9b66-52469d315f24IMS325_CEE_fd.pdf,.pdf,0.2745628356933594,False,PyMuPDF,0
e0985cfc-8f07-40cc-a85a-aecdc473879eLRE213 just_registro_10-12-24.pdf,.pdf,1.021230697631836,False,PyMuPDF,0
73b1ad1a-91d1-42c8-988a-c7c487807f6a5.1.  CIE.pdf,.pdf,0.7830972671508789,False,PyMuPDF,0
5de129d3-c108-4ac7-989c-933b1ef7f07aAU044 MC PS 17 3B_CEE2.pdf,.pdf,0.26224231719970703,False,PyMuPDF,0
42a47b4f-79ce-4946-a4f9-015370dcc57f4. LRE356 CIE_MAL.pdf,.pdf,0.7874298095703125,False,PyMuPDF,0
be72ef4f-2e6a-4842-8f88-e7997c74ee0b4. LRE331 CIE.pdf,.pdf,0.7903928756713867,False,PyMuPDF,0
de2deacf-a666-4981-9f4c-7b5e57401d5fDelta B6 1B_CEE_V1_Fd.pdf,.pdf,0.28408145904541016,False,PyMuPDF,0
c4239c65-381f-4c1c-8e57-d6fc732106be3. LRE213 Anexo IRVE.docx,.docx,0.3171415328979492,False,python-docx,0
940309c1-3e22-46df-9e28-6f3c920489583.0 Estudio alternativas_fd.pdf,.pdf,1.0068159103393555,False,PyMuPDF,0
1e5f4464-f62e-4ee6-9054-c18d915ebe294. DR Tecnico.pdf,.pdf,0.09103012084960938,False,PyMuPDF,0
0cc12b0c-ed2d-42cc-9f75-6961ec0e77cf6. MOD. IT-315.pdf,.pdf,0.4719514846801758,False,PyMuPDF,0
1e2dfd94-6373-47d7-925e-00841b61ef2cAU064 S4-2 just_registro_18-09-2024.pdf,.pdf,1.028742790222168,False,PyMuPDF,0
6afbfcfe-f9ab-4728-b771-0412f05fe3e54. DR Téc fd.pdf,.pdf,1.1753177642822266,False,PyMuPDF,0
a869ffbc-bd0c-408d-b678-be26346eed773. AU046 Anexo ESQUEMA_IRVE.pdf,.pdf,1.2349729537963867,False,PyMuPDF,0
38859487-9349-413d-b347-4969b585ade7IMS333_2doCEE_V1_fd.pdf,.pdf,0.3204517364501953,False,PyMuPDF,0
6abb60f9-3864-4787-8a5c-f62f22d3de5a1. Solicitud_coope_fase 2.pdf,.pdf,1.574660301208496,False,PyMuPDF,0
cb3038f0-668a-4141-9f1c-e012f912b2afJ01P2-2.pdf,.pdf,0.2639636993408203,False,PyMuPDF,0
07d3e0e7-cae5-4f06-ac7c-cf75a4951c484. DR Tecnico Hector.docx,.docx,0.026729583740234375,False,python-docx,0
ef1b9a84-f927-44be-88f3-7e85cee10165AU044 MC PN  3 3D_V2.pdf,.pdf,0.28639888763427734,False,PyMuPDF,0
0dfe9868-2d34-46bf-b432-5cd3b33ca6ee4. C292 CIE.pdf,.pdf,0.7913475036621094,False,PyMuPDF,0
cf146c22-9ae4-4051-aa6e-48efa60d62393. IMS122 Anexo IRVE.docx,.docx,0.3233652114868164,False,python-docx,0
9d1840bd-71b7-48d2-8def-862739e8292dDelta B1 3B_CEE_V1_fd.pdf,.pdf,0.28630733489990234,False,PyMuPDF,0
f76af9fe-67d2-4983-ab7b-29fb8ebf2727ims2029-532-534.pdf,.pdf,0.19035053253173828,False,PyMuPDF,0
08125445-01ab-484c-a5eb-8c96da57b21fDelta B14 3B_CEE_V2_fd.pdf,.pdf,0.2850151062011719,False,PyMuPDF,0
203e7d5c-2f13-462c-8d58-eaf5fe2405d74. LRE409 CIE.pdf,.pdf,0.2625312805175781,False,PyMuPDF,0
861cfdd1-4134-4e70-b97f-34e28b5a932bAU057 CM T 59 4 2A_V2.pdf,.pdf,0.32196521759033203,False,PyMuPDF,0
c44e749d-7195-4670-91b1-b54a88fe69fc2. ALRE021 MOD. IT-318.pdf,.pdf,0.19145584106445312,False,PyMuPDF,0
83ff05d0-ec46-4d7f-881b-23e17f6ec5a7AU044 MC PS 17 3B_V1.pdf,.pdf,0.2864542007446289,False,PyMuPDF,0
66316a6f-4114-4b20-94a4-84de28f60df27.2. Tramitación con Industria_CIE.pdf,.pdf,0.26282691955566406,False,PyMuPDF,0
b84683b2-04bf-4c91-8406-b04ba7c837bf1. Solicitud_coope_fase 2.pdf,.pdf,1.5784034729003906,False,PyMuPDF,0
95f4a8db-76bc-4709-bf55-602988db4e55Delta B1 1B_CEE_V2.pdf,.pdf,0.22708797454833984,False,PyMuPDF,0
6f2f1eab-975c-4379-a2d6-edaad78f67ab4. IMS356 CIE COOP (1).xls.pdf,.pdf,0.21607589721679688,False,PyMuPDF,0
305ffba0-0984-4023-ba15-9f888ea26fd22. ALRE014 MOD. IT-318.pdf,.pdf,0.5664405822753906,False,PyMuPDF,0
99ef1c63-c211-49fb-8c25-e0af2ddb08e04. CIE C361 FD.pdf,.pdf,0.26336669921875,False,PyMuPDF,0
b0cd1329-b6c2-4e6a-9e45-5d6b9e7599ccAU044 MC PS 17 2B_V1.pdf,.pdf,0.2862062454223633,False,PyMuPDF,0
a5e0e959-ad47-45cf-aeae-378eba34400c3. Anexo IRVE_fdo.pdf,.pdf,0.590606689453125,False,PyMuPDF,0
7263b5ac-f7de-46d4-8510-b1464e7a89ab4. IMS330 CIE.pdf,.pdf,0.7872705459594727,False,PyMuPDF,0
808eaf83-260b-434f-a1b2-f042d27849530.4 AU074 CFO VISADO.pdf,.pdf,0.3744955062866211,False,PyMuPDF,0
8d27a353-b9d5-4c22-8fa0-50a6ac7dc98c2. IMS2034 Declaración Responsable.pdf,.pdf,0.24591636657714844,False,PyMuPDF,0
f5227763-b50d-4255-aa52-d050d8fd01255. Solicitud IRVE_fdo.pdf,.pdf,0.27347278594970703,False,PyMuPDF,0
05be3026-6f16-493f-a6f2-8b0be152031d6. ALRE016 MODIT315_MAL.pdf,.pdf,3.6182737350463867,False,PyMuPDF,0
11cd16be-85bb-4f07-b2d2-a9357aaea368AU057 CM T 59 3 0A_V1.pdf,.pdf,0.3206443786621094,False,PyMuPDF,0
c4f6e10b-fcbd-4917-a563-bd70e38afeeb4. CIE AU085-7.pdf,.pdf,0.25924015045166016,False,PyMuPDF,0
08aaeda6-914a-4afe-8da0-8c2d1543e7463. Anexo IRVE_fdo.pdf,.pdf,0.6108436584472656,False,PyMuPDF,0
188fa80c-b8dd-49d3-8640-1177f003d7861. LRE233 CIE IRVE_sin fir.pdf,.pdf,0.2153606414794922,False,PyMuPDF,0
cb57665b-f71e-403d-938b-8f23874ab885A5B_CEE_V1_fd.pdf,.pdf,0.3090972900390625,False,PyMuPDF,0
10cb33a5-7870-48f1-84b1-17599965c8db3. Solicitud inscripción.pdf,.pdf,1.0085430145263672,False,PyMuPDF,0
60c7f480-6ac5-480a-885f-fa7dbfa514e34. DR Técnico-2-4.pdf,.pdf,0.9507513046264648,False,PyMuPDF,0
a7206a66-2b3f-4cfe-983d-1285c46f1714J01. Informe justificativo-220.pdf,.pdf,0.1904134750366211,False,PyMuPDF,0
e195b3ed-2899-4bc3-b561-5e36ebf07c38J01_LPR0900.docx,.docx,0.13617801666259766,False,python-docx,0
77ef245c-92d2-4e9c-bbc8-2cab0e72a70bDelta B7 3A_CEE_V1_FD.pdf,.pdf,0.2834434509277344,False,PyMuPDF,0
cbc14bb2-5660-4fdf-9b4d-151b94dabc583. LRE410 Solicitud_fda.pdf,.pdf,0.27329349517822266,False,PyMuPDF,0
82462739-e772-4a66-9acd-6ec2b75c41be3. LRE041 Anexo IRVE.docx,.docx,0.3195047378540039,False,python-docx,0
6c1e8d21-8d3b-4777-8605-46a060afae15AU057 CM T 59 5 2B_V1.pdf,.pdf,0.3208284378051758,False,PyMuPDF,0
7bae7e20-a6ef-42de-a102-4a739909aac75.1 CIE IRVE_fdo.pdf,.pdf,0.26279544830322266,False,PyMuPDF,0
3b516c3a-bb45-40c4-b9e3-e0ab595be461J01. Informe justificativo-196.pdf,.pdf,0.1904458999633789,False,PyMuPDF,0
81a5b8b8-f3b7-4a2b-a1bb-1c13b89ad3371. Solicitud_coope_fase 2.pdf,.pdf,1.574091911315918,False,PyMuPDF,0
de392297-1b37-487c-b31c-cd792148d38d1. CIE IRVE_fdo.pdf,.pdf,0.26121044158935547,False,PyMuPDF,0
a47d7211-080e-4295-a79e-3f9046890d4fjustificante_envio_exin_solicitud.pdf,.pdf,0.2712850570678711,False,PyMuPDF,0
f601b4ef-1b88-4fae-99e5-6be82db22ec4AU057 CM T 59 3 2B_V2_Fd.pdf,.pdf,0.36180782318115234,False,PyMuPDF,0
4202b488-fa85-4b22-a071-548ad1a8bcdaLPR0504_praast_modelo_informe_justificativo_R (8).pdf,.pdf,1.8711051940917969,False,PyMuPDF,0
1a1bfa7f-4868-4c21-91ee-8cd0f5ca9869AU044 MC PS 17 2A_CEE2.pdf,.pdf,0.2620735168457031,False,PyMuPDF,0
897eaf5b-5965-46aa-ad4e-37104439bbd65. LRE212 Solicitud IRVE.pdf,.pdf,1.0163612365722656,False,PyMuPDF,0
75b8288b-b113-4c37-90e1-33d189bba2501. LRE303 Solicitud inscripción VE.pdf,.pdf,1.0086679458618164,False,PyMuPDF,0
d7e70e34-c162-46cd-ba4f-35beef13a52dDelta B18 2A_CEE_V1.pdf,.pdf,0.21954631805419922,False,PyMuPDF,0
7c42c5db-37e4-4abd-bca2-2f4594241647AU057 CM T 59 4 1A_V1.pdf,.pdf,0.32160472869873047,False,PyMuPDF,0
9ac97a08-ca76-471e-bc2e-1cbb4ebaffb91. Solicitud_coope_fase 2.pdf,.pdf,1.5741291046142578,False,PyMuPDF,0
ccff2834-abc0-44de-b9da-f63ac97e16311. Solicitud_coope_fase 2.pdf,.pdf,1.574864387512207,False,PyMuPDF,0
50b81d46-011a-4bf2-9028-13512a89d1464. CIE.pdf,.pdf,0.7849245071411133,False,PyMuPDF,0
99f9f846-4f4e-40fa-a4cb-c43766308a254. DR Técnico.pdf,.pdf,1.036346435546875,False,PyMuPDF,0
8bf89daf-66a5-4cdd-b81b-6b194bae9a61C220 justificante_registro_solicitud 18-05-2023.pdf,.pdf,1.0075225830078125,False,PyMuPDF,0
2ef59456-868a-46d7-8032-a1720d9b10591. Solicitud_coope_fase 2.pdf,.pdf,1.574326515197754,False,PyMuPDF,0
83a643b8-f9a5-42b5-bc41-93a19ad53abe1. LRE078 Solicitud_coope_fase 2.pdf,.pdf,1.7333993911743164,False,PyMuPDF,0
b8b97652-a484-483f-8d58-381da0c084b6LPR_J01P3-2.pdf,.pdf,0.18506813049316406,False,PyMuPDF,0
82f9fb68-18ff-41c9-8d42-3036bdf1fe9eAU044 MC PS 17 2B_V1.pdf fd.pdf,.pdf,0.33379364013671875,False,PyMuPDF,0
0302be4f-b33a-449d-8e32-e9ab186657d8Memoria Tecnica_PR IMS2062 FDO.pdf,.pdf,0.8238124847412109,False,PyMuPDF,0
40cd7b5c-962c-4ccc-b9cf-63e605cd0b38justificante_registro_solicitud (3).pdf,.pdf,0.2735872268676758,False,PyMuPDF,0
61576fd9-0d52-49ad-af27-e4e4cdcf27e54. LRE303 CIE.pdf,.pdf,0.791717529296875,False,PyMuPDF,0
89d020db-f719-43ab-9283-d23d2977b1793. LRE039 Anexo IRVE.docx,.docx,0.3198108673095703,False,python-docx,0
4b024afe-8dcb-4d1c-ae17-358850c776623. LRE402 Solicitud.pdf,.pdf,1.0100831985473633,False,PyMuPDF,0
9c01acdb-c672-4203-9386-87c420d11b5e6.5 CIE.pdf,.pdf,0.3045644760131836,False,PyMuPDF,0
cda8a7d9-16d1-4dd3-86d4-0c1fb9371711A3A_CEE_V1_FD.pdf,.pdf,0.30904293060302734,False,PyMuPDF,0
5915029e-0b4d-49d1-955c-8cbee6e1e455Delta B9 3B_CEE_V2_fd.pdf,.pdf,0.28412532806396484,False,PyMuPDF,0
9c746a42-9b97-45ea-974f-87c047ce082d5. Solicitud IRVE_fdo.pdf,.pdf,0.2715749740600586,False,PyMuPDF,0
42185832-41a3-4429-8b16-43754e191c3e2. AU074 DR FIRMADA.pdf,.pdf,0.22491073608398438,False,PyMuPDF,0
89b8ab63-6f48-4839-8bd1-2b310fa7cfc3AU044 MC PN  3 2A_V1.pdf,.pdf,0.2862396240234375,False,PyMuPDF,0
dd1230f8-889b-446d-a421-4c0bfbf8eff72. DR ECOOO_C368_fda Rubén.pdf FD.pdf,.pdf,0.13504695892333984,False,PyMuPDF,0
c723ed45-06f0-4ea6-977f-5eabbe46f4324. C217 CIE.pdf,.pdf,0.7888803482055664,False,PyMuPDF,0
f3adaaee-427d-4b54-9c83-171b8ff90fd0LRE225 Just_registro_IRVE_23-02-2024.pdf,.pdf,1.020589828491211,False,PyMuPDF,0
30529600-c088-4ff0-80bd-8fa679e793271. LRE019 CIE IRVE.pdf,.pdf,0.7831697463989258,False,PyMuPDF,0
7fa308e8-fe31-455d-9cea-5417c3e79175LIBRO SUBCONTRATACION AU046 ALCOBENDAS SICE-habilitado.pdf,.pdf,0.057091712951660156,False,PyMuPDF,0
9d109190-24ac-427e-9ffb-00ee404c537b1. Solicitud_coope_fase 2.pdf,.pdf,1.57489013671875,False,PyMuPDF,0
81eb5440-ad1e-4d86-ac73-cb1c0949f6e53. LRE003 Anexo IRVE.pdf,.pdf,0.5416116714477539,False,PyMuPDF,0
0c74ffbb-fdd2-4206-a673-b675b2c879184. IMS333 CIE.pdf,.pdf,0.7874536514282227,False,PyMuPDF,0
f0a8c209-d420-4525-9a52-9e980969bcacjustificante_envio_exin_solicitud.pdf,.pdf,1.0334758758544922,False,PyMuPDF,0
6a26ec44-a3c3-41b5-a5bc-4d239c719c953. LRE268  Solicitud inscripción.pdf,.pdf,0.27695751190185547,False,PyMuPDF,0
8b8319f3-fb52-48ba-91d1-4b5a377eec8d2.pdf,.pdf,0.7864875793457031,False,PyMuPDF,0
1bd422bb-067c-4863-8e35-6ae6907f001910. CFO FD.pdf,.pdf,0.13805484771728516,False,PyMuPDF,0
6ee1e1f5-cbda-4bf4-9e55-1c61884561faAU057 CM T 59 5 0C_V1.pdf,.pdf,0.32169532775878906,False,PyMuPDF,0
4d51b6c1-c1be-4bf4-9e73-6c345879dde2AU044 MC PN  3 2A_V1.pdf,.pdf,0.2861337661743164,False,PyMuPDF,0
8f53e500-8fae-4a9e-85dc-fcf851461d54Delta B8 2B_CEE_V1.pdf,.pdf,0.22382831573486328,False,PyMuPDF,0
42090c19-a038-4b30-a6a4-d81eb18fbad0Delta B3 2B_CEE_V1.pdf,.pdf,0.22078800201416016,False,PyMuPDF,0
2bdcd921-5ca8-4b30-8fa5-2577719053413. IMS2057 Solicitud inscripción.pdf,.pdf,0.9887819290161133,False,PyMuPDF,0
6eda8c6c-01ae-47ec-8217-841739180495J01P2-2.pdf,.pdf,0.1850881576538086,False,PyMuPDF,0
2d0a74b5-0374-4ab3-84de-baa2fd2740613. A055 Anexo IRVE.pdf,.pdf,0.5892305374145508,False,PyMuPDF,0
f30e0ae6-b62e-47ae-92fb-966bdce0b3bdJ01. Informe justificativo-158.pdf,.pdf,0.19041728973388672,False,PyMuPDF,0
d226780d-fa5d-4cea-9da0-49fc23d450432. MTD Hector.docx,.docx,0.11304092407226562,False,python-docx,0
16c2f279-e21d-4f88-9d6b-648ce6bf92c4LPR0103_praast_modelo_informe_justificativo_R (3).pdf,.pdf,1.6273384094238281,False,PyMuPDF,0
ae555d43-faed-4ca2-abe1-e9e0ab2706083. LRE387 Anexo IRVE.pdf,.pdf,1.2269935607910156,False,PyMuPDF,0
4763598e-b4d7-4879-b3e7-165c3362e607AU057 CM T 59 5 0C_V1.pdf,.pdf,0.32169532775878906,False,PyMuPDF,0
38c26d94-0e28-403d-9cbf-7f4d5336ac7e4. DR Técnico-2-4.pdf,.pdf,0.9507513046264648,False,PyMuPDF,0
d5ebd808-5bc7-48cd-902d-1c64eec79a68IMS357 CEE_V1_AO fd.pdf,.pdf,0.28299617767333984,False,PyMuPDF,0
59596ff6-fbf0-4c00-8a55-e7364d92d930LRE300 justificante_registro_solicitud 02-06-2023.pdf,.pdf,1.0167245864868164,False,PyMuPDF,0
bc5b8fcb-4f06-4ce7-9e59-82e0917247c02. LRE236 Declaración responsable.pdf,.pdf,0.28252220153808594,False,PyMuPDF,0
9b88b3b6-fc9c-4a74-af5c-19b6fc243844APERTURA AU087 MADRID RIEGO.pdf,.pdf,0.035056114196777344,False,PyMuPDF,0
8162980a-7f77-4584-9c6c-1f80a5015b653. Anexo IRVE.docx,.docx,0.3217144012451172,False,python-docx,0
10ca67fd-baf1-4636-b086-c58387642cf22. ALRE011 MOD.IT-318.pdf,.pdf,0.5666513442993164,False,PyMuPDF,0
b4648f7d-1ff7-4cc9-8715-f2c8ffec8a0fAU057 CM T 59 2 0C_V1.pdf,.pdf,0.32196044921875,False,PyMuPDF,0
032126e5-063d-41e9-9da0-7527b8f9883e4. DR Téc fd.pdf,.pdf,1.1572942733764648,False,PyMuPDF,0
a6855e79-541d-4fa2-af36-cfff0a6e1d6c3. LRE003 Anexo IRVE.docx,.docx,0.36551475524902344,False,python-docx,0
7d61d877-8442-4ef4-ac99-6b2261aaf94aIMS343 1er CEE.pdf,.pdf,0.3362140655517578,False,PyMuPDF,0
3577d8d3-af52-42e5-8c43-64955a1a195a2. ALRE018 MOD. IT-318.pdf,.pdf,0.5662841796875,False,PyMuPDF,0
91273e78-feb9-49e5-92e5-5b7c13bbe4f81. Solicitud_coope_fase 2.pdf,.pdf,1.57489013671875,False,PyMuPDF,0
754b15ba-5559-49c1-b923-483fd65be48fDelta B18 2B_CEE_V2_fd.pdf,.pdf,0.28419017791748047,False,PyMuPDF,0
b5180401-8a2f-45a6-9260-9a0ac346480e5.2 CIE IRVE_fdo.pdf,.pdf,0.25991249084472656,False,PyMuPDF,0
201dad4d-8312-4aa5-862e-bca2751f027c3. LRE259 Anexo IRVE_fdo.pdf,.pdf,0.5900630950927734,False,PyMuPDF,0
a2b01ca1-be41-4235-955c-a45103e844d40.4 VISADO_CFO_VISAdo fd4.pdf,.pdf,0.3838186264038086,False,PyMuPDF,0
b0de8ffd-2491-4f4e-a9e1-6737a5a927cbLRE256 just_registro.pdf,.pdf,0.2705411911010742,False,PyMuPDF,0
cb10df89-52ad-4f82-9a9a-4a4c4f291c464. DR Tecnico Hector.docx,.docx,0.0269317626953125,False,python-docx,0
cc029a12-727e-4f73-a811-66bfa81778671. Solicitud_coope_fase 2.pdf,.pdf,1.5740060806274414,False,PyMuPDF,0
912ce79e-c28c-4d8e-995c-9837cb42dcb54. LRE387 CIE.pdf,.pdf,0.7900266647338867,False,PyMuPDF,0
dd03a9c3-6dd5-4d0e-bea7-42f68c2e5404IMS2036 justificante_registro_solicitud 05-05-2023.pdf,.pdf,1.0135822296142578,False,PyMuPDF,0
7e0cb58b-3d46-46b8-bf60-8fc63d2dbf37J01. Informe justificativo-211.pdf,.pdf,0.19042587280273438,False,PyMuPDF,0
2becc81d-05e2-4a6f-99a0-ed3c563c58cf3. LRE075 Anexo IRVE.pdf,.pdf,1.2259883880615234,False,PyMuPDF,0
2109c33f-2102-4894-b846-9605c0e79b6eapertura-LA PABLO 8-PRESENTADA.pdf,.pdf,1.9279537200927734,False,PyMuPDF,0
9b1e58de-9146-4b4d-8ca7-5718aa4a4318J3C_CEE_V2_Fd.pdf,.pdf,0.30911922454833984,False,PyMuPDF,0
31c5680d-fc10-4cfe-b8ab-918413aeb618IMS350 CEE.pdf,.pdf,0.27411651611328125,False,PyMuPDF,0
439310f5-6787-4037-93c9-5135467096461. CIE IRVE_fdo.pdf,.pdf,0.2613525390625,False,PyMuPDF,0
a7740f2e-d16b-485e-bfd8-56cd29c59e411. J01 Informe justificativo_LPR06.docx,.docx,0.12184429168701172,False,python-docx,0
e57038b7-c8c1-45e8-af67-ffec23d28fbb6. ALRE018 MOD. IT-315_.pdf,.pdf,1.0282964706420898,True,PyMuPDF + OCR,0
82d35638-ca7e-47e9-8eaa-a792e831110eDelta B18 2B_CEE_V2.pdf,.pdf,0.2241954803466797,False,PyMuPDF,0
423a25ba-fb18-4be8-9d0d-af709e296ffeANEXO V RELLENO C272.docx,.docx,0.30068111419677734,False,python-docx,0
1babda11-0bff-4449-b27f-c6c381b82611Delta B14 3A_CEE_V2.pdf,.pdf,0.2955942153930664,False,PyMuPDF,0
ee9d2980-e99b-4fab-8ad8-9cea690f8a448.2. Solicitud Subvención.pdf,.pdf,5.622142791748047,False,PyMuPDF,0
b206f9b2-8a74-41e7-a445-d1e22de703013. LRE350 Solicitud inscripción.pdf,.pdf,0.9991340637207031,False,PyMuPDF,0
32060fee-80e6-4d7b-a18b-3887719843654. IMS324 CIE.pdf,.pdf,0.7911863327026367,False,PyMuPDF,0
c57d3518-e2ec-4386-bfad-a749f4bf82681. Solicitud_coope_fase 2.pdf,.pdf,1.5748538970947266,False,PyMuPDF,0
79ae9f8f-0d27-4d97-b9ba-580bd6adce3e3. LRE010 Anexo IRVE.pdf,.pdf,0.615178108215332,False,PyMuPDF,0
2f0153e0-393f-4fe5-a8a2-28022948cedd2 (10).pdf,.pdf,4.070722579956055,False,PyMuPDF,0
e16ea761-0af9-43ff-924d-94ae934a94ed2. MTD Hector.docx,.docx,0.11299800872802734,False,python-docx,0
d7a3b701-883a-42a8-8f3b-4661b58163c13. IMS2044 Solicitud inscripción.pdf,.pdf,0.9881963729858398,False,PyMuPDF,0
799aaf6b-0319-4b04-a4e6-d91021d00252J01. Informe justificativo-162.pdf,.pdf,0.19039440155029297,False,PyMuPDF,0
18e1dff6-3183-4404-9c73-b51f66c192b35. IMS122 CIE IRVE.pdf,.pdf,0.7867660522460938,False,PyMuPDF,0
7270dfc4-ac13-4dd2-8675-ab2226cc55884. DR Técnico fd.pdf,.pdf,1.0388069152832031,False,PyMuPDF,0
04e7d7d5-d113-41ab-9dd9-f89a9b498f2aJ01_LPR1000-2-fd.pdf,.pdf,0.2637977600097656,False,PyMuPDF,0
4babad66-1e5e-4c0a-b15b-0d3f9ecd6db01. CFO fd.pdf,.pdf,0.11119842529296875,False,PyMuPDF,0
ff5fcaa1-747b-49c8-83d4-e63867997aaeC334 CEE_V1_fd.pdf,.pdf,0.28275585174560547,False,PyMuPDF,0
eeac6b1d-adf6-4a81-87a4-71c934306f84AU057 CM T 59 4 1A.pdf,.pdf,0.3209352493286133,False,PyMuPDF,0
30d2a154-744f-42dc-9d33-62372b3b9f76B4A_CEE_V2.pdf,.pdf,0.25554656982421875,False,PyMuPDF,0
6b6a061e-fc6e-4c15-8521-da5f858a82686. ALRE015 MOD. IT-315.pdf,.pdf,1.0623235702514648,False,PyMuPDF,0
622a6827-1b15-4fb4-b62f-968820cf649b1. LRE079 Solicitud_coope_fase 2.pdf,.pdf,1.7281970977783203,False,PyMuPDF,0
4c88f602-677b-4e32-8c81-60fb8aee2548Delta B6 1B_CEE_V2.pdf,.pdf,0.2244558334350586,False,PyMuPDF,0
07575aa4-dc58-4135-8739-a8377a27d1661. LRE003 CIE.xlsx,.xlsx,0.042835235595703125,False,openpyxl,0
e5574d54-021d-449b-a143-864f1d241b901. LRE233 CIE IRVE_fdo.pdf,.pdf,0.2633485794067383,False,PyMuPDF,0
7b86743d-be04-4ebc-94f5-30df36d3b6171. LRE039 CIE IRVE.pdf,.pdf,0.7878360748291016,False,PyMuPDF,0
53dc2d60-9c0a-424a-baa6-24f39eb7ff1aANEXO V IMS2019.docx,.docx,0.30115795135498047,False,python-docx,0
84e8137c-cdb9-497b-9777-ea2a41663dae3. LRE073 Anexo IRVE.docx,.docx,0.3220062255859375,False,python-docx,0
728c061e-2dbf-48c2-8c99-3d531ba9d3f23. C309 Solicitud inscripción.pdf,.pdf,0.9924516677856445,False,PyMuPDF,0
1f95bba1-daac-4b68-8d7e-3ccafe5450383. LRE012 Anexo.docx,.docx,0.35636234283447266,False,python-docx,0
4176fc40-b67d-4f1a-9089-47cecaf298e01. LRE256 CIE IRVE_sin fir.pdf,.pdf,0.21347999572753906,False,PyMuPDF,0
de557c7b-cb78-4f85-aa87-ee1b6d4a0a461. CIE IRVE.pdf,.pdf,0.21358585357666016,False,PyMuPDF,0
8a5a9fd2-acf9-4eeb-92ca-4fbf41cb70eeANEXO V RELLENO C287 fd.pdf,.pdf,0.3341999053955078,False,PyMuPDF,0
fd360e48-d642-4035-92f1-30a6494e267fLRE353 Justificante registro_08-11-23.pdf,.pdf,1.0194416046142578,False,PyMuPDF,0
a5ff1b30-5051-4895-ac11-ed5b03102a662. C292 Declaracion responsable_fda.pdf,.pdf,0.2901744842529297,False,PyMuPDF,0
cfa58ad9-9696-4847-9451-3b29e1617e6f6. MOD. IT-315_SF.pdf,.pdf,0.46468067169189453,False,PyMuPDF,0
b0f6892e-81e2-46b0-a432-2ea4d90ad307A3A_CEE_V2.pdf,.pdf,0.25559520721435547,False,PyMuPDF,0
6d67e8eb-7f17-437b-9c7f-69cdbab0f12cAU057 CM T 59 4 1B_V1_fd.pdf,.pdf,0.36202239990234375,False,PyMuPDF,0
7028bec5-340c-4289-86bf-a459530d8297LIBRO SUBCONTRATACION AU058 LA DEHESILLA-TRAMITADO.pdf,.pdf,0.05706596374511719,False,PyMuPDF,0
134ce300-be43-4438-b42b-7317275994ab6.9 CIE.pdf,.pdf,0.30686283111572266,False,PyMuPDF,0
7e78b34f-c0a2-433e-b4c8-986ee7e96bcdIMS303_2CEE_V1.pdf,.pdf,0.22571849822998047,False,PyMuPDF,0
8efc8e9a-0210-4536-845f-31a00cee120eJ01_LPR0700-6.pdf,.pdf,0.18490982055664062,False,PyMuPDF,0
b7a8347a-a975-4572-8a42-615160c647543. Anexo IRVE.pdf,.pdf,0.5411787033081055,False,PyMuPDF,0
fa3a1fc6-6e58-4d1a-8670-c37b983628fe3. Anexo IRVE fd 2.pdf,.pdf,0.6940774917602539,False,PyMuPDF,0
ed814516-ab8d-4d66-b7cf-ecd1a1797beaLRE073 Just registro_02-12-24.pdf,.pdf,1.0250358581542969,False,PyMuPDF,0
e55338d6-2698-4983-bf84-7f273654357cJ01_LPR.docx,.docx,0.15074634552001953,False,python-docx,0
41bbbc76-edb8-4384-bf26-3c12462f2b801. LRE213 CIE IRVE.pdf,.pdf,0.7833881378173828,False,PyMuPDF,0
c7b4d2ac-0607-412d-a51a-96b25862de544. LRE414 CIE ECOOO FDO.pdf,.pdf,0.29210662841796875,False,PyMuPDF,0
7293621e-5708-4f3b-b937-8cc5f469b7ee2. AU085-4 DR.pdf,.pdf,0.20416927337646484,False,PyMuPDF,0
7dc4008d-f763-449a-9698-bf46e2ce1f1c4. DR Tec.pdf,.pdf,1.0365514755249023,False,PyMuPDF,0
77d5b329-76ce-476d-aa37-7c2c123f8ee13. LRE387 Anexo IRVE.pdf,.pdf,1.2269935607910156,False,PyMuPDF,0
367618ad-6c99-47d0-aad6-70dc848fc8a9Delta B1 1A_CEE_V2_fd.pdf,.pdf,0.2861461639404297,False,PyMuPDF,0
3c58f654-01a2-43df-9252-828c0d526924apertura-LA PABLO 6-PRES.pdf,.pdf,1.438136100769043,False,PyMuPDF,0
6621efb5-6502-4d27-a840-f8e29282f8bf1. Solicitud_coope_fase 2.pdf,.pdf,1.5743408203125,False,PyMuPDF,0
619434a7-f577-4789-ad7c-392ec702e1d8J01. Informe justificativo-190.pdf,.pdf,0.19040584564208984,False,PyMuPDF,0
fda91237-1af2-4524-8e56-f95d7496dac8AU044 MC PS 17 3D_V2.pdf,.pdf,0.2864513397216797,False,PyMuPDF,0
7c8f09f6-9be9-47db-bd85-146b2d24be15apertura-LA PABLO 2-PRESENTADA .pdf,.pdf,1.4381437301635742,False,PyMuPDF,0
421eb98c-fa27-4911-91d9-fb82a1ed51c3AU057 CM T 59 5 2B_V2.pdf,.pdf,0.32115745544433594,False,PyMuPDF,0
44efd3ac-82b0-4666-a022-9a04861fe902A1B_CEE_V3_FD.pdf,.pdf,0.3094615936279297,False,PyMuPDF,0
a084339c-db75-4fd0-b153-a2d85af65b764. LRE303 CIE.pdf,.pdf,0.7885942459106445,False,PyMuPDF,0
95d7f87c-9dd5-4097-bdec-2606aef350dbjustificante_envio_exin_solicitud (4).pdf,.pdf,0.2703742980957031,False,PyMuPDF,0
49ad0946-6c6c-4e6b-a91b-6ed1b4f743fc10. CFO.docx,.docx,0.0257415771484375,False,python-docx,0
aa7d88e6-4023-4e24-841e-801a7f3a67b51. Solicitud_coope_fase 2.pdf,.pdf,1.5745534896850586,False,PyMuPDF,0
7dbe65fd-de53-4cf9-8c31-4a987ac9dcc33. Anexo IRVE.pdf,.pdf,0.5862388610839844,False,PyMuPDF,0
c05313b9-2b52-467a-97d6-7d36b74c0d6f2. MTD Hector.pdf,.pdf,0.3731975555419922,False,PyMuPDF,0
eca259a7-a9a5-42f8-9107-65be2b2c10cdJ01_LPR0600-2-fd.pdf,.pdf,0.31549644470214844,False,PyMuPDF,0
1ff992b6-9d46-4c17-958d-4211671ecb278.2. Solicitud Subvención.pdf,.pdf,8.360525131225586,True,PyMuPDF + OCR,0
9d815aa3-1789-4be8-97f7-dd42e8f7b7d41. LRE029 CIE IRVE.pdf,.pdf,0.7851123809814453,False,PyMuPDF,0
a13ca780-7504-4a93-b97a-5a543dd85b0fDelta B19 2B_CEE_V1_fd.pdf,.pdf,0.33306217193603516,False,PyMuPDF,0
4de62509-e25a-4579-90db-ecac35eba1f93. Anexo IRVE.pdf,.pdf,0.5862388610839844,False,PyMuPDF,0
d647a569-d505-4f22-8517-b7b64405216b2. C309 Declaracion responsable.pdf,.pdf,0.3086433410644531,False,PyMuPDF,0
4d74f273-2ea1-491b-82a1-9dbd89acf2e55. LRE013 Solicitud IRVE.pdf,.pdf,0.9993925094604492,False,PyMuPDF,0
374f7ed1-4535-4aae-883d-f57c4ba621011. Solicitud_coope_fase 2.pdf,.pdf,1.574859619140625,False,PyMuPDF,0
4020ad80-2454-4cee-8e70-dbaa55d416d11. C190 CIE_IRVE.pdf,.pdf,0.7865753173828125,False,PyMuPDF,0
dd6fb5a1-4028-474e-b84b-3ba677622520Pdf salarios.pdf,.pdf,0.043521881103515625,False,PyMuPDF,0
6d7ee171-ba3c-4e4a-bd4e-38cd3f27532d4. IMS318 CIE.pdf,.pdf,0.7833261489868164,False,PyMuPDF,0
3cedb321-7acc-4bc4-9af1-6abaaec9cb196. ALRE008 MOD. IT-315_.pdf,.pdf,1.1621084213256836,True,PyMuPDF + OCR,0
4fef8001-b12b-479d-8ffd-163dba1907ab6.5 CIE.pdf,.pdf,0.3045644760131836,False,PyMuPDF,0
8d5e2ba4-5470-4c99-ab5f-95f89d015f9b3. Solicitud inscripción.pdf,.pdf,1.0057697296142578,False,PyMuPDF,0
e4c68cfe-faa8-44ea-bd03-79b11d993cd13. Anexo IRVE. FD3pdf.pdf,.pdf,0.6680183410644531,False,PyMuPDF,0
8a670993-acfb-4e03-9bc9-ecc1ccd849a7Delta B9 2B_CEE_V2.pdf,.pdf,0.22419452667236328,False,PyMuPDF,0
b9776bbe-4b39-4de3-ae9b-1ff66be8c1082. Declaración responsable fd.pdf,.pdf,0.2851896286010742,False,PyMuPDF,0
41650f46-7dba-4567-ad06-84216ba28398Delta B7 1A_CEE_V2.pdf,.pdf,0.2236003875732422,False,PyMuPDF,0
3ab636e9-93e0-4573-80e0-e52c33fa9c31J4B_CEE_V1.pdf,.pdf,0.25521087646484375,False,PyMuPDF,0
531aebc1-d42f-4c15-b6c1-0eb1af5327752. MTD fd.pdf,.pdf,2.3254852294921875,False,PyMuPDF,0
d59bf400-161d-453c-9670-53f2185e9d851. Solicitud_coope_fase 2.pdf,.pdf,1.5751285552978516,False,PyMuPDF,0
10e2a250-ba51-4e2c-93d8-798fa0ca7b43C2B_CEE_V1.pdf,.pdf,0.25530529022216797,False,PyMuPDF,0
b543de07-47b1-432c-a0ad-1a150e814f33C329_CEE_V1.pdf,.pdf,0.2225027084350586,False,PyMuPDF,0
7e003b9a-2732-41a1-95d9-2666a2a5c8fb22-11-21 justificante_registro_solicitud.pdf,.pdf,1.0252761840820312,False,PyMuPDF,0
00d14d7d-9a57-44b0-af15-d0836fa3c195IMS305_2doCEE_V1_fd.pdf,.pdf,0.27133846282958984,False,PyMuPDF,0
0de1f2d5-b5b8-4be1-ae59-767cbd0731a1LPR_J01P3-1.pdf,.pdf,0.28810596466064453,False,PyMuPDF,0
5d8b54f8-f59b-4ad2-9437-b902c66533697.2. Tramitación con Industria_CIE.pdf,.pdf,0.7849245071411133,False,PyMuPDF,0
e716135f-8aea-4c31-83b1-e6c002b343663. LRE344 Solicitud inscripción.pdf,.pdf,0.9993190765380859,False,PyMuPDF,0
4d4c6ae2-2de6-4c59-9059-2c653ab2bad81. LRE210 CIE IRVE_fdo.pdf,.pdf,0.26128673553466797,False,PyMuPDF,0
969bd8ab-0383-41ad-8726-35e6a96ceadf2. IMS2027 Declaracion responsable.pdf,.pdf,0.2364521026611328,False,PyMuPDF,0
dd8ef768-4188-4c17-a46d-371e37687df73. Solicitud inscripcion.pdf,.pdf,0.2595529556274414,False,PyMuPDF,0
8206fe39-2177-43b3-917d-3ed8774c3ef62. MTD Hector.docx,.docx,0.11356449127197266,False,python-docx,0
bbd1d271-12f2-4a54-83e6-12c0d6d809301. Solicitud_coope_fase 2.pdf,.pdf,1.5740270614624023,False,PyMuPDF,0
ca636c94-15c9-4a5d-9d8d-45277185d5321. CIE IRVE.pdf,.pdf,0.21483325958251953,False,PyMuPDF,0
99d0557d-ffb0-4f30-a4c8-b02dae2f25d0J2B_CEE_V1.pdf,.pdf,0.25498390197753906,False,PyMuPDF,0
48ebdc30-59f6-4f51-99ce-6bf8469cee75Delta B1 1A_CEE_V2.pdf,.pdf,0.226654052734375,False,PyMuPDF,0
d0ff8267-7090-4066-acc8-56d8071140b73. LRE407 Solicitud.pdf,.pdf,1.000910758972168,False,PyMuPDF,0
6970bbdc-dcac-45a7-8d51-046c90ac324d3. Just. Registro.pdf,.pdf,0.27138233184814453,False,PyMuPDF,0
5807bac0-61a9-4228-8e90-91dac8b3eec4LRE232 justificante_registro_solicitud 16-05-2023.pdf,.pdf,1.007589340209961,False,PyMuPDF,0
c3b8f714-fe4f-4c08-9e64-391b783f73e5J01. Informe justificativo-170.pdf,.pdf,0.1903972625732422,False,PyMuPDF,0
264a9848-3895-4e07-87c7-bd7fddbdccc93. Anexo IRVE.docx,.docx,0.3214273452758789,False,python-docx,0
d5ae8071-114e-4dc7-ab9e-769d2f76672a1. CIE IRVE.pdf,.pdf,0.21411991119384766,False,PyMuPDF,0
d7901ceb-66d6-49d1-aba6-7782543399edJ01_LPRP4-2.pdf,.pdf,0.18494033813476562,False,PyMuPDF,0
f19a21bb-9440-43a3-8286-9fb2553bd811G4C_CEE_V1_FD.pdf,.pdf,0.30901336669921875,False,PyMuPDF,0
2d91850f-0bb8-4255-81da-2258c9f6aec6J01. Informe justificativo-186.pdf,.pdf,0.1903848648071289,False,PyMuPDF,0
e3e51adf-d72c-45cb-98ad-4c3bf8e9d9332. LRE395 DR_Fdo.pdf,.pdf,0.2835731506347656,False,PyMuPDF,0
75de00c5-1a0e-4607-822f-43a5fec15b218.2. Solicitud Subvención.pdf,.pdf,3.6144657135009766,False,PyMuPDF,0
ccf1ba1c-c44d-4333-94ed-f2f3a38c8036J01. Informe justificativo-238.pdf,.pdf,0.19038963317871094,False,PyMuPDF,0
816d2882-b4ab-44e3-88d8-48f90fa9b23b4. CIE_old.pdf,.pdf,0.21077251434326172,False,PyMuPDF,0
b073cb77-a235-45e2-b5fc-060fa8f5487d3. LRE075 Anexo IRVE.pdf,.pdf,1.2259883880615234,False,PyMuPDF,0
015390a5-eb4c-42e2-bb25-121cb98ab8fa1. C353 CIE fd 1.pdf,.pdf,0.261199951171875,False,PyMuPDF,0
5751d879-be91-4fa0-aa2f-7d62bdd95a5b1. LRE070 Solicitud_coope_fase 2.pdf,.pdf,1.7276229858398438,False,PyMuPDF,0
426d64dc-7319-49e3-87c2-a7641864ce1d3. LRE386 Anexo IRVE.docx,.docx,0.3298149108886719,False,python-docx,0
e1c3ee41-dbee-4e31-8685-c2a40d142961J01. Informe justificativo-209.pdf,.pdf,0.19038677215576172,False,PyMuPDF,0
52c74cce-7006-4ead-96dc-ec00c8f1b1d42. MTD Hector.docx,.docx,0.11296844482421875,False,python-docx,0
b14a9696-1343-42fc-a367-23103cbd1835Borrador_Final de obra - Coop_Laura.docx,.docx,0.025717735290527344,False,python-docx,0
c5c2429f-08e4-4fed-a188-845072ff9091J01. Informe justificativo-180.pdf,.pdf,0.19049644470214844,False,PyMuPDF,0
bfbb6d11-d97f-4cbb-9e45-6789610ad03aAU057 CM T 59 3 2B.pdf,.pdf,0.3209095001220703,False,PyMuPDF,0
a3dd17bc-da7f-4e98-ba6f-62998c0d95b01. LRE210 CIE IRVE_fdo.pdf,.pdf,0.26128673553466797,False,PyMuPDF,0
bb2c1a05-626f-468b-9ff0-fc7f1c4dd4424. CIE.pdf,.pdf,0.7860965728759766,False,PyMuPDF,0
97f23980-4d7f-480e-9a90-4429ba21c5ac4. LRE391 CIE.pdf,.pdf,0.7867202758789062,False,PyMuPDF,0
6f5d8ad1-bc7f-4e31-a817-689b14cd82a21. Solicitud_coope_fase 2.pdf,.pdf,1.574014663696289,False,PyMuPDF,0
94e705ef-39f5-4533-abc0-b660bcad87d23. LRE341 Anexo IRVE.pdf,.pdf,0.5645856857299805,False,PyMuPDF,0
2b6947ac-9fa2-42b9-bba1-ce419451103c6. AER004 MOD. IT-315.pdf,.pdf,3.4960031509399414,True,PyMuPDF + OCR,0
2e200c7d-e9c7-4066-a92e-3999d3cc9db3J01. Informe justificativo-244.pdf,.pdf,0.19043731689453125,False,PyMuPDF,0
9a3a673c-b317-4986-a307-892b37a247642. IMS2010 Declaración responsable.pdf,.pdf,0.3147420883178711,False,PyMuPDF,0
da94071a-4910-4718-acf1-7082325738bf4. CIE.pdf,.pdf,0.7854194641113281,False,PyMuPDF,0
c203459f-7899-4b3c-912e-fedb2b2c05eb1. Solicitud_coope_fase 2.pdf,.pdf,1.4864206314086914,False,PyMuPDF,0
a82e8447-ee41-4a26-b32a-06be269ab048C217 - CEE 1.pdf,.pdf,0.22988319396972656,False,PyMuPDF,0
68ec8277-4c92-43a6-aa17-abe7f67f24571. A055 CIE IRVE.pdf,.pdf,0.2629356384277344,False,PyMuPDF,0
91adfdf0-cdcb-429c-ac95-b28b17a5b5f61. Solicitud_coope_fase 2.pdf,.pdf,1.5751838684082031,False,PyMuPDF,0
b7c058a0-86d9-4878-885e-129d9b445b963. Anexo IRVE.docx,.docx,0.3217144012451172,False,python-docx,0
3776db34-3fa3-4b81-8e36-10fc421b721bDelta B18 3B_CEE_V2.pdf,.pdf,0.2241687774658203,False,PyMuPDF,0
e04c77b2-855e-447b-b3c5-76deb270fdb7J2B_CEE_V2.pdf,.pdf,0.25534915924072266,False,PyMuPDF,0
0d7e071b-4d0c-4a33-9594-8ee90ad1db063. LRE055 Anexo IRVE.pdf,.pdf,1.2267751693725586,False,PyMuPDF,0
a922504a-aa0a-48ad-9776-cb9edba4d9611. CIE IRVE_fdo.pdf,.pdf,0.25984668731689453,False,PyMuPDF,0
9018becf-a48c-4eab-bc54-57094d973c6c4. S4-2 CIE.pdf,.pdf,0.7904844284057617,False,PyMuPDF,0
ea2ea77d-b0b4-407e-a4ae-ae07e7c69cc33. AU085-3 Solicitud.pdf,.pdf,0.30208587646484375,False,PyMuPDF,0
0405c8bb-2048-40a8-b22d-0a5df12f2368Delta B3 3B_CEE_V3.pdf,.pdf,0.22130584716796875,False,PyMuPDF,0
7d1b2530-c797-442c-8d26-e3f5176278ed3. LRE356 Anexo IRVE.pdf,.pdf,0.5150461196899414,False,PyMuPDF,0
18d58dc4-8e3e-4fa1-a4ad-82e3df1377c93. Anexo IRVE.docx,.docx,0.3217144012451172,False,python-docx,0
63e174dc-137a-4ae0-9f64-f188803f8cf4J01. Informe justificativo-178.pdf,.pdf,0.19040298461914062,False,PyMuPDF,0
2490b99d-d781-4392-a421-6b368f156351ANEXO V RELLENO IMS315.pdf,.pdf,0.27065277099609375,False,PyMuPDF,0
76681b5c-bced-44d9-ad79-0c9f26669ba16. AER001 MOD. IT-315.pdf,.pdf,0.5364608764648438,False,PyMuPDF,0
f36ff372-16a0-471d-bc18-babe4964212e4. LRE350 CIE.pdf,.pdf,0.7900629043579102,False,PyMuPDF,0
62cdc4b6-8768-43a2-8d91-f8eb5c913f482.pdf,.pdf,5.545245170593262,False,PyMuPDF,0
36bcbfb2-e2a4-4db9-b43d-a9548e8dcf832. MTD Hector.docx,.docx,0.11307621002197266,False,python-docx,0
f038fd8c-438f-4ebc-843d-b5c7158f9e9cjustificante_registro_solicitud.pdf,.pdf,1.0184993743896484,False,PyMuPDF,0
f84de25a-f21f-4c01-81f6-2a695c3fc9bd3. Anexo IRVE_fdo.pdf,.pdf,0.5856781005859375,False,PyMuPDF,0
6f9894ee-8e53-4496-9f52-b12b10b210434. IMS331 CIE.pdf,.pdf,0.7908668518066406,False,PyMuPDF,0
d53306e6-af5f-4803-8c70-1d8462dc45023. LRE019 Anexo IRVE.pdf,.pdf,1.2252168655395508,False,PyMuPDF,0
8d4fcaf5-58d3-44b4-acdd-490f8d9fd97aDelta B19 2A_CEE_V2.pdf,.pdf,0.2268085479736328,False,PyMuPDF,0
bb408859-495d-4813-b87c-8682d0cd5cff2. C334 CIE.pdf,.pdf,0.790471076965332,False,PyMuPDF,0
d11437ac-54db-425e-933e-1b36b3eead81Delta B15 1B_CEE_V1.pdf,.pdf,0.2852506637573242,False,PyMuPDF,0
342c67b4-b7c9-4074-81f2-2f6f172dbeeb5. LRE073 Solicitud IRVE.pdf,.pdf,1.0017156600952148,False,PyMuPDF,0
7b3c92a9-82b5-408d-8d25-fdab074a1cc41. J01 DR potenia fd.pdf,.pdf,0.25937557220458984,False,PyMuPDF,0
650dd535-fd7b-4f51-8ea1-9c7834cae700AU044 MC PN  3 2D_V2.pdf,.pdf,0.2859992980957031,False,PyMuPDF,0
93e69a63-45c6-4b4b-a680-c552ec5b69c14. IMS317 CIE.pdf,.pdf,0.7885322570800781,False,PyMuPDF,0
ea873fcc-2b09-4242-bd3d-d395168562121. Solicitud_coope_fase 2.pdf,.pdf,1.5748825073242188,False,PyMuPDF,0
1ec9a550-8290-4fa3-a9f8-ef583b37050a4. CIE COOP hhhhhh.xlsx,.xlsx,0.03758430480957031,False,openpyxl,0
5d7e0743-bb8c-40d8-89ab-81da046703be3AU085~1.pdf,.pdf,0.3020286560058594,False,PyMuPDF,0
0f9145fd-dbfc-45b7-875e-ba4774adcbaf4. CIE COLORES.pdf,.pdf,0.6982259750366211,False,PyMuPDF,0
23d0befb-5ea5-4aa2-9600-a5040e7d0af5Delta B14 3A_CEE_V1_fd.pdf,.pdf,0.3409595489501953,False,PyMuPDF,0
53c1dc02-e441-458c-8566-0a3b9bc24d4a3. LRE275 Anexo IRVE_fdo.pdf,.pdf,0.588343620300293,False,PyMuPDF,0
349cfbcc-c890-407b-902a-56060b04db9e1. LRE055 CIE IRVE.pdf,.pdf,0.7848110198974609,False,PyMuPDF,0
ed40e14c-14ee-4aaa-8670-b96a2449b3e24. DR Téc.pdf,.pdf,1.1331844329833984,False,PyMuPDF,0
2145a3ce-77ad-4762-8084-8b316d78f51aJ01. Informe justificativo-232.pdf,.pdf,0.19040298461914062,False,PyMuPDF,0
48e47c0e-4302-433a-82fd-6938fcd4c7c63. Anexo IRVE.docx,.docx,0.3652782440185547,False,python-docx,0
8381c948-6b25-4ad0-98a5-4b228619e0f6Delta B17 3A_CEE_V2.pdf,.pdf,0.22112369537353516,False,PyMuPDF,0
daea1594-f4fb-4046-ba69-610638c65d524. DR Tecnico Hector.pdf,.pdf,0.0904855728149414,False,PyMuPDF,0
fd271c32-b7ff-4cf4-a8f1-615c4a324fbe4. C349 CIE.pdf,.pdf,0.789250373840332,False,PyMuPDF,0
e5780f2a-f248-4ad0-afb8-3c0c6f63a78dLRE266 justificante_registro_solicitud 28-04-2023.pdf,.pdf,1.0076704025268555,False,PyMuPDF,0
72f5feb3-50cc-452c-a5de-c46a5fea7cd94. CIE AU085-9  BTNI-420396.08 25.pdf,.pdf,0.23293781280517578,False,PyMuPDF,0
430ab658-aadf-4e89-b3e3-9a8086fab184Documentación 2.pdf,.pdf,1.9232473373413086,False,PyMuPDF,0
f4d427e7-daa5-4999-864a-0d22ccd85b27J01_LPR-4_fd.pdf,.pdf,0.26410388946533203,False,PyMuPDF,0
b748f641-ad34-4b1f-a9fd-9932cee55cdaLRE369 Jus registro_05-07-2024.pdf,.pdf,1.0213842391967773,False,PyMuPDF,0
440e819c-d474-4714-bb3f-7e830414ef07Delta B6 1B_CEE_V2.pdf,.pdf,0.22447490692138672,False,PyMuPDF,0
2dfef6b0-1c39-4d78-b528-e4902696395c2. IMS324 DR.pdf,.pdf,0.21820831298828125,False,PyMuPDF,0
1e440f8c-5cef-407f-b407-92f6355cae9cJ01. Informe justificativo-245.pdf,.pdf,0.19043540954589844,False,PyMuPDF,0
b4c37757-1f0a-4cd4-a273-5c3e2c77a51314. CFO.pdf,.pdf,0.10984134674072266,False,PyMuPDF,0
2238c381-e04b-4398-bdcf-1d0242f37f053. CIE.pdf,.pdf,0.7833261489868164,False,PyMuPDF,0
23b0de13-7660-4b2a-94c8-ff5ee9e0d84c3. LRE347 Solicitud inscripción.pdf,.pdf,0.9996004104614258,False,PyMuPDF,0
ea354970-8708-45fc-a6fa-f2421794f927J01. Informe justificativo-187.pdf,.pdf,0.19052505493164062,False,PyMuPDF,0
d47416d0-0e95-4051-be7b-21baae77fbfd1. CIE_IRVE.pdf,.pdf,0.7828836441040039,False,PyMuPDF,0
15b8286c-8b3e-414a-85ba-661fd4b25f414.2. Memoria Técnica.pdf,.pdf,6.866369247436523,False,PyMuPDF,0
aa93dcaf-dcf0-43b4-86ae-3b4c66b004c36. Tabla.xlsx,.xlsx,0.02229785919189453,False,openpyxl,0
ae4f7b24-b22e-41e2-99f5-0c20aa907b46J01. Informe justificativo-250.pdf,.pdf,0.1903972625732422,False,PyMuPDF,0
3ca375c7-c09d-4999-8346-4ebd81d4a2ec1. Solicitud_coope_fase 2.pdf,.pdf,1.5740156173706055,False,PyMuPDF,0
9bb66c8d-874b-48d6-84de-7a6317d13ef81. CEE 1_Certificado Energé.pdf,.pdf,0.33397674560546875,False,PyMuPDF,0
c8682e23-7577-4f8e-bf0f-74f8661428062. ALRE003 MOD. IT-318.pdf,.pdf,0.19187545776367188,False,PyMuPDF,0
5971a5ac-4518-431d-8657-8a93a18df601AU044 MC PN  fd2.pdf,.pdf,0.33383655548095703,False,PyMuPDF,0
830602d0-0a49-4ebf-a33a-b9ef24a1f3412. MOD. IT-318_rev_260121 FD2.pdf,.pdf,0.23655414581298828,False,PyMuPDF,0
d098d758-92fd-455e-b061-7bfc87bd0042E2B_CEE_V1_FD.pdf,.pdf,0.30904388427734375,False,PyMuPDF,0
e8e3f687-d83c-47d1-aa50-5e0ee653462a5. solicitud.pdf,.pdf,0.3502521514892578,False,PyMuPDF,0
7b610041-7055-4551-aa41-4bb03117f3181. LRE353 CIE.xlsx,.xlsx,0.04323005676269531,False,openpyxl,0
25a04851-0f92-4f82-b738-f1004003b7494. LRE331 CIE.pdf,.pdf,0.7903928756713867,False,PyMuPDF,0
9f0d90e8-e487-44ad-b109-a430ff0528b74. LRE369 CIE.pdf,.pdf,0.7905569076538086,False,PyMuPDF,0
0377546e-26d3-4eef-b46a-c6ceafb206703.0 Estudio alternativas_fd.pdf,.pdf,1.0068159103393555,False,PyMuPDF,0
3e55bede-f1d4-462b-aeea-8887db3be93cLRE398 just_registro_24-11-2023.pdf,.pdf,1.0215816497802734,False,PyMuPDF,0
42235d27-e84e-4f4a-bf99-312388c7a53c2. AU085-6 DR_firmado2.pdf,.pdf,0.3245887756347656,False,PyMuPDF,0
52c458f5-9840-4d0f-88d5-67e6f5592f88LRE259 justi_registr.pdf,.pdf,0.26920127868652344,False,PyMuPDF,0
89075edd-fdef-40a8-b405-3ce223e464584. CIE firmado.pdf,.pdf,0.7888879776000977,False,PyMuPDF,0
ee8c3c69-1536-4004-93a2-f43e16adb8471. Solicitud_coope_fase 2.pdf,.pdf,1.5740423202514648,False,PyMuPDF,0
839a593b-b212-4c70-b01a-ce51608b5b1dC280 justificante_registro_solicitud_16-06-2023.pdf,.pdf,1.0195856094360352,False,PyMuPDF,0
accdf51a-015b-4897-b9a5-fec56a830cb1IMS335 CEE_V2_FD.pdf,.pdf,0.3159446716308594,False,PyMuPDF,0
19caa616-8075-452d-a571-fb2673df9681IAPA 17 F8616 ComunicacionEmpresasOtrasCCAA @ v2.pdf,.pdf,0.3212757110595703,False,PyMuPDF,0
62ef2ec0-1a45-4ff5-8bcd-db402ea24c29G1A_CEE_V1_fd - copia.pdf,.pdf,0.3088254928588867,False,PyMuPDF,0
5e447637-935c-4fbf-bb0e-87e632df2121IMS343 CEE_V2_FD.pdf,.pdf,0.33629322052001953,False,PyMuPDF,0
756f88a2-3d77-46d9-a6ff-033209498809Delta B9 3B_CEE_V1.pdf,.pdf,0.22378158569335938,False,PyMuPDF,0
67dd040b-30ed-4962-b033-b324a53b2c4d4. C334 CIE.pdf,.pdf,0.790471076965332,False,PyMuPDF,0
f01e1659-e6fb-4c32-894a-8c57118abec64. S4-2 CIE.pdf,.pdf,0.7904844284057617,False,PyMuPDF,0
bb912116-42d5-49df-ada4-166ad32f3c644. CIE IMS349 FD.pdf,.pdf,0.2979593276977539,False,PyMuPDF,0
9c8f8dae-72e0-4f6d-a69e-1131cca1973e4. DR Tecnico Hector.pdf,.pdf,0.09082794189453125,False,PyMuPDF,0
d52104d1-37d8-4cfe-84b8-52b458d006693. LRE207 Anexo IRVE_fdo.pdf,.pdf,0.5879192352294922,False,PyMuPDF,0
50d9cda1-c545-4163-85bd-6e37eca1f0a54. DR Tecnico Hector.docx,.docx,0.026988983154296875,False,python-docx,0
52934d44-ea2c-438b-b030-0ee555c283bdDelta B18 2B_CEE_V1_fd.pdf,.pdf,0.2838621139526367,False,PyMuPDF,0
a5f24dc2-b503-4b6b-afea-ab767ead5097AU044 MC PN  3 2D_CEE2.pdf,.pdf,0.28624439239501953,False,PyMuPDF,0
9f0a6952-759a-4a69-a0b9-d32c9e0b8717LRE295 justificante_registro_solicitud_16-06-2023.pdf,.pdf,1.0112380981445312,False,PyMuPDF,0
b78e02f8-586c-4ead-b480-4bc8c8e507f0Delta B18 1B_CEE_V2.pdf,.pdf,0.22225189208984375,False,PyMuPDF,0
d20e5cbd-4bb5-4709-9f70-be5778679199LPR0104_praast_modelo_informe_justificativo_R (2).pdf,.pdf,1.7660951614379883,False,PyMuPDF,0
bb644fde-7dd6-411e-a713-bb003c6de698DOC COMPLET.pdf,.pdf,6.064877510070801,False,PyMuPDF,0
c6cf0526-68a7-41a1-9025-dc885ac9d9b54 DR Tec.pdf,.pdf,1.133056640625,False,PyMuPDF,0
4105818f-100a-4180-bf2c-436c8a4addecDelta B7 3A_CEE_V2.pdf,.pdf,0.22361278533935547,False,PyMuPDF,0
aabd781e-9465-435c-a787-123d5e5f87391. Solicitud_coope_fase 2.pdf,.pdf,1.5740346908569336,False,PyMuPDF,0
15998fd4-99f4-4f4e-9c10-9ef0ec1bdca1AU057 CM T 59 B4 4B.pdf,.pdf,0.32096099853515625,False,PyMuPDF,0
3f2b7cbe-3d69-453a-868f-60c189080dcbJ01_LPR-3.pdf,.pdf,0.23670578002929688,False,PyMuPDF,0
6dc30295-95c7-4bbc-b94d-6f6e85593091AU057 CM T 59 C4 0C.pdf,.pdf,0.3211240768432617,False,PyMuPDF,0
473d7451-a693-4025-97a0-bb70d1d813c4justificante_registro_solicitud (17).pdf,.pdf,0.35123157501220703,False,PyMuPDF,0
de481ebc-fa6e-4d18-a080-5a975e2474adIMS2018 2023-03-29 Solicitud Registro.pdf,.pdf,0.2899656295776367,False,PyMuPDF,0
4e3d4104-43f3-4f4b-a8b5-8f507cb8fa8d3. Anexo IRVE fd3.pdf,.pdf,0.6974000930786133,False,PyMuPDF,0
2e425cbb-67f8-4579-8561-7951bf307b603. C320 Solicitud.pdf,.pdf,0.9993772506713867,False,PyMuPDF,0
d12747f7-20e9-4e39-9428-7085a680e65b3. AU085-2 Solicitud fd.pdf,.pdf,0.353607177734375,False,PyMuPDF,0
64392419-fae3-4f7a-8e0a-3aaeb910e28dIMS2006 Anexo V Declaración responsable sobre porcentaje de energía consumida F.pdf,.pdf,0.3350343704223633,False,PyMuPDF,0
7af7a118-c04f-4d4e-a89b-aa162379219a1. LRE303 Solicitud inscripción VE.pdf,.pdf,1.0086679458618164,False,PyMuPDF,0
19c69993-3898-437e-85c6-d23d9f85f7bd1. Solicitud_coope_fase 2.pdf,.pdf,1.5744237899780273,False,PyMuPDF,0
535a8d7b-8e7c-40a3-9062-77baf85cafa94. DR Tecnico Hector.docx,.docx,0.026932716369628906,False,python-docx,0
09692281-0f54-4d34-8f27-d0e422ef98591. Solicitud_coope_fase 2.pdf,.pdf,1.5745534896850586,False,PyMuPDF,0
ce1e3900-cbc4-4115-9961-ccd0d5634789Delta B2 3A_CEE_V2.pdf,.pdf,0.22713279724121094,False,PyMuPDF,0
8f9997ec-046c-41a0-9fed-bcc90f322fecJ01. Informe justificativo-166.pdf,.pdf,0.19043540954589844,False,PyMuPDF,0
940639c6-4988-4d51-82ae-af970896364d1. Solicitud_coope_fase 2.pdf,.pdf,1.5755090713500977,False,PyMuPDF,0
c809f1f2-b2e7-45cf-bdab-0a36f62fb9caJ01. Informe justificativo-198.pdf,.pdf,0.1903982162475586,False,PyMuPDF,0
1c7057cd-1d8a-42df-9de9-3a2e9eac2651LRE055 just_registro_25-11-24.pdf,.pdf,1.022496223449707,False,PyMuPDF,0
5ad558c7-bb6e-49e4-8f1e-5b520462568bJ01. Informe justificativo-240.pdf,.pdf,0.19039535522460938,False,PyMuPDF,0
d33f5347-a7f6-4e2c-b11a-d9661228e55cF3A_CEE_V2_fd.pdf,.pdf,0.3092336654663086,False,PyMuPDF,0
a704d305-3465-42f5-9cf4-925fe24852bd1. LRE039 CIE IRVE.pdf,.pdf,0.7878360748291016,False,PyMuPDF,0
ebac9f59-14ef-43ce-9744-fff70f1faff53. Anexo ESQUEMA IRVE FD 2.pdf,.pdf,0.6483879089355469,False,PyMuPDF,0
a93187e1-6b5e-4319-b327-a395d8b3d101J2C_CEE_V1_fd.pdf,.pdf,0.30893611907958984,False,PyMuPDF,0
9ea25f24-c9fd-47ac-bf77-17200d34d41bD3A_CEE_V2.pdf,.pdf,0.2559680938720703,False,PyMuPDF,0
ea500aee-4b15-4fbf-9710-5e31013e46c54. Salarios pagados.pdf,.pdf,0.8427228927612305,False,PyMuPDF,0
520c452c-5596-4a82-ada9-6a2709139a355. LRE004 Solicitud IRVE.pdf,.pdf,1.0011625289916992,False,PyMuPDF,0
97cd5929-9ee6-4f7a-af49-f9ce47ce8a134. CIE 2kW JA-IMS_.pdf,.pdf,0.21262264251708984,False,PyMuPDF,0
c6b06896-e482-4726-8798-1d38a1571db41. Solicitud_coope_fase 2.pdf,.pdf,1.574040412902832,False,PyMuPDF,0
efdd8e5b-d3fd-496e-9f26-95ae3d2c9f1bJ01_LPR0800.pdf,.pdf,0.4084787368774414,False,PyMuPDF,0
3e1060da-228d-4c3c-a0e1-4441bbceb3511. Solicitud_coope_fase 2.pdf,.pdf,1.4434032440185547,False,PyMuPDF,0
2625e8e0-7387-466b-b2b4-e8bf025979e25. LRE346 Solicitud inscripción IRVE_COOP fd.pdf,.pdf,0.3486490249633789,False,PyMuPDF,0
7ba40f7d-16b4-4051-8d4c-1194169447d2LRE347 justificante_registro_solicitud_22-09-2023.pdf,.pdf,1.019094467163086,False,PyMuPDF,0
fdcdc9d8-6b0b-4a63-8527-99da310577b0PDFsam_merge.pdf,.pdf,6.180197715759277,False,PyMuPDF,0
891dac7b-fdc2-4ad1-a940-10bc0768cf65LRE410 CEE_V2.pdf,.pdf,0.22269916534423828,False,PyMuPDF,0
fd99e8da-acad-495e-951d-9237a9a68ab51. Solicitud_coope_fase 2.pdf,.pdf,1.5751285552978516,False,PyMuPDF,0
f6c3b50c-5a35-4062-8ff4-aeaf593b2a703. LRE049 Anexo IRVE.docx,.docx,0.32108497619628906,False,python-docx,0
237e96f9-787f-490e-8920-a5bfe3708ea04. LRE CIE sf.pdf,.pdf,0.7133274078369141,False,PyMuPDF,0
090ae5a0-7f2f-4abb-802f-923ecc03116a4 (1).pdf,.pdf,1.036503791809082,False,PyMuPDF,0
016c1793-89bd-4d48-b78e-8902ccac828c4. C313 CIE.pdf,.pdf,0.7882509231567383,False,PyMuPDF,0
e9989543-d2bf-4cd7-8b6d-8f2ee41d7d034. DR Tecnico Hector.docx,.docx,0.026535987854003906,False,python-docx,0
3cb4620a-19b4-4fec-a95b-91a8453858b8J01. Informe justificativo-179.pdf,.pdf,0.1904773712158203,False,PyMuPDF,0
aa2dd9e8-0c2e-4a0d-9b49-59993c73f9ceIMS308_CEE_V1.pdf,.pdf,0.21717453002929688,False,PyMuPDF,0
5acac431-7edf-4fd7-bfb0-249ae30dff416. ALRE002 MOD IT-315.pdf,.pdf,1.1474971771240234,True,PyMuPDF + OCR,0
6582c138-fdd0-4543-bc46-6a0c03eae14cDelta B18 2A_CEE_V2.pdf,.pdf,0.2199544906616211,False,PyMuPDF,0
093e3dc1-2da1-4177-9f3e-74c88b042091IMS2019 Anexo V.pdf,.pdf,0.40970611572265625,False,PyMuPDF,0
698caf08-4570-4ff6-9b43-81cd3ac24d051. Solicitud_coope_fase 2.pdf,.pdf,1.5743608474731445,False,PyMuPDF,0
f0b0faf3-35e9-40f6-aae8-2b5cb7966bd1apertura-AU051 MAJADAHONDA-PRESENTADA.pdf,.pdf,1.4380769729614258,False,PyMuPDF,0
186a632d-d03f-45d0-b92d-6d5d88085882C306_CE_V2.pdf,.pdf,0.3847522735595703,False,PyMuPDF,0
131c25ce-6c29-41db-8928-f916d1ce16b8B5A_CEE_V2_fd.pdf,.pdf,0.3095874786376953,False,PyMuPDF,0
0353ce36-8ce9-409c-b0fe-fe47023d3ee7C325 CEE 2º.pdf,.pdf,0.24561309814453125,False,PyMuPDF,0
3c4c35c6-623d-444d-a818-2337e0b4e324Delta B7 1A_CEE_V2_fd.pdf,.pdf,0.2837066650390625,False,PyMuPDF,0
2e00b9df-5421-4711-a783-22b7c6ac9ea22. MTD FD.pdf,.pdf,5.214512825012207,False,PyMuPDF,0
507dd3f1-2cd2-43ee-883e-f61a5655a73a1. Solicitud_coope_fase 2.pdf,.pdf,1.5751333236694336,False,PyMuPDF,0
5fdfb733-3506-4206-87d4-cca2ed1026885. Solicitud IRVE_fdo.pdf,.pdf,0.27173423767089844,False,PyMuPDF,0
1505baa2-4deb-4fee-a1d4-0f71fc6f1ca6C346 Just. Registro.pdf,.pdf,0.27138233184814453,False,PyMuPDF,0
63d32645-ce39-4614-ad98-1fda14b79490D4A_CEE_V1.pdf,.pdf,0.2553377151489258,False,PyMuPDF,0
9c4de345-71f1-4d85-b2cc-f07aa11fd3e3D1B_CEE_V1_FD.pdf,.pdf,0.3090171813964844,False,PyMuPDF,0
d2af1b85-2e90-47e7-9116-57fa2232f0e33. Anexo VII Informe j.pdf,.pdf,0.3541278839111328,False,PyMuPDF,0
790d1a7d-db95-4027-a32c-17c78c840a92Delta B18 1B_CEE_V2_fd.pdf,.pdf,0.28263092041015625,False,PyMuPDF,0
bef6efc7-5c60-4c2d-bef4-ec5b114950ce4. CIE AU085-2 fd.pdf,.pdf,0.30625152587890625,False,PyMuPDF,0
24638e87-d45b-4b5c-9bb6-e96339d8c9f54. C336 CIE.pdf,.pdf,0.7075700759887695,False,PyMuPDF,0
f626a580-015d-4efc-9d90-36cb0a3fc950J01_LPRP4-1.pdf,.pdf,0.2879514694213867,False,PyMuPDF,0
01b8e0fa-b0f4-45e6-bdc8-f9b6a164e955L1B_CEE_V2_FD.pdf,.pdf,0.3091745376586914,False,PyMuPDF,0
2ac0340e-4031-4978-b647-52806d7f375cLPR0402_praast_modelo_informe_justificativo_R (1).pdf,.pdf,3.0625457763671875,False,PyMuPDF,0
2648fb46-6be9-4c6d-959d-60961c0d74224. CIE COOP sf.pdf,.pdf,0.7084264755249023,False,PyMuPDF,0
02b8e3f7-6a95-4285-a39e-81a386f1c42a3. IMS2036 Solicitud inscripción.pdf,.pdf,1.0055646896362305,False,PyMuPDF,0
86a7cf78-fb6c-44b6-9a58-5fcfd5354f2b4. CIE ECOOO SF.pdf,.pdf,0.24920368194580078,False,PyMuPDF,0
d6627e3c-ddaa-4ad7-8b54-30927c0fc9392. IMS333 DR FDO.pdf,.pdf,0.25640106201171875,False,PyMuPDF,0
a2e25641-743a-490b-937e-c6b4e40f271b3. LRE346 Anexo IRVE FD 3.pdf,.pdf,0.6771860122680664,False,PyMuPDF,0
425ef8c7-044f-407b-8c92-f9932a1972e9LIBRO SUBCONTRATACION-pres.pdf,.pdf,1.554265022277832,False,PyMuPDF,0
656d75b5-7249-46cc-8693-452b43910ef21. Solicitud_coope_fase 2.pdf,.pdf,1.575119972229004,False,PyMuPDF,0
cf3c86aa-8009-4a12-8c49-39a12b3b8659LRE080 just_registro_11-12-24.pdf,.pdf,1.0205469131469727,False,PyMuPDF,0
98a6675b-1a75-4670-8144-49da383df807J01_LPR0900-3-fd.pdf,.pdf,0.2638978958129883,False,PyMuPDF,0
c8ca377e-67da-48cf-8eb5-2d96ceb79a66Delta B20 3A_CEE_V2.pdf,.pdf,0.2238616943359375,False,PyMuPDF,0
539dbed9-5db6-4a0c-b67f-abec30ea7543justificante_registro_solicitud (18).pdf,.pdf,0.27060604095458984,False,PyMuPDF,0
aa0fc4e0-1177-402b-b76b-128bc6bfa14fAU044 MC PS 17 3B_V1.pdf FD.pdf,.pdf,0.3339509963989258,False,PyMuPDF,0
"2068223e-94da-48ca-b274-e780a87123c4DATOS COM.PROP y COMPONENTES, a 17 febrero 2023 ecooo.xlsx",.xlsx,0.08055973052978516,False,openpyxl,0
3c52fbd6-ec5f-4a21-9021-bf5f56909f44Delta B14 3B_CEE_V2.pdf,.pdf,0.22516155242919922,False,PyMuPDF,0
8a97e7ea-4fa5-4954-9d3d-1934459facae4. CIE COOP (1).pdf,.pdf,0.2636432647705078,False,PyMuPDF,0
23eba9db-c946-4318-92c3-225ab8773f8a3. IMS2010 Solicitud inscripción.pdf,.pdf,0.9941082000732422,False,PyMuPDF,0
300908ce-4e08-4b0b-9669-5f1541979e3aPDFsam_merge(2).pdf,.pdf,7.609535217285156,False,PyMuPDF,0
ea02793f-4f20-4876-9311-e81df6231148C295 justificante_registro_solicitud_05-06-2023.pdf,.pdf,1.019454002380371,False,PyMuPDF,0
fb4aedf1-ca7d-418c-8d44-b5a927f19a3f1. LRE353 CIE.pdf,.pdf,0.21726608276367188,False,PyMuPDF,0
637e5054-cee4-4bf3-92a3-74b22c7e1a65J01_LPR0900-1.pdf,.pdf,0.18489933013916016,False,PyMuPDF,0
9c9936c1-8158-4add-a60f-f8af80c231713. LRE012 Anexo.pdf,.pdf,1.2261133193969727,False,PyMuPDF,0
5dd56fa1-df54-4c24-a2c2-c7b0294e31ea3. Anexo IRVE.docx,.docx,0.3217144012451172,False,python-docx,0
099a66b3-d220-4e79-9f1b-9aa17e3d2cc81. CFO fd.pdf,.pdf,0.1385650634765625,False,PyMuPDF,0
9055f101-91d3-4dc3-a5a4-d829653a4ffd3. Anexo IRVE.docx,.docx,0.3254375457763672,False,python-docx,0
b53d3de2-a1bc-4915-beae-ed7832f168684. S4-1 CIE.pdf,.pdf,0.7841033935546875,False,PyMuPDF,0
eb72f05c-7e9b-48da-96f7-35007d6e45a4C348 1er CEE fd.pdf,.pdf,0.2721376419067383,False,PyMuPDF,0
2a05e190-833e-402b-a57e-60411f88e6d64. CIE.pdf,.pdf,0.25990772247314453,False,PyMuPDF,0
b3031e88-35ec-4d28-8808-8253760eb57e1. LRE073 CIE IRVE.pdf,.pdf,0.7846136093139648,False,PyMuPDF,0
d5ab6b97-1a04-4530-86a9-9d0e2d17d2a84.  Jdp Salarios.pdf,.pdf,0.6196088790893555,False,PyMuPDF,0
d39516ee-f9d3-4351-a057-80a05ee2555a3. C260 Solicitud inscripción.pdf,.pdf,0.9883127212524414,False,PyMuPDF,0
cae2dd4c-faf9-471a-8635-2c9f339c10432. LRE376 Declaración responsable.pdf,.pdf,0.6453619003295898,False,PyMuPDF,0
1f3d7ea7-8ea6-4e22-8fa9-c6d15cbf94553. LRE077 Anexo IRVE.docx,.docx,0.3207378387451172,False,python-docx,0
a71252fc-8601-42f0-a780-74b3bbc17a184. C320 CIE.pdf,.pdf,0.7859582901000977,False,PyMuPDF,0
b4199257-2430-4f19-9ceb-3cfc81b6b8e44. Dr Tec.pdf,.pdf,1.0733642578125,False,PyMuPDF,0
760658db-16f6-477e-b335-3dfb1d6955271. Solicitud_coope_fase 2.pdf,.pdf,1.5740175247192383,False,PyMuPDF,0
61a2839f-83de-43ea-8114-1f97d171ef0820240107 Registro de apertura.pdf,.pdf,0.11933612823486328,False,PyMuPDF,0
1e341423-ba64-4ec3-91fb-4c6b5de66b40K4A_CEE_V2_fd.pdf,.pdf,0.30941295623779297,False,PyMuPDF,0
62f14c53-21a7-4527-89e8-e07d91c41ade4. CIE AU085-5.pdf,.pdf,0.2577533721923828,False,PyMuPDF,0
8f93fdf7-cf08-487b-8763-1359f8179d771. LRE078 CIE IRVE.pdf,.pdf,0.7840824127197266,False,PyMuPDF,0
a25f995b-bc05-4bf5-9e09-8bae7a3e0f1c1. Solicitud_coope_fase 2.pdf,.pdf,1.5752067565917969,False,PyMuPDF,0
f99295ad-9f65-4754-a16b-cadcda8b5bd3AU044 MC PS 17 2A_V1.pdf FD.pdf,.pdf,0.33379268646240234,False,PyMuPDF,0
388969af-4000-4511-b72b-c4ce18ae9986Delta B3 2B_CEE_V2.pdf,.pdf,0.22117328643798828,False,PyMuPDF,0
6c267f2d-9aee-46c1-a136-8da9ccd0292eDelta B6 3B_CEE_V2_fd.pdf,.pdf,0.2845335006713867,False,PyMuPDF,0
c56e7fbb-c206-4a60-bc6e-24cc1bda0447MEMORIA DES PR fd.pdf,.pdf,0.6294050216674805,False,PyMuPDF,0
494e6a66-2ad1-43b4-8f26-223209d5682c5. Solicitud IRVE_fdo.pdf,.pdf,0.27379703521728516,False,PyMuPDF,0
5e93f1f8-3b51-4c7e-b5d2-25bd75db2e13J01. Informe justificativo-244.pdf,.pdf,0.19043731689453125,False,PyMuPDF,0
926e700e-e1c0-4efa-b983-0b0ee8c7e3b82. MTD Hector.pdf,.pdf,0.4098081588745117,False,PyMuPDF,0
507fd5bc-bfd5-4acc-b2bc-8dd48cef3279E2B_CEE_V2_fd.pdf,.pdf,0.30933189392089844,False,PyMuPDF,0
e7273d41-9983-4127-a99e-da0eb7ee1e2b3. Anexo IRVE.pdf,.pdf,0.5407075881958008,False,PyMuPDF,0
cd45ff2d-9ffa-499d-bad9-9648b62b4df75. LRE353 Solicitud inscripción IRVE_COOP FD.pdf,.pdf,0.27458763122558594,False,PyMuPDF,0
9418d71f-f6ce-46a1-b461-813b18d6c08a2. LRE303 CIE VE.pdf,.pdf,0.7853145599365234,False,PyMuPDF,0
738d2aef-cf7d-48dc-8cbb-915a1dda6a6d1. LRE210 CIE IRVE_SIN FIR.pdf,.pdf,0.21331787109375,False,PyMuPDF,0
df011a20-62a7-4e79-9daa-20bf714ed62d3. Anexo IRVE.docx,.docx,0.36467552185058594,False,python-docx,0
1714dee1-3269-4bdd-a946-b13ffb1f52deC2B_CEE_V2.pdf,.pdf,0.2556190490722656,False,PyMuPDF,0
6a34d05d-c9c5-4cd0-a11e-448343cad0b1LRE210 justi_registro.pdf,.pdf,0.2704486846923828,False,PyMuPDF,0
d10a9c66-57ac-43e3-9a45-c200c350272aAU057 CM T 59 6 1E_V1.pdf,.pdf,0.3205909729003906,False,PyMuPDF,0
353322b8-f77b-4dcd-889f-3146355b738b1. Solicitud_coope_fase 2.pdf,.pdf,1.5740327835083008,False,PyMuPDF,0
4e2e4cfc-bcb2-435f-81d6-6b78559bfc743. C263 Solicitud inscripción.pdf,.pdf,1.1684150695800781,False,PyMuPDF,0
0021d1df-6ae7-4d2d-a46e-289ae58d66c45.1.  CIE.pdf,.pdf,0.7840824127197266,False,PyMuPDF,0
b90e0720-cfa1-493e-818c-0b772f18aeb01. LRE207 CIE IRVE_2 fdo.pdf,.pdf,0.2616586685180664,False,PyMuPDF,0
55765b07-d292-424c-979e-30c5e554ea421. LRE080 CIE IRVE.pdf,.pdf,0.7848548889160156,False,PyMuPDF,0
207bd949-ab3e-4eac-9e89-2b2e40cab56aAU057 CM T 59 2 0C_V1.pdf,.pdf,0.3218097686767578,False,PyMuPDF,0
ee6a9167-62a5-48f3-a2f2-8818c3643b14IMS311_CEE_V1.pdf,.pdf,0.2796297073364258,False,PyMuPDF,0
2852bc91-962c-4672-b4b5-ed7ddbced69b2. AU068 DR_Fdo.pdf,.pdf,0.6457977294921875,False,PyMuPDF,0
398e72ef-fe06-44c2-a3a9-46627d9c2575J01P2-4.pdf,.pdf,0.18497371673583984,False,PyMuPDF,0
af09c477-7a11-43ae-b44c-0f3111aeb8a2K4A_CEE_V1_FD.pdf,.pdf,0.3091573715209961,False,PyMuPDF,0
0e62ee51-ef50-4eb9-964a-b900e1ddc024AU044 MC PS 17 2A_V1.pdf FD.pdf,.pdf,0.33379268646240234,False,PyMuPDF,0
17a96a84-15a5-4cff-a6c3-2e6c319ee12f5. LRE055 Solicitud IRVE.pdf,.pdf,1.0020923614501953,False,PyMuPDF,0
d65f79f4-96bc-4a44-8eaa-16e1cc64a18f1. Solicitud_coope_fase 2.pdf,.pdf,1.5749406814575195,False,PyMuPDF,0
caf63da7-7d45-4407-953a-ba4218e4d0a23. AU065 Solicitud COPE FD_.pdf,.pdf,1.1043024063110352,False,PyMuPDF,0
c54f6785-5865-46a9-95dd-017e2dd2418a2. MTD Hector.pdf,.pdf,0.3732414245605469,False,PyMuPDF,0
e2480f57-eafa-4bfa-b0b1-be60dca200b05. LRE039 Solicitud IRVE.pdf,.pdf,1.0053739547729492,False,PyMuPDF,0
4e500059-2027-49b6-80c8-55e191def1d8A4B_CEE_V1_fd.pdf,.pdf,0.30910301208496094,False,PyMuPDF,0
74cffb08-de7c-47f8-bf41-04d748a5f3b0J01_LPR1000-4.pdf,.pdf,0.18494892120361328,False,PyMuPDF,0
fd466cd5-7540-47bc-9989-4c5cdf292cd85. LRE275 Solicitud IRVE_fdo.pdf,.pdf,0.27335357666015625,False,PyMuPDF,0
9cd59acb-87fb-4d21-8b5e-a862083b2ccaJ01. Informe justificativo-227.pdf,.pdf,0.190399169921875,False,PyMuPDF,0
d0fb8cdf-1f37-4696-a7f3-4ab5010c252d3. LRE036 Anexo IRVE.pdf,.pdf,1.1997566223144531,False,PyMuPDF,0
1354b8a0-d477-4235-af16-a4a08dcbe00c8.2. Solicitud Subvención.pdf,.pdf,5.647429466247559,False,PyMuPDF,0
5f67748f-e0f6-473d-b772-4c638443a898AU044 MC PN  3 1C_V2.pdf,.pdf,0.2862825393676758,False,PyMuPDF,0
8877821b-073c-4260-bde1-c7e455017604J01_LPR0800-4.pdf,.pdf,0.1855754852294922,False,PyMuPDF,0
2aba2a25-52c6-48ae-8687-4120c3153f0d1. Solicitud_coope_fase 2.pdf,.pdf,1.5745716094970703,False,PyMuPDF,0
f087999b-2be3-4adf-a459-60ca626352542. AU085-5 DR_firmado 2.pdf,.pdf,0.3246421813964844,False,PyMuPDF,0
5ad2db3c-01c1-4f94-ad28-1433a0e51a804. C309 CIE.pdf,.pdf,0.7892847061157227,False,PyMuPDF,0
8305e2a1-164a-4cde-9b65-15d1796be73d2. MTD FD.pdf,.pdf,2.9582557678222656,False,PyMuPDF,0
cc843056-ee2c-4183-8e88-22e0ff50bf78J01_LPR1000-2-fd.pdf,.pdf,0.2637977600097656,False,PyMuPDF,0
0dafde6a-e348-4e88-a889-1ed6acd80aef1. LRE341 CIE fd.pdf,.pdf,0.3142967224121094,False,PyMuPDF,0
efa33925-5781-4a7c-8963-45567760b0591. LRE003 CIE FD.pdf,.pdf,0.2632017135620117,False,PyMuPDF,0
2992f8fb-e30c-492e-85c9-0fc9cabdb1da2. MTD Hector.docx,.docx,0.11306476593017578,False,python-docx,0
cb05225b-c1de-4b45-9b03-41e18e7457412. LRE295 Declaracion responsable.pdf,.pdf,0.6014070510864258,False,PyMuPDF,0
62b61e83-6441-4ede-a08f-0150569fd9b73. Solicitud inscripción fd.pdf,.pdf,1.0027713775634766,False,PyMuPDF,0
d60361de-d7a9-4105-986d-81550d34e72d2. AU085-5 DR.pdf,.pdf,0.2043323516845703,False,PyMuPDF,0
e2de5fe4-b53a-454b-9e48-575a526f28e7Delta B20 3B_CEE_V1_fd.pdf,.pdf,0.28666114807128906,False,PyMuPDF,0
9afdbe4a-c4f2-49ab-97d7-6b61f8e2b598B4A_CEE_V1_FD.pdf,.pdf,0.3089942932128906,False,PyMuPDF,0
98eff7a7-ed06-44a0-b0b5-a076e28fd7e01. LRE346 CIE fd.pdf,.pdf,0.31609344482421875,False,PyMuPDF,0
7e257c56-2a1a-4e46-b34c-07c757c590284. CIE COOP fd.pdf,.pdf,0.2995624542236328,False,PyMuPDF,0
bbe28af5-6f21-4bf2-a4ca-3e56c1d2a38fLIBRO SUBCONTRATACION LA PABLO 1-TRAMITADO.pdf,.pdf,0.05698871612548828,False,PyMuPDF,0
d7fbaa62-ce7f-4829-9a1a-c4919110021a3. Certificado Potencia m2 fd.pdf,.pdf,5.891983985900879,False,PyMuPDF,0
d17b684b-bb76-48cc-b5ba-ad84d70c2addDelta B9 1A_CEE_V1_FD.pdf,.pdf,0.28417396545410156,False,PyMuPDF,0
e0c2bafa-4e59-464b-b7ae-6b2f73534c96K4A_CEE_V2.pdf,.pdf,0.2556943893432617,False,PyMuPDF,0
9def98ef-8621-4289-adad-84cb035bfddcAU057 CM T 59 C1 2C.pdf,.pdf,0.3219757080078125,False,PyMuPDF,0
b31862d2-6427-45a1-8139-89f73c1e39da2. DR IMS302 fdo.pdf,.pdf,0.21738624572753906,False,PyMuPDF,0
be9063d2-8423-410f-9369-f78d8d83fe8dJ01P2-4_fd.pdf,.pdf,0.2638378143310547,False,PyMuPDF,0
ac9783e6-f213-4d45-958f-826091668f35J01. Informe justificativo-219.pdf,.pdf,0.19039535522460938,False,PyMuPDF,0
7d6ba12d-cd41-4d43-8df1-890895d77718AU057 CM T 59 5 2C_V1.pdf,.pdf,0.32190608978271484,False,PyMuPDF,0
e0c87ecd-c8b4-4a11-a8dd-19645bd448903. Anexo IRVE.docx,.docx,0.3257179260253906,False,python-docx,0
1cfcdab1-d46e-4494-8903-1aa51c6c09be2. Declaración responsable fd.pdf,.pdf,0.2851896286010742,False,PyMuPDF,0
fd37350c-a469-4674-9628-c7c92d4702964. DR Técnico-2-4.pdf,.pdf,0.9507513046264648,False,PyMuPDF,0
6e645b0f-940a-4676-a9f5-e0a607c6b7b5IMS2027 justificante_registro_solicitud 10-05-2023.pdf,.pdf,1.0330944061279297,False,PyMuPDF,0
26d314b0-8748-41ea-a7e0-6d6397c924c2F3B_CEE_V2.pdf,.pdf,0.25543212890625,False,PyMuPDF,0
7904a831-465f-4b69-8b12-a50d63106a021. LRE275 CIE IRVE_sin fir.pdf,.pdf,0.21265125274658203,False,PyMuPDF,0
724b8c1d-1f02-4d68-b032-ba6c24168e273. LRE210 Anexo IRVE_sin fir.pdf,.pdf,0.5225229263305664,False,PyMuPDF,0
88f52a74-6d2f-4aad-ba69-111a87fab8a7Memoria_RSIF_VF.pdf,.pdf,0.38147640228271484,False,PyMuPDF,0
17e31d24-d094-481f-9c18-0812b027d2173. LRE393 Solicitud.pdf,.pdf,0.9991798400878906,False,PyMuPDF,0
c92cc257-e8ce-4ca8-a08b-3198a065c5944. CIE.pdf,.pdf,0.7810153961181641,False,PyMuPDF,0
a100a4b1-48e9-456e-b6a9-a9ecd15e931e1. Solicitud_coope_fase 2.pdf,.pdf,1.5740327835083008,False,PyMuPDF,0
67b52562-408e-4beb-9bf5-83bbd95ac1546. MOD. IT-315_rev_260121.pdf,.pdf,0.4646434783935547,False,PyMuPDF,0
6fca1025-e583-4fc4-a17f-e67984ee814dLRE341 justificante_registro_solicitud_07-07-2023.pdf,.pdf,1.0112876892089844,False,PyMuPDF,0
92102be6-c61f-44e2-b840-1833d10dd7ed5. LRE233 Solicitud IRVE_fdo.pdf,.pdf,0.27376747131347656,False,PyMuPDF,0
3c52a45c-283d-4194-86ad-732fd2c93951AU044 MC PN  3 1C_V1.pdf,.pdf,0.2862997055053711,False,PyMuPDF,0
2e97d238-a749-444e-b30f-7da35d0ca6c04. CIE.pdf,.pdf,0.25724315643310547,False,PyMuPDF,0
0b175811-5f85-478b-8243-ea5994b66ee68.2. Solicitud Subvención.pdf,.pdf,8.611594200134277,False,PyMuPDF,0
23adee9c-5c6f-428a-8c15-7c6aa58eb7fa2. MTD FD.pdf,.pdf,6.521846771240234,False,PyMuPDF,0
63e6b20b-e8d5-44e6-a793-4fbeaa9777edDelta B14 2A_CEE_V2_FD.pdf,.pdf,0.2863903045654297,False,PyMuPDF,0
889d8423-c2b2-4503-ad56-da47a8aa405d3. LRE078 Anexo IRVE.pdf,.pdf,1.2264909744262695,False,PyMuPDF,0
ebd8d9bc-9814-4789-b78e-8e6aca00ee69LRE207  justificante_registro_solicitud 17-04-2023.pdf,.pdf,0.28005218505859375,False,PyMuPDF,0
293e1310-993a-4c87-9a1d-0e5e37abec26justificante_registro_solicitud (8).pdf,.pdf,0.34845733642578125,False,PyMuPDF,0
6b8fe08f-e123-4704-b0fc-7977573e49592. MTD Hector.docx,.docx,0.1133718490600586,False,python-docx,0
2be0eda0-f5d5-4316-9724-1b4895d9121bIMS2051_CEE.pdf,.pdf,0.2365741729736328,False,PyMuPDF,0
1e856fd1-f540-4773-9a76-77fa81157703Delta B3 2A_CEE_V1.pdf,.pdf,0.22283554077148438,False,PyMuPDF,0
53a69d40-3bba-405f-ab36-7c5742755303AU057 CM T 59 2 1A_V2_Fd.pdf,.pdf,0.3623065948486328,False,PyMuPDF,0
4b48d614-2ce4-4e84-8f0e-abd87bb88c85J01. Informe justificativo-176.pdf,.pdf,0.1904125213623047,False,PyMuPDF,0
4d22fac9-3f69-4d5d-93e2-4681c04d04f0C2A_CEE_V1_fd.pdf,.pdf,0.30896759033203125,False,PyMuPDF,0
04eb1636-d9dd-4577-816b-2d2a5cf54f983. Anexo IRVE_fdo.pdf,.pdf,0.5938386917114258,False,PyMuPDF,0
95e0c67a-c1d9-4233-88a1-9c0d982e7ebd5.1 _CIE IRVE.pdf,.pdf,0.26192760467529297,False,PyMuPDF,0
ecc34a0c-cf43-4d49-868e-0cf983f6556c3. AU085-5 Solicitud.pdf,.pdf,0.30205535888671875,False,PyMuPDF,0
ea28fea2-6399-45ea-b77e-a2d2811428d03 C325 Solicitud.pdf,.pdf,0.9979610443115234,False,PyMuPDF,0
878edac5-2abc-4642-9389-82a4b507346dC371 CEE fd.pdf,.pdf,0.33244991302490234,False,PyMuPDF,0
0c666bcc-905b-44d8-86f6-b920fe102a111. LRE049 CIE IRVE.pdf,.pdf,0.7109766006469727,False,PyMuPDF,0
a7b60546-f00b-496d-8a31-c6dfd04e4e23J01. Informe justificativo-189.pdf,.pdf,0.19040298461914062,False,PyMuPDF,0
fcddc5ff-0b8e-47a8-8d15-30ae08ccb6ff5. LRE308 Solicitud IRVE_fdo.pdf,.pdf,0.2735748291015625,False,PyMuPDF,0
03bc1667-2b88-4f8d-b3ef-cf485d108bcf4. C267 CIE.pdf,.pdf,0.2616310119628906,False,PyMuPDF,0
0dca4ca0-aef5-4c77-881a-4749e6b67087Delta B6 3B_CEE_V2.pdf,.pdf,0.22464370727539062,False,PyMuPDF,0
ebfdee2b-0733-437f-8364-2b1acfb0e2d4B3B_CEE_V1.pdf,.pdf,0.2551584243774414,False,PyMuPDF,0
eab9f972-9591-4645-8f51-5e510f8302ec6. Tabla fds.pdf,.pdf,0.71051025390625,False,PyMuPDF,0
752e02d1-f9c0-42ee-9663-2281fc2c84d2J01. Informe justificativo-215.pdf,.pdf,0.19039535522460938,False,PyMuPDF,0
48e16667-2f3d-47d1-b4f1-8324ba1132852. MTD.pdf,.pdf,3.6319122314453125,False,PyMuPDF,0
4555f464-89a1-4c84-9378-bb6622d05b4cAU044 MC PS 17 2A_V1.pdf,.pdf,0.2862415313720703,False,PyMuPDF,0
610a14c1-8352-4d16-9f23-aea64eaff889Delta B9 2B_CEE_V2.pdf,.pdf,0.22420120239257812,False,PyMuPDF,0
d21a7729-91e3-4697-9c6e-7fc9f75a6c7a1. DR Técnico_fd.pdf,.pdf,0.2158346176147461,False,PyMuPDF,0
518e9007-ccf5-4710-97c3-67652a3a62ef1. LRE259 CIE IRVE_fdo.pdf,.pdf,0.26192474365234375,False,PyMuPDF,0
bf510b99-034a-4696-8b93-2d514a02738cAPERTURA AU084 MADRID PALOMERAS.pdf,.pdf,0.0350341796875,False,PyMuPDF,0
9ad14051-e94b-412c-8e4c-cf57061c535dJ01_LPRP4-4_fd.pdf,.pdf,0.2638406753540039,False,PyMuPDF,0
7938c58b-1de0-484a-9397-62476b4e91b81. J01 Informe justificativo_LPR03.docx,.docx,0.12171363830566406,False,python-docx,0
6cc2c7d6-574d-4e77-80c7-d6380f2f15243. Solicitud inscripción fd.pdf,.pdf,1.0059700012207031,False,PyMuPDF,0
b5a285fe-e658-477b-81cf-c2deae1fc937Delta B7 3A_CEE_V1.pdf,.pdf,0.22327041625976562,False,PyMuPDF,0
331a1e86-a3b8-4731-815d-8df40d267ff5IMS319_CEE 1º.pdf,.pdf,0.22317790985107422,False,PyMuPDF,0
95f6b670-01e0-440c-9a9e-433060d20acdJ01. Informe justificativo-210.pdf,.pdf,0.19043445587158203,False,PyMuPDF,0
c32e216b-83ba-4349-a136-23b6c3a7a7015. LRE353 Solicitud inscripción IRVE_COOP FD.pdf,.pdf,0.27458763122558594,False,PyMuPDF,0
6126db40-7a4d-40d2-9284-29353685596eE4B_CEE_V2.pdf,.pdf,0.2861957550048828,False,PyMuPDF,0
44919e91-1ba3-49b5-ae76-74027d4f92d92. Encargo de obra fd VISADO.pdf,.pdf,0.3612527847290039,False,PyMuPDF,0
7c10a55f-ed67-4a15-89fb-363c98ad1cf64. IMS317 CIE.pdf,.pdf,0.7885322570800781,False,PyMuPDF,0
e8bbb2b7-06bf-4041-9297-008c6a827a722. MTD sin firma hect.pdf,.pdf,2.224968910217285,False,PyMuPDF,0
e456c0e9-a796-4e7a-a59c-bb2e0e70209cDelta B1 3A_CEE_V2.pdf,.pdf,0.22664833068847656,False,PyMuPDF,0
e9a6e942-a41c-427b-afb2-719817991ebe3. Anexo ESQUEMA IRVE_COOP FD 1.pdf,.pdf,0.6481552124023438,False,PyMuPDF,0
80ddd224-1630-4e1f-b557-4c5da7ed019f1. Solicitud_coope_fase 2.pdf,.pdf,1.4867258071899414,False,PyMuPDF,0
96482b1c-16d1-4dfd-bd7a-ab223f8b562dAU044 MC PN  3 2D_V1.pdf,.pdf,0.2861757278442383,False,PyMuPDF,0
16ebe038-3cf7-4dd8-97fc-117187824e593. LRE212 Solicitud.pdf,.pdf,1.0220975875854492,False,PyMuPDF,0
10b4b227-0571-41e4-899c-3548dff822251. Solicitud_coope_fase 2.pdf,.pdf,1.5749406814575195,False,PyMuPDF,0
454fdb3e-8d11-41e8-8da4-3544b2e5a46e1. LRE049 CIE IRVE.pdf,.pdf,0.7109766006469727,False,PyMuPDF,0
35a25032-5a51-48de-96fe-5e7ef6a9c5651. Solicitud_coope_fase 2.pdf,.pdf,1.5751371383666992,False,PyMuPDF,0
daddb44c-205c-461c-8b21-2dc63aeed60f3. C349 Solicitud.pdf,.pdf,0.9999914169311523,False,PyMuPDF,0
f2f0c4d1-51b5-4692-bed4-d624ad87de7e3. Anexo IRVE_fdo.pdf,.pdf,0.5966100692749023,False,PyMuPDF,0
0bd2cbd0-ad12-42f3-99f4-4a26998e91baDelta B20 2B_CEE_V2.pdf,.pdf,0.22771549224853516,False,PyMuPDF,0
a98902f9-cdde-46e7-8cac-40f1df4a3db314.1 Documentación PUnto de Recarga.pdf,.pdf,8.2145414352417,False,PyMuPDF,0
15814402-a3d9-4dd0-b018-af4e819ca044Puentelarra_2doCEE_V1.pdf,.pdf,0.26596927642822266,False,PyMuPDF,0
fa633324-b4c6-455c-8a78-4ee0c534f011AU057 CM T 59 5 0C_V1.pdf,.pdf,0.32169532775878906,False,PyMuPDF,0
0b4048f1-552d-4c6e-9642-5ab35137200e4. AU071 CIE.pdf,.pdf,0.7887659072875977,False,PyMuPDF,0
adfc855d-2511-4882-8a68-a7879be4b664E2B_CEE_V2.pdf,.pdf,0.25557994842529297,False,PyMuPDF,0
9f56428b-2498-4416-a3d8-5d3b79de4eaf4. C267 CIE.pdf,.pdf,0.2616310119628906,False,PyMuPDF,0
9d331907-d41b-445a-bb55-f29c36c565b5ANEXO V RELLENO IMS337 fd.pdf,.pdf,0.33451366424560547,False,PyMuPDF,0
b119fbdb-1743-493c-8029-dda658baa384IMS315_2doCEE_V1 30_12.pdf,.pdf,0.21962928771972656,False,PyMuPDF,0
ea33b6bf-e8ae-462b-872d-b69b359481efLRE036 just_registro_25-11-24.pdf,.pdf,1.0243330001831055,False,PyMuPDF,0
aa89e6cb-ffbb-4152-8fab-aec423948b5fANEXO V RELLENO C272 v2.pdf,.pdf,0.2707843780517578,False,PyMuPDF,0
0212317c-fc62-4ea2-b5d2-15e630a74cbc4. CIE.pdf,.pdf,0.2659425735473633,False,PyMuPDF,0
b63dadfe-5b66-49a1-9033-a61df37ce970LRE410 CEE_V1_fd.pdf,.pdf,0.2841224670410156,False,PyMuPDF,0
c3956cf5-b972-4918-9fc2-53081fc6791eDelta B20 3A_CEE_V2_fd.pdf,.pdf,0.2839336395263672,False,PyMuPDF,0
bd6580a7-da29-421d-93c8-9e7a8c74e56fC334 2do CEE_V2_fd.pdf,.pdf,0.28305721282958984,False,PyMuPDF,0
6014f3ea-86f8-480d-b8d5-919e9a4131de4. CIE AU085-3 FD.pdf,.pdf,0.32122039794921875,False,PyMuPDF,0
f4d13076-3fa0-4042-9a31-671c77ab3f13LRE268 justificante_registro_solicitud 11-05-2023.pdf,.pdf,0.27840328216552734,False,PyMuPDF,0
b78c2894-cbf6-4063-ae2b-da26441306eb1. Solicitud_coope_fase 2.pdf,.pdf,1.574594497680664,False,PyMuPDF,0
2df93bae-cfd5-4905-b25e-084b7e0d2ef64. DR Tecnico H fh.pdf,.pdf,0.1931743621826172,False,PyMuPDF,0
ec86b0ab-467d-44d1-b859-df5f0e83c409justificante_registro_solicitud.pdf,.pdf,1.0222740173339844,False,PyMuPDF,0
1f960396-9597-47b4-8a36-f065917e3d1a4. CIE C346_fdo.pdf,.pdf,0.2642240524291992,False,PyMuPDF,0
8a5cd666-3b08-4640-be9f-ab4c73959c224. C320 CIE.pdf,.pdf,0.7859582901000977,False,PyMuPDF,0
268b4f88-8614-4382-94bc-5fd6b2cb092e4. DR Tecnico Hector fd.pdf,.pdf,1.1572036743164062,False,PyMuPDF,0
95c1d21f-7a30-43d9-9488-d620859aa486IMS311_CEE_V1_fd.pdf,.pdf,0.32832908630371094,False,PyMuPDF,0
5dbe0279-8815-41e1-a995-2affb5400e43AU057 CM T 59 3 0A_V1.pdf,.pdf,0.3206443786621094,False,PyMuPDF,0
1ed91085-7249-46eb-a843-371bade34a061. J01 Informe justificativo.docx,.docx,0.2144012451171875,False,python-docx,0
b805daa9-5b76-43fb-87ad-075c75d9ee4fLRE378_justificante_registro_solicitud.pdf,.pdf,0.2695035934448242,False,PyMuPDF,0
287c7e5d-2717-4dae-b317-411e8a8de145J01_LPR0500-3.pdf,.pdf,0.18535900115966797,False,PyMuPDF,0
999c5c62-81f7-41f7-affb-4f847a40574e4. IMS347 CIE.pdf,.pdf,0.7901554107666016,False,PyMuPDF,0
8159c872-ee00-42f7-add0-98bf549f0f69justificante_envio_exin_solicitud (3).pdf,.pdf,0.27116966247558594,False,PyMuPDF,0
d3429e6d-7ecc-4f9b-b828-d1b257d9be603. LRE259 Anexo IRVE_fdo.pdf,.pdf,0.5900630950927734,False,PyMuPDF,0
6620d453-c8da-4a62-a796-a92b9736b28e4. LRE258 CIE.pdf,.pdf,0.7816696166992188,False,PyMuPDF,0
d893e0c2-7334-4d71-8388-7ce2b64c03abAU044 MC PN  3 2A_V1.pdf,.pdf,0.28661632537841797,False,PyMuPDF,0
3088d067-23d5-47b9-957d-6089f4008ba07.2. Tramitación con Industria_CIE.pdf,.pdf,0.7855157852172852,False,PyMuPDF,0
973efa29-6f99-43c2-b2b1-a0fd03a99897Delta B20 3A_CEE_V1.pdf,.pdf,0.22347354888916016,False,PyMuPDF,0
5bde1237-60bd-4538-a8e6-776a7ca55117Delta B18 2B_CEE_V2.pdf,.pdf,0.22421836853027344,False,PyMuPDF,0
fee84954-42b5-413b-baa8-6323563bc5ddAU044 MC PN  3 3D_V1.pdf fd.pdf,.pdf,0.3339385986328125,False,PyMuPDF,0
0dfbfcb5-7a41-49e0-be82-f3ef6f002517E3B_CEE_V1.pdf,.pdf,0.2552528381347656,False,PyMuPDF,0
44ec1ef3-ddb7-4291-a0d3-11891f192062LIBRO SUBCONTRATACION- MADRID CENICIENTA.pdf,.pdf,0.06024169921875,False,PyMuPDF,0
b3c4bc14-b192-40f0-9125-7842e7fdbb34J01_LPR1000-1.pdf,.pdf,0.1850271224975586,False,PyMuPDF,0
b48c3701-5db2-49e3-b4ff-d7d40b9a8c96justificante_registro_solicitud (4).pdf,.pdf,0.34845638275146484,False,PyMuPDF,0
bb465697-fbd7-4a67-925b-6cb017e11e823. LRE036 Anexo IRVE.pdf,.pdf,1.1997566223144531,False,PyMuPDF,0
459fa8fd-c75e-454f-8080-433e6b9b3c68AU057 CM T 59 2 1A_V1.pdf,.pdf,0.3214540481567383,False,PyMuPDF,0
0a37ef24-999d-4822-a8ea-e9f78d5075c74. IMS2059 CIE.pdf,.pdf,0.2596282958984375,False,PyMuPDF,0
cf37dd03-5bd0-4597-be35-2af53c0f0ad48.2. Solicitud Subvención.pdf,.pdf,4.49371337890625,False,PyMuPDF,0
8a3b0405-eba4-426d-9608-b3320c302891J01. Informe justificativo-231.pdf,.pdf,0.1903982162475586,False,PyMuPDF,0
1b2c03e5-e82c-4987-a829-68946b456e11AU057 CM T 59 3 2B_V1.pdf,.pdf,0.3209095001220703,False,PyMuPDF,0
d3d4818b-02c1-46d7-8d22-e687562786e42. S4-1 DR.pdf,.pdf,0.6454524993896484,False,PyMuPDF,0
5c59f33e-61b6-434c-9fbb-b9b242c5822c4. IMS324 CIE.pdf,.pdf,0.7911863327026367,False,PyMuPDF,0
7f3558ce-00ef-44c1-8798-8c5b091ce2401. Solicitud_coope_fase 2.pdf,.pdf,1.577016830444336,False,PyMuPDF,0
7844dbbd-5bd8-4bb1-b858-50e76a6f01f1AU057 CM T 59 2 0C_V1_fd.pdf,.pdf,0.3623161315917969,False,PyMuPDF,0
8cb39447-ea47-4621-aa73-24a3c1be066e4. IMS2027 CIE.pdf,.pdf,0.7855043411254883,False,PyMuPDF,0
8c200da7-f22d-4ac2-9206-3961f9687de11. LRE235 CIE IRVE_fdo.pdf,.pdf,0.2634258270263672,False,PyMuPDF,0
7165d628-5198-4ad6-a5c7-443548ff6f294. LRE266 CIE.pdf,.pdf,0.7862949371337891,False,PyMuPDF,0
b33f47ef-c5d7-4a45-a752-e402c38e8e36LRE077 just_registro_16-12-24.pdf,.pdf,1.0204954147338867,False,PyMuPDF,0
1e334f68-65d8-4b70-843b-f8fec2a238551. CEE 1_Certificado Energético.pdf,.pdf,0.3339509963989258,False,PyMuPDF,0
feee3c6c-431b-467e-a976-6e5ef8fb1b83IMS2025 CEE 2º fd.pdf,.pdf,0.2674713134765625,False,PyMuPDF,0
7c215f46-f036-4553-be9a-07491f3af23b4. CIE_COLEC_COOPE.pdf,.pdf,0.25228404998779297,False,PyMuPDF,0
7cc8ffa7-3d76-4c6e-aa80-3fd7b9552c762. IMS2039 Declaración responsable.pdf,.pdf,0.2823066711425781,False,PyMuPDF,0
06e04b69-52a0-4815-8950-9edb4722e170J1A_CEE_V1_FD.pdf,.pdf,0.3089742660522461,False,PyMuPDF,0
ac6d320f-cc49-4c3d-acb5-74d1ee23abd83. LRE207 Anexo IRVE.docx,.docx,0.3226451873779297,False,python-docx,0
006ad753-a3fa-4bb3-9585-0a3b1bf4b145A2A_CEE_V1_fd.pdf,.pdf,0.30907535552978516,False,PyMuPDF,0
3c1126f1-1e52-4386-8574-e540f6d65fb64. LRE389 CIE.pdf,.pdf,0.7880449295043945,False,PyMuPDF,0
4d59b524-8437-4521-9378-069f1a13f5e12. Solicitud_CIE_MTD_Anexo.pdf,.pdf,1.3542871475219727,False,PyMuPDF,0
b4766946-2d6b-4779-85a7-a4f6fe94a6cb1. Solicitud_coope_fase 2.pdf,.pdf,1.5740346908569336,False,PyMuPDF,0
948f516e-bf9d-401e-bdc0-c85378be32d6Delta B7 3A_CEE_V2.pdf,.pdf,0.22362899780273438,False,PyMuPDF,0
871a55d3-989e-490a-884b-2344c903b687Delta B18 2A_CEE_V1_fd.pdf,.pdf,0.2804584503173828,False,PyMuPDF,0
18abc41f-ef30-4506-9cf1-59dfb849b0e0Delta B3 3B_CEE_V3_fd.pdf,.pdf,0.28185367584228516,False,PyMuPDF,0
2bd562cb-aa36-4acb-88aa-7df7555c40cfAU044 MC PN  3 2D_V2.pdf,.pdf,0.28599071502685547,False,PyMuPDF,0
986d90b5-996a-4078-8e45-c5235bbfec221. CIE fd ultimo.pdf,.pdf,0.31467437744140625,False,PyMuPDF,0
7c7a0532-5314-4025-aabd-6f5a903906c74. C321 CIE.pdf,.pdf,0.7845020294189453,False,PyMuPDF,0
a61740a9-48b4-4ef4-93a1-3f953c799b8e2. IMS2059 Declaración responsable.pdf,.pdf,0.2868919372558594,False,PyMuPDF,0
79806ae2-6914-4231-8bef-f18d2adb326dALRE015 Juts registro_18-06-2024.pdf,.pdf,0.944096565246582,False,PyMuPDF,0
c49c992f-2caf-40ef-bff9-9e1903e34e58J01. Informe justificativo-245.pdf,.pdf,0.19043540954589844,False,PyMuPDF,0
70882880-0be1-4ee0-b0b1-1ee1803c3505AU057 CM T 59 C1 2C_V1_Fd2.pdf,.pdf,0.36245250701904297,False,PyMuPDF,0
10e61ad7-cae6-4888-9ca7-a97cccb9b8224. LRE400 CIE.pdf,.pdf,0.7864961624145508,False,PyMuPDF,0
3f44d647-3f76-4c88-883a-b970844567325. LR235 Solicitud IRVE_fdo.pdf,.pdf,0.2737274169921875,False,PyMuPDF,0
92867482-7bdd-44da-8a93-1183b9a9f441J01. Informe justificativo-221.pdf,.pdf,0.19039535522460938,False,PyMuPDF,0
c6bda8c4-5e4d-465e-a88b-ee1d5069a3eb6.3 CIE.pdf,.pdf,0.32122039794921875,False,PyMuPDF,0
2c95f52f-be62-48ab-874b-70d090cba9091. LRE256 CIE IRVE_fdo.pdf,.pdf,0.26146697998046875,False,PyMuPDF,0
0387a776-7a9e-41dc-8a2c-11fcd90003de1. LRE006 CIE IRVE.pdf,.pdf,0.7869119644165039,False,PyMuPDF,0
ee68df5a-de60-4926-936a-ca781f6041981. CIE IRVE_fdo.pdf,.pdf,0.26108360290527344,False,PyMuPDF,0
31341285-70b5-4bbf-8d24-57cfd11ba192AU044 17 3B_CEE2 FD.pdf,.pdf,0.33400440216064453,False,PyMuPDF,0
00cf1efa-fd4c-4832-af6c-3548c0827982AU057 CM T 59 2 1A_V1.pdf,.pdf,0.32145118713378906,False,PyMuPDF,0
29032350-e11c-4cbe-bd68-a98963ce3947LRE344 justificante_registro_solicitud_18-09-2023.pdf,.pdf,1.0187911987304688,False,PyMuPDF,0
c0db4343-4172-4994-b3c3-804d1d7d76a02. C360 DR.pdf,.pdf,0.14154052734375,False,PyMuPDF,0
849fb7c9-cdb0-4189-bf10-5b3fbbec454d1. Solicitud_coope_fase 2.pdf,.pdf,1.5749006271362305,False,PyMuPDF,0
e05a3811-4228-4ddb-b9b1-84e6e26293ebIMS318_CEE_V2_fd.pdf,.pdf,0.2919960021972656,False,PyMuPDF,0
e45d9b2c-84ef-48bf-b1fc-138fbe29287fJ01. Informe justificativo-155.pdf,.pdf,0.19038105010986328,False,PyMuPDF,0
cd7cdd63-c00d-4092-8c57-aaa9d3fdf2213. C311 Solicitud inscripción.pdf,.pdf,0.9917831420898438,False,PyMuPDF,0
53aeb19b-cb20-404d-afcd-c67d34927ae3LRE029 jus_registro_22-11-24.pdf,.pdf,1.019632339477539,False,PyMuPDF,0
6f6c7575-3e99-47c7-b914-5f573a0512604. CIE AU085-5 fd.pdf,.pdf,0.3045644760131836,False,PyMuPDF,0
2940e016-5448-4477-9e07-802c0a9bf646J01. Informe new. LRE fd2 Coop.pdf,.pdf,2.8512372970581055,False,PyMuPDF,0
4ace181d-92c4-43de-b756-e3eec01878e2LRE012 just_registro_13-11-24.pdf,.pdf,1.0240001678466797,False,PyMuPDF,0
aa5374b6-46dd-4c59-b59b-0ff1644d5a92APERTURA A044 MAJADAHONDA CAMOCHA.pdf,.pdf,0.034186363220214844,False,PyMuPDF,0
439f2097-b5eb-4653-9e3f-e2c84fffc2893. LRE275 Anexo IRVE_fdo.pdf,.pdf,0.588343620300293,False,PyMuPDF,0
5442ee6a-bb37-4c1b-976b-3e7e056bbfbf3. AU085-8 Solicitud fd.pdf,.pdf,0.3535327911376953,False,PyMuPDF,0
a91e9450-3a0e-4231-b54f-b60b2e4708f1LRE256 just_registro.pdf,.pdf,0.2705411911010742,False,PyMuPDF,0
4f01b047-3978-4ef3-99b5-482ef22670681. Solicitud_coope_fase 2.pdf,.pdf,1.4877805709838867,False,PyMuPDF,0
b7038f4c-b89e-4115-bfb3-efb9d488e62bLIBRO SUBCONTRATACION-PRES.pdf,.pdf,0.08228111267089844,False,PyMuPDF,0
2f1b97bc-167f-44ad-967f-c0abd77ff9b63. C321 Anexo ESQUEMA_IRVE.pdf,.pdf,1.221623420715332,False,PyMuPDF,0
148eab93-b6c0-477c-83f8-2ed83ed072326.6 CIE.pdf,.pdf,0.30646705627441406,False,PyMuPDF,0
060e24a6-eded-43fb-829b-4b99b5a8fbf3A1A_CEE_V2.pdf,.pdf,0.2557382583618164,False,PyMuPDF,0
5cf11245-6ce3-474d-805c-f5e8a228b2feLRE355 justificante_registro_solicitud_09-10-2023.pdf,.pdf,1.019491195678711,False,PyMuPDF,0
d68c29eb-a87a-40a7-956d-007f3378e0c14. CIE HISPALED corregido.xlsx,.xlsx,0.03713417053222656,False,openpyxl,0
5157db79-1bfc-40eb-ba33-ff612cd7ec0f3. Reparto y c_unitario_fd.pdf,.pdf,0.9324493408203125,False,PyMuPDF,0
7ec76ab9-77f7-43f4-86b3-6f264e95c6c2LRE075 Just_registro_02-12-24.pdf,.pdf,1.0208253860473633,False,PyMuPDF,0
01be4a4c-fa0e-476a-8f6b-edfe5f02dfb9J01. Informe justificativo-235.pdf,.pdf,0.1903972625732422,False,PyMuPDF,0
896ee1c3-e90f-44aa-b5b7-6d6e88e06b254. CIE AU085-6.pdf,.pdf,0.2596912384033203,False,PyMuPDF,0
4b81b8e8-107f-412c-abf2-3896706ac20b1. CIE IRVE.pdf,.pdf,0.21576404571533203,False,PyMuPDF,0
3389e1b3-c487-43ee-9cdc-aa0d845fa8c33. LRE331 Anexo ESQUEMA_IRVE.pdf,.pdf,1.2565240859985352,False,PyMuPDF,0
44768445-4572-4752-ae15-63f984ca96fd4. LRE229 CIE.pdf,.pdf,0.785435676574707,False,PyMuPDF,0
2a81f621-aa6d-41c2-b00f-804ca8c107c9justificante_registro_solicitud (23).pdf,.pdf,0.2712135314941406,False,PyMuPDF,0
8f3330bb-ae26-499c-a682-e1b61f1de3cc2. LRE389  Declaracion responsable.pdf,.pdf,0.25641441345214844,False,PyMuPDF,0
17477123-90fd-45da-8680-5503ad88a7e43. Solicitud inscripción fdo.pdf,.pdf,0.9875211715698242,False,PyMuPDF,0
5b6e1bd1-dd0d-4015-b9fd-75960754a15b1. Solicitud_coope_fase 2.pdf,.pdf,1.575119972229004,False,PyMuPDF,0
903740cd-c5b5-4209-9823-921008ccb5e41. Solicitud_coope_fase 2.pdf,.pdf,1.5748271942138672,False,PyMuPDF,0
d7c1dc19-4ed7-4d12-845d-f9d785e8d61bIMS356 CEE_V1.pdf,.pdf,0.3237295150756836,False,PyMuPDF,0
4a9a29fe-1a2b-43fc-9799-8c4434b2c38a4. LRE370 CIE.pdf,.pdf,0.7860240936279297,False,PyMuPDF,0
d15b42ae-8677-4512-90b5-01b9054dcae42. AU068 DR_sinfirma.pdf,.pdf,0.4755105972290039,False,PyMuPDF,0
9320a9be-e142-46be-b6b5-78ad424773efHector_autorización visita técnica.docx,.docx,0.025531768798828125,False,python-docx,0
a32fae3d-0d06-416e-92f1-be6ca7e2aca3Registro.pdf,.pdf,0.33391666412353516,False,PyMuPDF,0
0672b6c3-b457-4522-8863-8236e82fd64dLRE306 justificante_registro_solicitud 02-06-2023.pdf,.pdf,1.0155792236328125,False,PyMuPDF,0
581d8dd5-a388-4458-9b4c-7249fa2fa7754. DR Técnico-2-4.pdf,.pdf,0.9694719314575195,False,PyMuPDF,0
4a90bf0d-810b-465b-8d2a-8048e3565a60justificante_registro_solicitud (20).pdf,.pdf,0.35125255584716797,False,PyMuPDF,0
8bc6b667-e0fa-4d86-a11f-33daa1c51f484. CIE fd.pdf,.pdf,0.7853422164916992,False,PyMuPDF,0
31620354-9747-47b9-b1ff-284a63f24791J01. Informe Coop fdo.pdf,.pdf,3.1143760681152344,False,PyMuPDF,0
edfc3fef-b1c1-494b-82ae-aafe30b373c6Delta B9 3B_CEE_V2.pdf,.pdf,0.22411537170410156,False,PyMuPDF,0
eea8f23b-0650-4087-965b-a9948626602fH1A_CEE_V1_fd.pdf,.pdf,0.3089151382446289,False,PyMuPDF,0
3bb69122-3843-442a-a3a5-1eefcf79d1c1Delta B17 3A_CEE_V2.pdf,.pdf,0.22113513946533203,False,PyMuPDF,0
4dd14c24-85ce-4680-9d4d-39a4588f57f04. IMS2039 CIE.pdf,.pdf,0.786433219909668,False,PyMuPDF,0
8196e599-72fe-4fe6-88af-fd4e4f9a2d015.1.  CIE.pdf,.pdf,0.7846136093139648,False,PyMuPDF,0
357ac9a9-9a97-48d1-a3f9-0d75e04b366f4. CIE_old.pdf,.pdf,0.2131814956665039,False,PyMuPDF,0
10868bc3-93f2-436e-afae-89d347a2e63fIMS122 just_registro_12-12-24.pdf,.pdf,1.0278558731079102,False,PyMuPDF,0
daf5a48f-df7d-4225-9321-2e9f058b04faIMS303_CEE_V1.pdf,.pdf,0.22608184814453125,False,PyMuPDF,0
49942e78-1e26-4348-b0c5-7020325363804.2. Memoria Técnica.pdf,.pdf,7.699082374572754,False,PyMuPDF,0
d1f999e7-a597-4bef-9ebe-1b0cbfa54b28LRE236 justificante_registro_solicitud 16-05-2023.pdf,.pdf,0.27285289764404297,False,PyMuPDF,0
53350e99-4160-4ef7-9f2d-84c0858da6441. LRE341 CIE.xlsx,.xlsx,0.043221473693847656,False,openpyxl,0
23112910-e858-4a1a-b782-37388496fd0e1_compressed.pdf.pdf,.pdf,2.241178512573242,False,PyMuPDF,0
e1024a3f-ba4e-4adc-b75d-3d669bb11b02AU057 CM T 59 4 0C_V1.pdf,.pdf,0.32161808013916016,False,PyMuPDF,0
9618edb0-47ce-40f8-8e6a-c481025b1df3apertura-LA PABLO 1-PRESENTADA .pdf,.pdf,1.438145637512207,False,PyMuPDF,0
777fba0f-8a63-4802-ad2f-21c13551af3fDelta B6 3A_CEE_V2_fd.pdf,.pdf,0.28484058380126953,False,PyMuPDF,0
c4b99f73-ff2d-4bef-827a-dd09cae6d0ffJ01. Informe justificativo-173.pdf,.pdf,0.19040393829345703,False,PyMuPDF,0
3a43ec8d-6d52-4c5f-8d30-852f12fda37bJ01. Informe justificativo-173.pdf,.pdf,0.19040393829345703,False,PyMuPDF,0
c13b9d56-70ca-4012-a794-f1df9310e73d1. Solicitud_coope_fase 2.pdf,.pdf,1.57366943359375,False,PyMuPDF,0
514b2f2e-db37-4365-8a18-de7edbe6a56eLIBRO SUBC- AU068 MADRID ANDORRA.pdf,.pdf,0.08202934265136719,False,PyMuPDF,0
658f39b4-c7fd-43a5-96ac-44f2e805f3741er CEE AER008.pdf,.pdf,0.26647472381591797,False,PyMuPDF,0
f5aadd2d-dbbf-4f30-b2b4-6ca3cfaa7a1aLRE229 justificante_registro_solicitud 17-05-2023.pdf,.pdf,1.022782325744629,False,PyMuPDF,0
ebf7f928-2172-4205-8393-151d507f2f0dAU044 MC PS 17 3C_CEE2.pdf,.pdf,0.2866697311401367,False,PyMuPDF,0
4180a584-dfbe-4b0d-b66a-90cb627a2c315. Solicitud IRVE_fdo.pdf,.pdf,0.27530765533447266,False,PyMuPDF,0
9c89853c-22cb-466e-8f23-241fd0077f9c1. Solicitud_coope_fase 2.pdf,.pdf,1.5751943588256836,False,PyMuPDF,0
ae3c3d15-ad89-451a-a464-a293560e2e1cJ01. Informe justificativo-225.pdf,.pdf,0.19040679931640625,False,PyMuPDF,0
cca52718-5404-4219-a5bb-ecdf3d27a133AU057 CM T 59 3 0F_V2_Fd.pdf,.pdf,0.3618927001953125,False,PyMuPDF,0
c2538390-440d-413f-82d0-a931ba493d583. LRE207 Anexo IRVE.pdf,.pdf,0.5135383605957031,False,PyMuPDF,0
05edc437-a191-4ea0-a4d7-1ce5e62eaea8C348 just_registro_02-10-2024.pdf,.pdf,1.0196819305419922,False,PyMuPDF,0
556d69e0-3e20-4500-9b57-3f3e8ccb3198J01. Informe justificativo-211.pdf,.pdf,0.19042587280273438,False,PyMuPDF,0
4f2d00d5-cba8-483c-98bd-b2cc54789fb44. IMS311 CIE.pdf,.pdf,0.7823114395141602,False,PyMuPDF,0
2d5d972f-dbe2-46ad-bd4d-f8baadb67c542. MTD Hector.docx,.docx,0.11294937133789062,False,python-docx,0
0afa1fb1-0f3d-417e-b339-97e2f6a6b27614. CFO.pdf,.pdf,0.032382965087890625,False,PyMuPDF,0
f1a8a084-429e-4849-9ee4-e11868a103ef3. IMS307 Solicitud.pdf,.pdf,1.0006704330444336,False,PyMuPDF,0
89697cf0-d87c-4f02-9f3d-a6d234ea6ee54. DR Técnico fd.pdf,.pdf,1.1800317764282227,False,PyMuPDF,0
3eae880c-32c2-41bb-b29f-a70b3c03988e2. MTD Hector.pdf,.pdf,0.37227916717529297,False,PyMuPDF,0
90f6404b-7969-4673-be66-a2584c0b225f6.4 CIE.pdf,.pdf,0.23244190216064453,False,PyMuPDF,0
7a981a45-3bc1-4dbb-b0f1-2033fc3bab01J4C_CEE_V1_fd.pdf,.pdf,0.30919647216796875,False,PyMuPDF,0
40aa4d7a-56ba-4cbe-bb49-199401df43fc6. ALRE009 MOD IT315.pdf,.pdf,3.546450614929199,False,PyMuPDF,0
f7ca8833-8e45-4597-814a-319f362582812. LRE393 DR_Fdo.pdf,.pdf,0.5799322128295898,False,PyMuPDF,0
60258013-0ca3-4262-ad90-405361d320773. AU085 FD.pdf-SELLADO.pdf,.pdf,0.24881553649902344,False,PyMuPDF,0
fca41bff-2e05-4a96-9363-0b01a83329a15. LRE019 Solicitud IRVE.pdf,.pdf,0.9988946914672852,False,PyMuPDF,0
43a7ac4f-79ca-4bd8-98fc-347d1fa4881c4. IMS333 CIE.pdf,.pdf,0.7874536514282227,False,PyMuPDF,0
38cf15c1-8c13-400f-aba8-5a682915a276J01_LPR0500-1.pdf,.pdf,0.28841209411621094,False,PyMuPDF,0
9b330870-a500-4ef6-82bf-df759b1b26ccJ01. Informe justificativo-151.pdf,.pdf,0.19043922424316406,False,PyMuPDF,0
5fcdb5c0-3359-4c79-82fc-c9557df664554. DR Tecnico.pdf,.pdf,1.1757278442382812,False,PyMuPDF,0
ac2d6a28-8e78-4543-b726-0ae0d4666c5d240821 - Presentación doc.pdf,.pdf,1.117213249206543,False,PyMuPDF,0
ac2abfd9-aa6f-45c3-b4d8-b6c948fac0ecLRE225 Just_registro_IRVE_23-02-2024.pdf,.pdf,1.020589828491211,False,PyMuPDF,0
71ca6f1c-ce0a-43d4-85c5-72a323b541371. LRE029 CIE IRVE.pdf,.pdf,0.7851123809814453,False,PyMuPDF,0
52674269-0ece-4118-b29f-ac8a16a595763. LRE080 Anexo IRVE.pdf,.pdf,1.2254638671875,False,PyMuPDF,0
b68d40a7-ece9-4fde-8da5-e9e8900d2e8c2. LRE266 Declaracion responsable.pdf,.pdf,0.25365638732910156,False,PyMuPDF,0
350c4730-0671-4daa-a5e7-4eb8e3416b821. Solicitud_coope_fase 2.pdf,.pdf,1.574594497680664,False,PyMuPDF,0
c6120914-65ad-4a86-a3e7-c8026c2eabee3. Solicitud inscripción fd.pdf,.pdf,1.0047597885131836,False,PyMuPDF,0
ff4928c6-b4de-44cd-8770-4a3a5f89db8eDelta B1 3A_CEE_V1.pdf,.pdf,0.22624778747558594,False,PyMuPDF,0
20902d21-f7e3-41a6-915b-a659a6a48fb56. ALRE016 MODIT315_Fdo.pdf,.pdf,3.634510040283203,False,PyMuPDF,0
3aae973d-9908-45a5-b220-5202c2e1d726AU057 CM T 59 4 1B_V2_Fd.pdf,.pdf,0.36227989196777344,False,PyMuPDF,0
d24e1f30-19a0-4a76-91fe-57e06a0a348d1. LRE039 CIE IRVE.pdf,.pdf,0.7878360748291016,False,PyMuPDF,0
f8bc9553-ccc7-441a-942a-949832c6429f3. LRE389 Solicitud de inscripción.pdf,.pdf,1.0054712295532227,False,PyMuPDF,0
17dd8519-0fef-49ae-9116-308147ca87bc3. Anexo VII Informe justi.DOCX,.docx,0.3108501434326172,False,python-docx,0
3fcd5ec0-eba6-4a04-b8a2-5b2f41e411ec3. AU071 Solicitud.pdf,.pdf,1.0025310516357422,False,PyMuPDF,0
40f9fc91-f2eb-47d0-b69c-810f916f78b0justificante_registro_solicitud (2).pdf,.pdf,0.2716503143310547,False,PyMuPDF,0
ef2efcb0-b1c6-41e2-a465-8e09b9768facDelta B20 3B_CEE_V2.pdf,.pdf,0.22791004180908203,False,PyMuPDF,0
d2be8b19-63f5-4748-bc88-7757ba9b9a1cIMS122 just_registro_12-12-24.pdf,.pdf,1.0278558731079102,False,PyMuPDF,0
2a72354e-e543-4f68-a414-fff7eb4cc53f2. Declaración responsable fd.pdf,.pdf,0.2871112823486328,False,PyMuPDF,0
6ecfb047-1adc-4a1b-9b00-01fc2523301bJ01. Informe justificativo-185.pdf,.pdf,0.19040679931640625,False,PyMuPDF,0
6f2b848a-dd6e-4709-9079-0e83ffcd60c81. Certificado de estructura fd2.pdf,.pdf,0.1649799346923828,False,PyMuPDF,0
50bc84b7-185e-4fc3-a3d3-d0738cd905332. S4-2 DR.pdf,.pdf,0.6454830169677734,False,PyMuPDF,0
d90c8400-f541-4893-a3d1-c6de97e35fb71. CEE 1_Certificado Energéti.pdf,.pdf,0.33396053314208984,False,PyMuPDF,0
da077dcb-b83f-4415-8711-0b2cd8fce562IMS2025 CEE 2º.pdf,.pdf,0.20334243774414062,False,PyMuPDF,0
bf98664f-9847-4330-a6c6-ab8fde238b115. LRE387 Solicitud IRVE.pdf,.pdf,0.9987058639526367,False,PyMuPDF,0
a338b8bb-4e8b-4cd1-b81c-8cd33db6d2a5AU057 CM T 59 5 2B_V1.pdf,.pdf,0.3208284378051758,False,PyMuPDF,0
25342aff-95c3-41ac-a64a-fac1a95b986e4. CIE AU085-3.pdf,.pdf,0.26212215423583984,False,PyMuPDF,0
0bf43a2c-a47c-4818-b5eb-3daef4d7f9c9A5B_CEE_V2.pdf,.pdf,0.2557401657104492,False,PyMuPDF,0
03f432bc-b1f1-4143-9497-54f802314d583. C334 Solicitud.pdf,.pdf,0.9923286437988281,False,PyMuPDF,0
33cfd8ce-a379-4af4-be6a-c15952612bf7Anexo ESQUEMA IRVE Infraestr Veh Eléctr_naturzone.docx,.docx,0.32865047454833984,False,python-docx,0
8ee0c965-2834-4008-94c0-9106ab0c211eANEXO V RELLENO DATOS COOP OLEADA.pdf,.pdf,0.27052974700927734,False,PyMuPDF,0
447bf1c2-ffcc-4664-a66f-84935a48b6c9J01. Informe justificativo-236.pdf,.pdf,0.19040489196777344,False,PyMuPDF,0
55be57ca-eddc-428e-9e9d-eb2eca662c76J01_LPR0800-3.pdf,.pdf,0.28789234161376953,False,PyMuPDF,0
9479c489-4b23-441b-9b7e-057cb156638fDelta B6 1A_CEE_V2.pdf,.pdf,0.22512245178222656,False,PyMuPDF,0
b70494f5-e4e2-4ce4-9965-75a10c25d9e11. Solicitud_coope_fase 2.pdf,.pdf,1.5751914978027344,False,PyMuPDF,0
b9c6b9e4-a79e-4a93-8fe0-ec4e9347412e3. A026 Solicitud.pdf,.pdf,1.0019750595092773,False,PyMuPDF,0
f42b8017-77ed-46ca-b5ef-319a7fd197f4Salarios 0.2.pdf,.pdf,0.5771141052246094,False,PyMuPDF,0
b750b444-f221-44a9-8f07-2f0ec63ef7443. Anexo IRVE.pdf,.pdf,0.5115909576416016,False,PyMuPDF,0
dbf27862-3c88-4ea7-bcc6-c1bfaaa6bfe82. ALRE005 MOD. IT-318.pdf,.pdf,0.5780773162841797,False,PyMuPDF,0
e3145fc1-a073-4f8f-bd7b-7af7353ad0f6Delta B6 1A_CEE_V2_fd.pdf,.pdf,0.28488922119140625,False,PyMuPDF,0
57c02930-7893-4b7b-ae2a-a5b6de2809773. LRE013 Anexo IRVE.docx,.docx,0.3220205307006836,False,python-docx,0
4ac5bf61-9a1d-4bb9-9651-1172f21feffdDECLARACIÓN cove IRVE IMS122 fdo.pdf,.pdf,3.4096784591674805,False,PyMuPDF,0
0dca60b9-5317-4465-a0f6-ce099fed5bc3C325 Just_registro_04-12-23.pdf,.pdf,1.0174455642700195,False,PyMuPDF,0
bd0f5768-68d6-4d2f-ba6b-77f9076d51dd3. Anexo IRVE.docx,.docx,0.32177066802978516,False,python-docx,0
387a670e-493a-4f68-9602-010e0990363f7.2. Tramitación con Industria_CIE.pdf,.pdf,0.7854518890380859,False,PyMuPDF,0
a4c236d3-a4aa-487a-9f3f-a3c4ba55f6293. Anexo IRVE.docx,.docx,0.33512401580810547,False,python-docx,0
40c32c67-f594-4467-9de5-014c5ca3cbb22. MTD Hector.docx,.docx,0.11319160461425781,False,python-docx,0
a4e3f553-af83-4043-86ad-5f896a0711601. LRE353 CIE.xlsx,.xlsx,0.042873382568359375,False,openpyxl,0
bae73d6b-9de0-4b9a-a457-e8fae19a2ad71. Solicitud_coope_fase 2.pdf,.pdf,1.5740432739257812,False,PyMuPDF,0
52fe9553-e2b5-44a8-96be-051f3a8b4ff24. C311 CIE.pdf,.pdf,0.7875328063964844,False,PyMuPDF,0
95cec225-ff38-47c2-bc4f-03a0ca211eff1. Solicitud_coope_fase 2.pdf,.pdf,1.5672998428344727,False,PyMuPDF,0
91e52508-802f-437c-98be-199e6314989dIMS311_2doCEE_V1.pdf,.pdf,0.2798442840576172,False,PyMuPDF,0
ae34424b-e7bd-4c35-820d-c34d2b9745b02. LRE355 Declaracion responsable.pdf,.pdf,0.8183794021606445,False,PyMuPDF,0
7c96beb4-4da6-47db-b227-36af083f94706. Tabla fd.pdf,.pdf,0.1717357635498047,False,PyMuPDF,0
36c5d68c-c8b7-4c8f-8df4-005be7821a63LRE258 justificante_registro_solicitud 03-05-2023.pdf,.pdf,1.0251989364624023,False,PyMuPDF,0
67e94c0c-d8ce-4f8e-a837-baa22d3a1bd77.2. Tramitación con Industria_CIE.pdf,.pdf,0.7902278900146484,False,PyMuPDF,0
e99c4abe-12fa-41f3-b72b-85e998e5cc30A3B_CEE_V1.pdf,.pdf,0.25522327423095703,False,PyMuPDF,0
a444302d-9507-4c6c-88ab-a06d6c6a217f2. ALRE002 MOD.IT-318.pdf,.pdf,0.5657272338867188,False,PyMuPDF,0
09a90855-4831-41d3-8a65-69a14f45834a4. IMS302 CIE.pdf,.pdf,0.7880344390869141,False,PyMuPDF,0
01956571-9ca5-44b6-a79c-495452e96e2d3. C190 Anexo ESQUEMA_IRVE.docx,.docx,0.3423881530761719,False,python-docx,0
7c8b37a7-b1d2-43a2-89a2-7d3008857159Delta B18 2A_CEE_V2_fd.pdf,.pdf,0.28078556060791016,False,PyMuPDF,0
49933326-34f9-4317-8b69-7898640ee347J01. Informe justificativo-168.pdf,.pdf,0.19044113159179688,False,PyMuPDF,0
5120b2b4-719c-48f3-bd3d-51632accc5caIMS318_CEE_fd.pdf,.pdf,0.291412353515625,False,PyMuPDF,0
1666b1e9-53f9-4479-a43c-659bbf3d17d11. CIE IRVE_pdte firma NEW.pdf,.pdf,0.21311378479003906,False,PyMuPDF,0
db677af4-a42b-4daa-a0bd-91946aaaff203. C321 Anexo ESQUEMA_IRVE.docx,.docx,0.3476095199584961,False,python-docx,0
964ad144-a2d9-494a-af3a-9b07ea3d03c24. CIE AU085-7 FD.pdf,.pdf,0.30613231658935547,False,PyMuPDF,0
f63ed8a4-a7c5-4880-89cc-700cbbc85d3fJ01_LPR0600.docx,.docx,0.1363048553466797,False,python-docx,0
9c3372c0-4fa0-4106-9b8c-cc35ffade57e3. AU085-7 Solicitud.pdf,.pdf,0.3535022735595703,False,PyMuPDF,0
fbc7077f-2a7d-4a99-9cd4-75e375195b8f2. Declaración responsable.pdf,.pdf,0.28985595703125,False,PyMuPDF,0
1096a18c-333d-4f40-a70f-f3a2acb90e1fJ01_LPR-2_fd.pdf,.pdf,0.26405906677246094,False,PyMuPDF,0
a73d42d0-ba58-411b-b066-82d9138ea31f4. CIE AU085-8 fd BTNI-421613.10 25.pdf,.pdf,0.23202228546142578,False,PyMuPDF,0
d439ae27-9d81-4624-9629-8c16c61f713a5. LRE004 Solicitud IRVE.pdf,.pdf,1.0011625289916992,False,PyMuPDF,0
47caa4de-110b-417b-ba22-55de3f93261eAU057 CM T 59 2 0C_V1.pdf,.pdf,0.32196044921875,False,PyMuPDF,0
2531dd88-0d1a-4122-aa2f-4d806165fb5d5. A055 Solicitud IRVE.pdf,.pdf,0.2732086181640625,False,PyMuPDF,0
398cb259-bdde-4a36-9429-4ce0d919c9631. LRE353 CIE.pdf,.pdf,0.21726608276367188,False,PyMuPDF,0
c6970f89-795a-4a6f-83a1-f15c510861671. C321 CIE_IRVE.pdf,.pdf,0.7826175689697266,False,PyMuPDF,0
8c17a951-f4c0-4892-81bd-2b1b7705818e2. MTD.pdf,.pdf,5.515079498291016,False,PyMuPDF,0
6afe0d80-8623-4345-a4d7-2086597c154b1. Solicitud_coope_fase 2.pdf,.pdf,1.5740585327148438,False,PyMuPDF,0
6e011637-ad33-4cb9-aa6c-8431761b4f09Borrador_Anexo V.docx,.docx,0.36259937286376953,False,python-docx,0
b09a3978-a0c4-4984-81b8-738333ac665d4. LRE234 CIE.pdf,.pdf,0.7857732772827148,False,PyMuPDF,0
d2dda83e-3867-425d-a510-5ba2730f49254. LRE404 CIE.pdf,.pdf,0.7886714935302734,False,PyMuPDF,0
5632174b-c53f-451b-9b27-f59c19f0854bLRE307 justificante_registro_solicitud_16-06-2023.pdf,.pdf,1.0111827850341797,False,PyMuPDF,0
3e10f4e1-fd32-48e6-a3c0-0988458d04144. DR Tecnico Hector.pdf,.pdf,0.09097766876220703,False,PyMuPDF,0
df6da1f8-3b54-4eb4-893c-8a9cf506809d4. CIE AU085-8 fd  BTNI-421613.10 25.pdf,.pdf,0.23202228546142578,False,PyMuPDF,0
665b4175-8a39-40a7-a938-3f3879f03ca3AU057 CM T 59 6 1E_V2.pdf,.pdf,0.32074737548828125,False,PyMuPDF,0
dd1cca7e-4099-4ff0-9f4e-1777b6b7a0b2J01. Informe justificativo-152.pdf,.pdf,0.1904888153076172,False,PyMuPDF,0
c0245659-9531-4a2f-b711-e07d8d54dbfa1. Solicitud_coope_fase 2.pdf,.pdf,1.5745067596435547,False,PyMuPDF,0
6d6f9875-2361-4de8-b77a-6bf884fe1c011. Solicitud_coope_fase 2.pdf,.pdf,1.574019432067871,False,PyMuPDF,0
51fbfe2e-ad10-48ba-9a7e-7e078640661c1. Solicitud_coope_fase 2.pdf,.pdf,1.5745506286621094,False,PyMuPDF,0
810d109f-b705-4fee-aaf7-f18f4cdc573b3. LRE004 Anexo IRVE.pdf,.pdf,1.2226171493530273,False,PyMuPDF,0
ac89fadd-19f4-4af6-9764-3e3a493952beAU044 MC PS 17 3D_V2.pdf,.pdf,0.33396053314208984,False,PyMuPDF,0
243398aa-9de2-4fab-8cc0-7623aa528bc8J01. Informe justificativo-194.pdf,.pdf,0.19040679931640625,False,PyMuPDF,0
b0534e66-8198-46f2-b30c-e6cb7254b1b14. LRE300 CIE.pdf,.pdf,0.7824869155883789,False,PyMuPDF,0
20abc68a-5bf8-4846-9694-b8b9e2318b605. LRE029 Solicitud IRVE.pdf,.pdf,0.999237060546875,False,PyMuPDF,0
6c115061-a97f-441e-ad9c-46e7b2d688835. Solicitud IRVE_fdo.pdf,.pdf,0.2732353210449219,False,PyMuPDF,0
aafe3efc-0430-4c0f-bfed-9db6dc21f2056.3 CIE.pdf,.pdf,0.32122039794921875,False,PyMuPDF,0
5bd3ac30-08b4-4415-97c6-b24a510f9275IMS2041 Anexo V Declaración responsable sobre porcentaje de energía consumida F.pdf,.pdf,0.3365650177001953,False,PyMuPDF,0
4185a995-b155-4a41-81a0-dd209dc8603bCertificado REA 1.pdf,.pdf,0.1274862289428711,False,PyMuPDF,0
a4f56b5a-e885-4fb8-84cf-32b8e97de7c43. LRE308 Anexo IRVE_fdo.pdf,.pdf,0.5828800201416016,False,PyMuPDF,0
ac129885-8207-4b25-bb4d-2aa17e80759ajustificante_registro_solicitud (15).pdf,.pdf,0.2702779769897461,False,PyMuPDF,0
c4414cfd-d2ba-4e33-8071-98f9da9fe3beLIBRO SUBC  AU044 MAJADAHONDA CAMOCHA.pdf,.pdf,0.02396869659423828,False,PyMuPDF,0
6f77ed94-11cd-48f2-b4ac-ee413e09027eANEXO V RELLENO.docx,.docx,0.3011503219604492,False,python-docx,0
95fec033-79a0-4f03-8110-a048393e2ff1AU057 CM T 59 5 0C_V1_fd.pdf,.pdf,0.3622398376464844,False,PyMuPDF,0
736a7fb6-9708-4200-a70b-78d9a61d516a8.2. Solicitud Subvención.pdf,.pdf,3.79547119140625,False,PyMuPDF,0
da7f3264-9a37-4691-aed4-4af4a7099f641. LRE091 Solicitud_coope_fase 2.pdf,.pdf,1.7252349853515625,False,PyMuPDF,0
68ac52ad-c5c8-42df-b4e8-a27c7c7a6322J01. Informe justificativo-204.pdf,.pdf,0.1903705596923828,False,PyMuPDF,0
b7f3fc1d-12b3-48d0-91dd-aec880afaff5_ este.pdf,.pdf,0.25510120391845703,False,PyMuPDF,0
a2073843-bc73-4a0b-95e0-7a19fe00e018Delta B19 2A_CEE_V2_fd.pdf,.pdf,0.28626155853271484,False,PyMuPDF,0
761a13f0-c411-4b1a-b398-b419519154a8NO Certificado de aptitud médica vigente 2023 Coop.pdf,.pdf,0.30854034423828125,False,PyMuPDF,0
a3ac1b58-aea8-41e1-8d3f-717a09e3e812C349 CEE 1 fd.pdf,.pdf,0.28925132751464844,False,PyMuPDF,0
26304998-70af-4725-a612-c6870cceb3db2. IMS2057 Declaración responsable.pdf,.pdf,0.2956085205078125,False,PyMuPDF,0
5759f228-b60d-4ef6-bc63-b0079793c7e6justificante_registro_solicitud (24).pdf,.pdf,1.0332059860229492,False,PyMuPDF,0
3aadc9e0-e72f-49de-8a66-6cdfbb77c953J01P2-2-fd.pdf,.pdf,0.2639646530151367,False,PyMuPDF,0
91c34f34-014c-451d-bb0e-325c8de36dde4. LRE356 CIE.pdf,.pdf,0.7896137237548828,False,PyMuPDF,0
60a67400-a14b-41c1-b498-ddfc8fc847af4 (6).pdf,.pdf,1.077916145324707,False,PyMuPDF,0
354ff133-0ff4-4348-8016-215ce1b685501. Solicitud_coope_fase 2.pdf,.pdf,1.5739860534667969,False,PyMuPDF,0
34ebbe05-1862-4ec6-8fe6-7f7495aa3ec71. CIE.pdf,.pdf,0.2676248550415039,False,PyMuPDF,0
1dc502e3-2c47-4329-833d-1ac54d994431justificante_registro_solicitud.pdf,.pdf,1.0287284851074219,False,PyMuPDF,0
271c0ee3-443e-4a85-b501-5e784ad1f4491. LRE275 CIE IRVE3 fd.pdf,.pdf,0.2580108642578125,False,PyMuPDF,0
e9129af3-509b-43a8-99c1-33eee02092931. CFO habili.pdf,.pdf,0.7789077758789062,False,PyMuPDF,0
deb9161a-577a-453b-9af3-a20e97a683b44. C349 CIE.pdf,.pdf,0.789250373840332,False,PyMuPDF,0
508d863c-4392-4655-b51c-f4cb4c350ef8LRE410 CEE_V1.pdf,.pdf,0.22406959533691406,False,PyMuPDF,0
7c0c47c1-f865-4a5d-b9c2-77d759a35d1d2. S4-2 DR_FdoMAL.pdf,.pdf,0.5193662643432617,False,PyMuPDF,0
d4c587be-e7e2-4ba2-8729-33802e9e010a4. S4-1 CIE.pdf,.pdf,0.7841033935546875,False,PyMuPDF,0
c8058051-1631-4c67-a55a-56c2f02852d7AU057 CM T 59 4 1B_V1.pdf,.pdf,0.32143592834472656,False,PyMuPDF,0
56149999-ce1c-40cf-805c-ff74b06b6da6Delta B16 3B_CEE_V2.pdf,.pdf,0.2272806167602539,False,PyMuPDF,0
f9db337a-e630-40cd-82f6-bad416443c57IMS303_CEE_V2_fd.pdf,.pdf,0.28491783142089844,False,PyMuPDF,0
69e6522c-fc8e-44e1-bb57-31a3ec5331f3AU057 CM T 59 5 2C_V2.pdf,.pdf,0.3221626281738281,False,PyMuPDF,0
2936f8f9-e3a4-4928-b821-6693d141637dJ01. Informe justificativo-157.pdf,.pdf,0.19045162200927734,False,PyMuPDF,0
ab6b3f47-a372-4d39-8598-41101849eba14. DR Tecnico Hector.pdf,.pdf,0.0910024642944336,False,PyMuPDF,0
fdb5330e-9a75-406d-8007-4508eab78b5bDelta B7 1A_CEE_V2.pdf,.pdf,0.22361278533935547,False,PyMuPDF,0
7ce9a696-1975-447d-a293-ec7e2c8b509c1. CIE IRVE.pdf,.pdf,0.21367645263671875,False,PyMuPDF,0
6011c60c-5be5-4a82-8982-05f366c407c2LRE242 justificante_registro_solicitud 25-06-2023.pdf,.pdf,1.0081920623779297,False,PyMuPDF,0
3b3cb7dc-480e-4d84-b46a-cf084eada0771. Solicitud_coope_fase 2.pdf,.pdf,1.5755090713500977,False,PyMuPDF,0
e5a17889-2224-476a-a68f-8f586373d8164. CIE AU085-6 fd.pdf,.pdf,0.23262691497802734,False,PyMuPDF,0
aac3746a-3313-49fa-a674-b16bb53fcc101. LRE331 CIE_IRVE.pdf,.pdf,0.7863063812255859,False,PyMuPDF,0
97600b1c-2468-4ee0-b76d-674a352520ecAU057 CM T 59 4 0C_V1.pdf,.pdf,0.32156944274902344,False,PyMuPDF,0
ab4805a5-0537-47ff-a072-9b2306f0043b2. MTD Hector.pdf,.pdf,0.3714628219604492,False,PyMuPDF,0
733f3f9d-f822-4d65-b0fa-cfe58304d6f62. MTD Hector.pdf,.pdf,0.3725919723510742,False,PyMuPDF,0
e3c862fd-9c3a-4cb5-9aa2-188fdba6140eDelta B1 1B_CEE_V2.pdf,.pdf,0.22707653045654297,False,PyMuPDF,0
5e091200-d623-4898-9b23-5b12d4301026AU044 MC PS 17 1C_V2.pdf,.pdf,0.2860708236694336,False,PyMuPDF,0
a2e7414b-83fc-4829-a07c-f0081c1d563c6. ALRE005 MOD. IT-315.pdf,.pdf,1.1105775833129883,True,PyMuPDF + OCR,0
ca374388-f599-40ef-8dad-27f983983192AU057 CM T 59 5 2B_V1.pdf,.pdf,0.3208284378051758,False,PyMuPDF,0
fb1a636c-4049-4f6b-95df-e42d616862e7AU057 CM T 59 5 2C_V1_Fd.pdf,.pdf,0.3623542785644531,False,PyMuPDF,0
aeb69220-ecd5-4179-b22c-77ae577a46792. C346 DR_firmada.pdf,.pdf,0.6817741394042969,False,PyMuPDF,0
f5c45a4a-5b6a-4900-b195-af42b19a85f2AER006 CEE 1.pdf,.pdf,0.2830629348754883,False,PyMuPDF,0
6605c0c8-d04b-43d8-805e-b52cd00262783. IMS122 Anexo IRVE.pdf,.pdf,1.2292814254760742,False,PyMuPDF,0
a1ce8e08-e98e-4825-9233-84a14a7f8b2e3. LRE233 Anexo IRVE_fdo.pdf,.pdf,0.589808464050293,False,PyMuPDF,0
a60330e7-7465-4871-9418-3a32edeb10f62. MTD Hector.pdf,.pdf,0.40952587127685547,False,PyMuPDF,0
d59486ae-2ad7-4931-bdbd-d4f38d8662503. IMS318 Solicitud.pdf,.pdf,0.9995183944702148,False,PyMuPDF,0
ee13792f-f626-4e02-927e-060054621d3bIMS345 Just registro.pdf,.pdf,1.020914077758789,False,PyMuPDF,0
f1f3564f-f4f7-4554-a84a-d3841a02ad451. Solicitud_coope_fase 2.pdf,.pdf,1.5740175247192383,False,PyMuPDF,0
fcc0c973-01c0-4927-af60-414ad7af25c9AU044 MC PN fd 3 2D_V2.pdf,.pdf,0.3336296081542969,False,PyMuPDF,0
03184753-0125-456e-82b0-613f75263f061. Solicitud_coope_fase 2.pdf,.pdf,1.5748291015625,False,PyMuPDF,0
a6d8dc98-ee8a-41b9-a872-dab762e100a83. AU046 Anexo ESQUEMA_IRVE.docx,.docx,0.3774547576904297,False,python-docx,0
3da8ace7-38bd-472f-9e58-236555114ad13. LRE233 Anexo IRVE_fdo.pdf,.pdf,0.589808464050293,False,PyMuPDF,0
c704276f-4d1a-4904-8719-2b7eaf9931e7IMS317_CEE_V1.pdf,.pdf,0.23015594482421875,False,PyMuPDF,0
0948319c-85de-465a-86b6-817b88503b233. LRE210 Anexo IRVE_fdo.pdf,.pdf,0.5972375869750977,False,PyMuPDF,0
811ce27a-45f3-4449-bf98-810c22e1b61a2. AU085-1 DR.pdf,.pdf,0.20429420471191406,False,PyMuPDF,0
11a57603-4e4d-481f-91a0-d8fe88a524841. LRE077 CIE IRVE.pdf,.pdf,0.7830972671508789,False,PyMuPDF,0
cd8bab8f-06a6-4346-a3d2-fdb3599b9b034. LRE353 CIE.pdf,.pdf,0.791560173034668,False,PyMuPDF,0
1bc04dc5-72b1-4bb7-90de-2f859671b0e6Salarios.pdf,.pdf,0.6885175704956055,False,PyMuPDF,0
200a92ca-ce90-4c6a-a428-adbb73b66fed1. Solicitud_coope_fase 2.pdf,.pdf,1.5760126113891602,False,PyMuPDF,0
095dbf78-5755-437d-a481-1430e37aee3b5. DR industria.pdf,.pdf,1.2292814254760742,False,PyMuPDF,0
f82aaa29-d27b-436c-b780-480fdff945575. LRE378_Solicitud IRVE.pdf,.pdf,0.27173423767089844,False,PyMuPDF,0
c361143e-cb78-4c77-b76f-85ec228f6200IMS339 2o CEE.pdf,.pdf,0.22524070739746094,False,PyMuPDF,0
6f22aefd-0064-4063-b6ba-4667eaeb6fb5J01. Informe justificativo-206.pdf,.pdf,0.19043636322021484,False,PyMuPDF,0
55233179-c4e6-4d5a-b0b8-dc896875ee14ANEXO V IMS2041V2.pdf,.pdf,0.2823829650878906,False,PyMuPDF,0
11e77724-17f0-4346-be8d-45ddc810fa0cDelta B18 3B_CEE_V1.pdf,.pdf,0.22380352020263672,False,PyMuPDF,0
b34d8597-93ef-47cc-968c-1965f9401f6fAU057 CM T 59 C1 2C_V1.pdf,.pdf,0.32200145721435547,False,PyMuPDF,0
98766eb4-bc43-4c3d-bbba-9e4de72cda57J01_LPR0700-7.pdf,.pdf,0.2364950180053711,False,PyMuPDF,0
ea9b552a-40bf-4c26-87f4-9a3e738c58ccLRE275 just_registro.pdf,.pdf,0.27141857147216797,False,PyMuPDF,0
edd944aa-91c8-4214-86fa-bea7914a67410.4. S4-1 CFO_VISADO.pdf,.pdf,0.5208902359008789,False,PyMuPDF,0
1af81c48-cf00-4646-b23b-8a53007a31b05.1 MTD Aero 1 fd.pdf,.pdf,0.948948860168457,False,PyMuPDF,0
166f270d-bb39-4f50-bbdc-404983b0fe27J01_LPR1000-2.pdf,.pdf,0.18491172790527344,False,PyMuPDF,0
3b287c36-3d91-4630-8fe9-811341ead95eIMS325_CEE.pdf,.pdf,0.2123870849609375,False,PyMuPDF,0
c0762e62-6b7f-4fb2-9f31-d872a33883680.4. S4-1 CFO_VISAR.pdf,.pdf,0.4703493118286133,False,PyMuPDF,0
054b2e32-98b6-40eb-8c30-4fecae9da4ceAnexo ESQUEMA IRVE.pdf,.pdf,1.1558732986450195,False,PyMuPDF,0
bdac6a36-9ddf-4bc0-9c60-76ee6a3d63173. IMS310 Solicitud.pdf,.pdf,0.9993581771850586,False,PyMuPDF,0
1c1c809b-18b2-4acc-b98f-36dac7e5ced9AU057 CM T 59 2 0C_V2_fd.pdf,.pdf,0.3625774383544922,False,PyMuPDF,0
b528527e-357d-42a5-aa6b-98e64ed9ab844. LRE259 CIE sf.pdf,.pdf,0.2486419677734375,False,PyMuPDF,0
ce7582bc-05a6-43c1-b76f-467ad0b7b3204. S4-2 CIE.pdf,.pdf,0.7904844284057617,False,PyMuPDF,0
a7bfd568-ce3c-4ef8-b564-cb4aec506c0c2. AU085-7 DR_firmado 2.pdf,.pdf,0.3245992660522461,False,PyMuPDF,0
c743d97f-9add-4452-a28f-f48c865f446eJ01. Informe justificativo-207.pdf,.pdf,0.190399169921875,False,PyMuPDF,0
a3fd3720-da56-4612-a5d0-3beeb574f3df4. DR Tecnico Hector.pdf,.pdf,1.0549726486206055,False,PyMuPDF,0
d3d2adc4-7fc3-4557-8b0c-47acccc99886Delta B3 3B_CEE_V1_fd.pdf,.pdf,0.2813730239868164,False,PyMuPDF,0
a4bc4ce6-ecac-4448-8529-457e8d6639f1Delta B1 3A_CEE_V2.pdf,.pdf,0.2266674041748047,False,PyMuPDF,0
ff639080-cde8-4acf-be2d-0a76955c2461ANEXO V CORREGIDO.docx,.docx,0.30115795135498047,False,python-docx,0
060165af-d543-4b41-b871-4a219383049b2. IMS2009 Comunicación FDAmal.pdf,.pdf,0.9605464935302734,False,PyMuPDF,0
c5c3ddbd-f830-4351-9ae4-8db39ad90d1fDelta B1 1B_CEE_V1_FD.pdf,.pdf,0.2862234115600586,False,PyMuPDF,0
6a704966-c5a6-4764-bec0-ac7830a47ec44. IMS310 CIE.pdf,.pdf,0.7890996932983398,False,PyMuPDF,0
bd9d51b6-71d0-4738-a2db-6b8beb23730e4. CIE AU085-4 fd.pdf,.pdf,0.23244190216064453,False,PyMuPDF,0
a15494fa-6a82-4dce-bc81-5e090ea6acfcC192_Solicitud registro industria.pdf,.pdf,0.2694110870361328,False,PyMuPDF,0
2d899028-28e6-4bdd-b903-894ae12b5dd1C2A_CEE_V1.pdf,.pdf,0.2552213668823242,False,PyMuPDF,0
a0f391c2-e6c1-4a28-a3dd-9c91a453de64Delta B2 3A_CEE_V2.pdf,.pdf,0.22713470458984375,False,PyMuPDF,0
07ef2a89-ca0b-4980-908f-a3f48052d8ba6. Tabla fd.pdf,.pdf,0.11655998229980469,False,PyMuPDF,0
9ce95df6-bcb8-4347-8df3-b3572d33acbdIMS331_2 CEE_fd.pdf,.pdf,0.2861757278442383,False,PyMuPDF,0
3af1cc18-ea57-41ce-baf1-e187f1a761aa22-12-29 justificante_registro_solicitud.pdf,.pdf,1.0281038284301758,False,PyMuPDF,0
5fc051f9-396b-405f-948b-e245df88212dDelta B1 2A_CEE_V2.pdf,.pdf,0.22671031951904297,False,PyMuPDF,0
d8dc8fc5-a661-47c5-99d2-a6093aab8700J01. Informe justificativo-242.pdf,.pdf,0.1904287338256836,False,PyMuPDF,0
396336c9-9bf0-4e13-88cb-dbbc81faf657LRE019 just_registro_22-11-24.pdf,.pdf,1.0192680358886719,False,PyMuPDF,0
401a7631-55cf-432e-80d9-0161b36b21d21. Solicitud_coope_fase 2.pdf,.pdf,1.5740289688110352,False,PyMuPDF,0
f439eb1e-6d07-4d78-b0d9-674b945c809b5. Certificado de la instalación baja tensión.pdf,.pdf,1.0274238586425781,False,PyMuPDF,0
2af9f549-301a-4609-a543-7176e33388022. LRE 242 Declaración responsable.pdf,.pdf,0.5640792846679688,False,PyMuPDF,0
77b4a105-c6e2-4a03-a1bf-08522102f2f6J01_LPR1000-3.pdf,.pdf,0.1849222183227539,False,PyMuPDF,0
b4eb2400-1147-4cd0-acf0-e20678e8ad2aLPR_J01P3-2_fd - copia.pdf,.pdf,0.26395702362060547,False,PyMuPDF,0
093f113a-d582-435e-bc05-9497feb92c30J01. Informe justificativo-205.pdf,.pdf,0.19039440155029297,False,PyMuPDF,0
9ee1730f-9258-4ed9-9df7-154e4625dc8bLIBRO SUBCONTRATACION AU050 PUENTELARRA-fdo.pdf,.pdf,0.057163238525390625,False,PyMuPDF,0
01bd7e69-1bf9-4b4c-b993-c506836b771e4. C280 CIE.pdf,.pdf,0.7856006622314453,False,PyMuPDF,0
d2652def-9f1d-437c-84c6-78c8f8fb4bab6. ALRE007 MOD. IT-315.pdf,.pdf,0.6161632537841797,False,PyMuPDF,0
8a11cf2b-f355-4eec-9121-428938937361AU057 CM T 59 3 0F_V1.pdf,.pdf,0.32096195220947266,False,PyMuPDF,0
a7cc2c6d-a625-46d9-8436-1c769b3f48eaLRE019 just_registro_22-11-24.pdf,.pdf,1.0192680358886719,False,PyMuPDF,0
263749f2-f7ca-4b3f-8e26-42764253122eJ01P2-1_fd.pdf,.pdf,0.26376819610595703,False,PyMuPDF,0
40b85140-9d2d-47ae-b907-6e8fd8303d8dAU042 Modelo Autorizacion de la solicitud a otro agente fd.pdf,.pdf,0.19631481170654297,False,PyMuPDF,0
eedea917-2930-4893-84b7-f252b52701d3apertura-AU061 ALPEDRETE APASCOVI 2-PRES .pdf,.pdf,1.9279298782348633,False,PyMuPDF,0
99ed7ae0-3800-4a0c-8585-732d7aa21e851. CIE IRVE.pdf,.pdf,0.21182632446289062,False,PyMuPDF,0
47b3a24f-667d-45ea-95da-5b1c5e80f47c3. C280 Solicitud inscripción.pdf,.pdf,1.0000629425048828,False,PyMuPDF,0
d7297847-31bf-40fd-ad81-f2eefb88103c1. CIE IRVE_fdo.pdf,.pdf,0.25984668731689453,False,PyMuPDF,0
68f58c35-8f3b-49b3-b976-84687f1ab6891. Solicitud_coope_fase 2.pdf,.pdf,1.575423240661621,False,PyMuPDF,0
c923cef7-f48a-47b0-a37f-ecb9d359688f4. C220 CIE.pdf,.pdf,0.7857446670532227,False,PyMuPDF,0
1bdcd44d-6408-45dc-b1e7-ac21bde3b87c12. justificante_registro_solicitud.pdf,.pdf,0.2745685577392578,False,PyMuPDF,0
51fbb0f9-0f63-436b-9832-ef2914c511732. S4-2 DR_sinfirma.pdf,.pdf,0.47516632080078125,False,PyMuPDF,0
8ab8c4cb-7bb0-4a89-bdbb-e7758a54f677Certificado 20230525.pdf,.pdf,0.13054847717285156,False,PyMuPDF,0
50191d75-d571-457f-a8ad-eff4ce22b2eb3. AU046 Anexo ESQUEMA_IRVE_mal.pdf,.pdf,1.2342357635498047,False,PyMuPDF,0
be1bfaef-db3e-4e04-a0ec-2becd52bf761Delta B6 2A_CEE_V2_fd.pdf,.pdf,0.28484439849853516,False,PyMuPDF,0
246f0a17-e184-4aa6-93d7-05259dcc8e1b1. A046 CIE_IRVE_mal.pdf,.pdf,0.7864255905151367,False,PyMuPDF,0
2461767e-18d8-4024-9dd7-1d99bb5dba7fC5B_CEE_V2_fd.pdf,.pdf,0.3093137741088867,False,PyMuPDF,0
5a11b2ef-a0bd-4167-871d-a86807ed5afdBorrador_Julia Aerotermia FDO Héctor Coop.docx,.docx,0.025897979736328125,False,python-docx,0
2fc1e4da-856b-4731-a96f-44f83d55abae5. LRE353 Solicitud inscripción IRVE_COOP FD.pdf,.pdf,0.27458763122558594,False,PyMuPDF,0
2be5039e-1b7f-4d90-8739-1d8abbbb3351AU057 CM T 59 0 5_V1.pdf,.pdf,0.2522916793823242,False,PyMuPDF,0
5de0b605-ee36-4bea-9685-321f74b201c920250113 Registro de subsanación.pdf,.pdf,0.11923503875732422,False,PyMuPDF,0
b7ecddbb-6590-427c-8431-a287835bb9965. LRE225 Solicitud_IRVE.pdf,.pdf,1.0021543502807617,False,PyMuPDF,0
0dc64c59-ffc3-474f-a4cb-b1d42f7a91a5IMS307 just registro_22-11-2023.pdf,.pdf,1.0183906555175781,False,PyMuPDF,0
684c5bf3-5166-4338-b1bb-aa611e02ff5c4. C260 CIE.pdf,.pdf,0.7855386734008789,False,PyMuPDF,0
b10b56ee-0b6c-4e2a-88ad-3396c56ad9594. CIE COOP.xlsx,.xlsx,0.037403106689453125,False,openpyxl,0
f92a347b-1720-4405-bc4d-97d24d147a00Delta B1 2A_CEE_V2_fd.pdf,.pdf,0.2861909866333008,False,PyMuPDF,0
18a96333-6241-43f4-a8d2-f212969e6d84ROTSEN_CEE.pdf,.pdf,0.2999897003173828,False,PyMuPDF,0
38dd661c-c221-49af-986f-a2df76677c85AU057 CM T 59 4 0C_V2.pdf,.pdf,0.32196617126464844,False,PyMuPDF,0
9c07cd9f-fe7d-4117-a27d-d131fd51e1133. LRE003 Anexo IRVE FD.pdf,.pdf,0.6684083938598633,False,PyMuPDF,0
1da9216a-7be8-46ff-939d-2b0c36133422J01. Informe justificativo-218.pdf,.pdf,0.19041728973388672,False,PyMuPDF,0
5b6672b6-04c2-4135-a36a-b18c114999cb3. LRE090 Anexo IRVE.docx,.docx,0.36556148529052734,False,python-docx,0
49f01e32-427e-4a87-a420-c94c99610804J01. Informe justificativo-184.pdf,.pdf,0.19042396545410156,False,PyMuPDF,0
96543780-bb2c-4681-b8e0-3e944616cdd8D4A_CEE_V2_fd.pdf,.pdf,0.3095378875732422,False,PyMuPDF,0
7a616056-2b71-44a9-8e18-238d8c03ec700. Nota aclarotaria GARAY 5B.pdf,.pdf,0.08168411254882812,False,PyMuPDF,0
2c60a4b8-d663-4003-997c-57bb19a28f30AU057 CM T 59 C1 2C_V1_Fd.pdf,.pdf,0.3624706268310547,False,PyMuPDF,0
b4cb639a-31d3-4aee-bc8f-95d30d4cf46eJ1A_CEE_V1.pdf,.pdf,0.2551708221435547,False,PyMuPDF,0
9d477012-0dc0-4adc-95c0-a82d195025e3LPR_J01P3-3.pdf,.pdf,0.23663043975830078,False,PyMuPDF,0
18925be3-7236-4277-b8ab-a6e99cd2b23dB5A_CEE_V1.pdf,.pdf,0.255584716796875,False,PyMuPDF,0
31e3b874-71eb-402e-8188-34365088d4ba3. LRE029 Anexo IRVE.docx,.docx,0.3226490020751953,False,python-docx,0
e2298f5f-dc44-4785-aa3f-89d3d76cd59dDelta B7 1B_CEE_V2.pdf,.pdf,0.22408294677734375,False,PyMuPDF,0
d95d7892-a66d-4161-954b-c720c0a333701. Solicitud_coope_fase 2.pdf,.pdf,1.573979377746582,False,PyMuPDF,0
db858440-4ac7-4537-acac-03573e5d07f35. LRE003 Solicitud inscripción IRVE_COOP FD.pdf,.pdf,0.2737245559692383,False,PyMuPDF,0
5169bf47-b69f-44d2-958c-3bfe6dbb4c6aIMS354 CEE_V1.pdf,.pdf,0.24493885040283203,False,PyMuPDF,0
6e2c9248-c25b-4b0f-ae3a-91de485972023. Anexo IRVE.docx,.docx,0.3217144012451172,False,python-docx,0
4a1a5f68-d972-49f6-9706-a77c6eb797a33. C222 Solicitud inscripción.pdf,.pdf,0.9918193817138672,False,PyMuPDF,0
908b212e-769f-4748-9a72-ad24ccfed4dcJ01. Informe justificativo-247.pdf,.pdf,0.19039440155029297,False,PyMuPDF,0
10abf1ea-c893-4743-9cd5-66efc7ac05112. MTD.pdf,.pdf,2.241781234741211,False,PyMuPDF,0
f4a3927c-ace1-4e0f-92bc-5a77711461991. Solicitud_coope_fase 2.pdf,.pdf,1.574570655822754,False,PyMuPDF,0
c6eb27ea-1ee1-459d-80f2-df0f2d912ba03. Solicitud inscripción.pdf,.pdf,1.0035085678100586,False,PyMuPDF,0
ee1b00d1-dc3c-45ee-b6de-70dfa56b87071. DR potencia fd.pdf,.pdf,0.25922298431396484,False,PyMuPDF,0
35d926a1-5d27-4fe6-88a4-fd5fd56da3585. C. caracter voluntario cfo.pdf,.pdf,0.2122201919555664,False,PyMuPDF,0
a45f6491-a8a7-4917-a280-eba0c66fbd782. IMS2044 Declaración responsable.pdf,.pdf,0.21836471557617188,False,PyMuPDF,0
d52c0bc9-849d-4f24-9c6d-5632e756cb6eL1B_CEE_V1.pdf,.pdf,0.25500965118408203,False,PyMuPDF,0
857376ce-b2eb-481b-9c75-7d6bd6120e963. C292 Solicitud inscripción.pdf,.pdf,0.9917392730712891,False,PyMuPDF,0
955ac239-8029-466e-924e-fb9be678edfa0.4. S4-1 CFO_VISAR.pdf,.pdf,0.4703493118286133,False,PyMuPDF,0
6de385c7-600e-4cb9-9698-f89a704441241. Solicitud_coope_fase 2.pdf,.pdf,1.5751914978027344,False,PyMuPDF,0
236ee874-f2d3-4d19-a52d-a633ee148c19LRE409 justif_registro_solic.pdf,.pdf,1.0332059860229492,False,PyMuPDF,0
a0fcacff-674f-4c5e-accf-e08491e06bb71. Solicitud_coope_fase 2.pdf,.pdf,1.5751066207885742,False,PyMuPDF,0
5ab4eb94-021c-4b37-95ae-b9d074b4c6084. LRE299 CIE.pdf,.pdf,0.7854785919189453,False,PyMuPDF,0
32ae1564-2d87-4afb-b26d-a1e9d42eb187AU057 CM T 59 2 1A_V2.pdf,.pdf,0.32184505462646484,False,PyMuPDF,0
89e62098-e972-43bf-b5e3-d108778c6cb71. CEE 1_Certificado Energético.pdf,.pdf,0.3337593078613281,False,PyMuPDF,0
5481fb41-f9fb-4bdf-a697-36fa2b98afca4. LRE393 CIE.pdf,.pdf,0.7810525894165039,False,PyMuPDF,0
2bba4d11-1f1a-4657-b09b-788f4af5d90c3. Solicitud inscripcion.pdf,.pdf,1.0036611557006836,False,PyMuPDF,0
9596c308-c0fd-47f3-b5fa-77bb07d98aee4. CIE IMS349.pdf,.pdf,0.25010108947753906,False,PyMuPDF,0
d0e37e61-ab3b-444e-8ed8-1c2ee85bf0763. Solicitud_COOPE.doc.pdf,.pdf,0.22375965118408203,False,PyMuPDF,0
4df8e984-3479-4f2d-9012-6bde398edadf4. IMS318 CIE.pdf,.pdf,0.7833261489868164,False,PyMuPDF,0
06124475-0f32-44ad-a05f-d8afa1eb3c0eLIBRO SUBCONTRATACION LA PABLO 5-TRAMITADO.pdf,.pdf,0.05715751647949219,False,PyMuPDF,0
ca05200d-f782-4152-8a0b-55b8c9278db9Delta B6 1A_CEE_V2 - copia.pdf,.pdf,0.2251119613647461,False,PyMuPDF,0
64e08f96-5949-475c-b2e2-e72c7aceec44H4A_CEE_V2_fd.pdf,.pdf,0.30933284759521484,False,PyMuPDF,0
539770d2-167d-46b1-b011-dbcfd93e58961. Solicitud_coope_fase 2.pdf,.pdf,1.57366943359375,False,PyMuPDF,0
c52a5a15-1ee7-4011-b0d0-b976d1f729886. Tabla fd.pdf,.pdf,0.3010406494140625,False,PyMuPDF,0
8e168d5c-3007-41f8-9489-55adfa5f2dc01. A055 CIE IRVE.pdf,.pdf,0.2629356384277344,False,PyMuPDF,0
68069db3-e96c-4263-b35b-2e2b2936259aH4B_CEE_V2_Fd.pdf,.pdf,0.30943965911865234,False,PyMuPDF,0
e417c385-eb4f-44e6-846b-00fd72637ab2C1B_CEE_V1.pdf,.pdf,0.25511646270751953,False,PyMuPDF,0
6c9fc5c7-d576-42fb-9568-b7a552903476AU057 CM T 59 3 0F_V1.pdf,.pdf,0.32096195220947266,False,PyMuPDF,0
26036da8-4637-4269-93c4-97f071e0b4e0J1 individuales completo.docx,.docx,1.9231481552124023,False,python-docx,0
1771f45f-f2d6-485f-a1d8-b50b763772842. LRE307 Declaracion responsable.pdf,.pdf,0.5587711334228516,False,PyMuPDF,0
2746b52d-3969-478e-9d55-caa4e4639b021. Solicitud_coope_fase 2.pdf,.pdf,1.5749073028564453,False,PyMuPDF,0
c076e3c6-4edb-47c3-bef6-5e8732976694LIBRO SUBCONTRATACION LA PABLO 4-TRAMITADO.pdf,.pdf,0.07042121887207031,False,PyMuPDF,0
2e91463c-96b6-4048-91ac-fedcfd6021193. LRE346 Anexo IRVE FD 3.pdf,.pdf,0.6771860122680664,False,PyMuPDF,0
8f5ddde8-b8ba-4445-a34c-fac14b5f0c8cMOD 315.pdf,.pdf,0.4062986373901367,False,PyMuPDF,0
c6a60ae7-beec-455b-ab6e-ab039daa6254Delta B7 1A_CEE_V1.pdf,.pdf,0.22326183319091797,False,PyMuPDF,0
75327058-93c3-4dac-9d58-745d2d1c23082. Declaracion responsable.pdf,.pdf,0.22335052490234375,False,PyMuPDF,0
03299227-5676-4d62-a22c-8ec2d585ce17Doc completa.pdf,.pdf,7.958776473999023,False,PyMuPDF,0
e2a1ec45-18a3-4459-8f71-ccfaab19af5f4. CIE AU085-5 fd.pdf,.pdf,0.23039531707763672,False,PyMuPDF,0
ca677486-aa2a-4018-8c07-2e3273fc0c2fIMS2029 fd.pdf,.pdf,0.26898193359375,False,PyMuPDF,0
f75a9cbb-ed87-4920-b8d6-d7da9dae9742C368 CEE_V1.pdf,.pdf,0.23061561584472656,False,PyMuPDF,0
c86d84d4-d508-4f7d-a313-5ebea86f21175. LRE259 Solicitud IRVE_fdo.pdf,.pdf,0.2713184356689453,False,PyMuPDF,0
67a66e88-fda2-4611-9459-eff3d3a9e5513. C217 Solicitud.pdf,.pdf,1.000589370727539,False,PyMuPDF,0
392b9c35-2996-48d1-ac76-59e4fddfbcf3C267 justificante_registro_solicitud 16-05-2023.pdf,.pdf,0.28768348693847656,False,PyMuPDF,0
53a2bddc-761c-46b1-b616-31e3dce976f13. LRE075 Anexo IRVE.docx,.docx,0.3221626281738281,False,python-docx,0
53c8e4b6-2e25-46fa-8cb0-ee0744944f465. Solicitud IRVE_fdo.pdf,.pdf,0.27271175384521484,False,PyMuPDF,0
67c42a45-fabd-49a7-b82e-792cf1e6ba117.2. Tramitación con Industria_CIE.pdf,.pdf,0.7848062515258789,False,PyMuPDF,0
ef4740aa-06d9-43b6-95d0-32866cc039166.6 CIE.pdf,.pdf,0.30646705627441406,False,PyMuPDF,0
f4429503-3547-4ded-b6dc-5e6e5574ca081. J01. Informe new fd.pdf,.pdf,1.8091306686401367,False,PyMuPDF,0
4553ab60-ae01-4245-a622-6552e2ab79fa5. CIE.pdf,.pdf,0.7858142852783203,False,PyMuPDF,0
4b1568e6-29ef-40db-ada2-9f518e3c9be41. Solicitud_coope_fase 2.pdf,.pdf,1.5751914978027344,False,PyMuPDF,0
87a4a13f-6c82-4473-b105-2c94e32faf1eCertificado de INICIO de obra FDO.pdf,.pdf,0.13718605041503906,False,PyMuPDF,0
48442623-f339-41a2-8a94-3506f0f9901bAU057 CM T 59 2 1A_V1_fd.pdf,.pdf,0.36203765869140625,False,PyMuPDF,0
b0c45b6a-d5e3-4c6a-9653-cf75619246e15. LRE225 Solicitud_IRVE.pdf,.pdf,1.0021543502807617,False,PyMuPDF,0
3ba53a1c-5592-46be-b5dd-ffeed930310b1. LRE213 CIE IRVE.pdf,.pdf,0.7833881378173828,False,PyMuPDF,0
dff8dcca-05d9-4448-bcb8-4db2592932b1J01. Informe justificativo-163.pdf,.pdf,0.19045448303222656,False,PyMuPDF,0
db1e0530-001e-42d8-8092-368ab432468622-12-05 justificante_registro_solicitud.pdf,.pdf,1.0221452713012695,False,PyMuPDF,0
53824918-647d-43cd-902b-9131d6d62bda1. Solicitud_coope_fase 2.pdf,.pdf,1.5741291046142578,False,PyMuPDF,0
1221fb52-bcbf-4782-bfe8-cc41e8eb28bd02_ESCRITO REPRESENTACION V2.pdf,.pdf,0.18337440490722656,False,PyMuPDF,0
f6f84ab2-ee00-4fb0-ac6e-caa775876717AU057 CM T 59 0 5_V1_Fd.pdf,.pdf,0.30675220489501953,False,PyMuPDF,0
12fd202b-6785-47be-abe2-a4c8565c305a3. Anexo IRVE fd3 (2).pdf,.pdf,0.6974000930786133,False,PyMuPDF,0
0b2e0a38-730e-4da5-bb60-9c56d9107fb3IMS307_2doCEE.pdf,.pdf,0.24864578247070312,False,PyMuPDF,0
3e08060a-c49e-40dd-b983-db0b43815851AU057 CM T 59 4 0C.pdf,.pdf,0.3210439682006836,False,PyMuPDF,0
5d7cd683-fad0-4741-b229-b24171d809a61. Solicitud_coope_fase 2.pdf,.pdf,1.5740346908569336,False,PyMuPDF,0
f8c6aed9-1d9a-4406-aef3-bac36998e24bDelta B6 2A_CEE_V1.pdf,.pdf,0.22464275360107422,False,PyMuPDF,0
d61d2cc3-fc23-4af1-8ea8-09a1987c9704J01. Informe justificativo-220.pdf,.pdf,0.1904134750366211,False,PyMuPDF,0
e3e47deb-bd66-4188-97ac-b8e78fd6e7c7APERTURA AU078 MADRID VIOLETERA.pdf,.pdf,0.03446483612060547,False,PyMuPDF,0
3cdff6f9-1dd9-4e17-b026-a5eef48d836eJ01. Informe justificativo-175.pdf,.pdf,0.19040298461914062,False,PyMuPDF,0
ebfdc7e5-d412-4f7f-98a2-2e6e05568f2e4. LRE370 CIE_bat sf.pdf,.pdf,0.24769210815429688,False,PyMuPDF,0
fb1d3c39-93a8-46d9-87fa-4cdfbd5b1ea3LRE225 Registro_IRVE_singed.pdf,.pdf,1.020589828491211,False,PyMuPDF,0
9bfaba1e-bb53-409c-888f-8ae3780f90fcDelta B9 3B_CEE_V1_fd.pdf,.pdf,0.2838401794433594,False,PyMuPDF,0
0f612c6d-92e2-4626-815d-0264f18310a6IMS307_CEE.pdf,.pdf,0.24818038940429688,False,PyMuPDF,0
c8ee7344-4991-441b-aa88-b20f297038ecCLM - DR Empresa Servicios Seguridad Industrial.pdf,.pdf,0.02492809295654297,False,PyMuPDF,0
90c4635c-77cf-416d-9621-1259bd54c2a4Delta B7 1B_CEE_V2.pdf,.pdf,0.22409820556640625,False,PyMuPDF,0
27db9853-d400-4a2a-90e9-1dde51f6a995G3B_CEE_V1.pdf,.pdf,0.25510311126708984,False,PyMuPDF,0
3ce09814-a131-407b-84e0-8dec47c37245J01_LPR-2.pdf,.pdf,0.18519115447998047,False,PyMuPDF,0
598d17b0-8909-4ee9-a0fb-759a20d8b074ANEXO V IMS316.pdf,.pdf,0.2704963684082031,False,PyMuPDF,0
cbff83fb-69d5-49e2-8b0e-a77f51d1d27e6. ALRE MOD IT315.pdf,.pdf,1.0241851806640625,True,PyMuPDF + OCR,0
c9a7eb3f-99a8-40d0-88d1-ed91ba8ba2d61.LRE069 Solicitud_coope_fase 2.pdf,.pdf,1.7246837615966797,False,PyMuPDF,0
4df747b6-a9b7-4443-a68e-89248841f9ca6. MOD. IT-315.pdf,.pdf,0.4715871810913086,False,PyMuPDF,0
19c2462e-9dfc-41ba-96e7-f29ad2c06cfd4. DR Tecnico Hector.docx,.docx,0.02672576904296875,False,python-docx,0
ae0be43d-b2cf-482c-9e04-6330060260b8Delta B20 2B_CEE_V2.pdf,.pdf,0.22773265838623047,False,PyMuPDF,0
25428ddd-c204-4332-a353-71505a165bddDelta B17 3A_CEE_V1.pdf,.pdf,0.22078418731689453,False,PyMuPDF,0
e317e06b-9085-4be7-acf0-b14e66e0aed52. ALRE003 MOD. IT-318.pdf,.pdf,0.5660104751586914,False,PyMuPDF,0
cccd4abd-12d3-421e-ba26-7e0f3d01b6c78.2. Solicitud Subvención.pdf,.pdf,5.494214057922363,False,PyMuPDF,0
3931ef06-76e7-41da-9f7f-7e874c5764faF4A_CEE_V2_fd.pdf,.pdf,0.3096475601196289,False,PyMuPDF,0
ec5d190c-a194-4cca-84ed-e9e40456c2721. IMS122 CIE IRVE.pdf,.pdf,0.7867660522460938,False,PyMuPDF,0
56bf1088-daaa-4dc2-921d-b7f47d602d841. CIE IRVE_fdo.pdf,.pdf,0.26250171661376953,False,PyMuPDF,0
1e84a281-dd66-4daf-aa38-191ebb0becdeJ01. Informe justificativo-154.pdf,.pdf,0.19039058685302734,False,PyMuPDF,0
f7705c88-84ad-4286-9564-ca9382cefa893. Anexo ESQUEMA IRVE_COOP.docx,.docx,0.22487354278564453,False,python-docx,0
02f4f9d8-1fac-48e0-bc53-a16518035b8b1. IMS122 CIE IRVE.pdf,.pdf,0.7867660522460938,False,PyMuPDF,0
ec08f7a0-d8ce-411d-bc8e-b899590dadaf4. CIE COOP C360.pdf,.pdf,0.26718997955322266,False,PyMuPDF,0
c9646884-7acf-4075-96a9-4cb3739c99643. LRE275 Anexo IRVE.docx,.docx,0.3223237991333008,False,python-docx,0
a5248c61-5706-443b-82be-2386d467f175AU057 CM T 59 4 2A_V1.pdf,.pdf,0.3216094970703125,False,PyMuPDF,0
1f4868ac-d3bb-4975-b4f3-bf859485696e4. IMS2057 CIE.pdf,.pdf,0.7857904434204102,False,PyMuPDF,0
18bf01e4-245f-41a8-ad30-93260f5e172f1. LRE068 Solicitud_coope_fase 2.pdf,.pdf,1.7290306091308594,False,PyMuPDF,0
6ab692c7-23b2-47e0-b9a0-067bc025cc94J01P2-3.pdf,.pdf,0.1849355697631836,False,PyMuPDF,0
d309a953-1030-4402-822c-0e7cd68489c5AU057 CM T 59 3 0D.pdf,.pdf,0.32062244415283203,False,PyMuPDF,0
16ff277a-e304-4238-ab26-8785043c7bf7C308 justificante_registro_solicitud_07-07-2023.pdf,.pdf,1.0111103057861328,False,PyMuPDF,0
5556974a-bcf1-44b8-b321-c788323791b6D3A_CEE_V1_fd.pdf,.pdf,0.30922698974609375,False,PyMuPDF,0
244221d8-3d4d-41ef-a3b7-408ca99c7c301. Solicitud_coope_fase 2.pdf,.pdf,1.5754823684692383,False,PyMuPDF,0
176ff23d-5930-4456-aed6-06d9b130ddc6Delta B20 3B_CEE_V2.pdf,.pdf,0.22765636444091797,False,PyMuPDF,0
bb3ac018-83a3-4225-bb4d-c17f3180f740B3B_CEE_V2.pdf,.pdf,0.2555360794067383,False,PyMuPDF,0
2b55f449-9784-4510-92b3-da2cd6e8fef0Delta B7 1B_CEE_V2_fd.pdf,.pdf,0.28409481048583984,False,PyMuPDF,0
c364aefd-ff24-4d6f-9b23-4203b0cd0d331. Solicitud_coope_fase 2.pdf,.pdf,1.5748271942138672,False,PyMuPDF,0
666d0ec3-19aa-47cb-8e81-f34c63cd6b9f4. CIE COOP.pdf,.pdf,0.2549629211425781,False,PyMuPDF,0
ba78bb44-cc62-44a9-8296-0d37c04c16aa1. LRE353 CIE fd.pdf,.pdf,0.2647571563720703,False,PyMuPDF,0
db7699ce-9e9a-4397-be5a-140eb8713dedAU057 CM T 59 5 0C_V1.pdf,.pdf,0.32196617126464844,False,PyMuPDF,0
fd4ff53c-b0f6-48a0-a750-24d5b9d63692AU044 17 2B_CEE2 FD.pdf,.pdf,0.333770751953125,False,PyMuPDF,0
dd48e72b-464e-45e4-9d69-7f4460729078J2C_CEE_V1.pdf,.pdf,0.2550840377807617,False,PyMuPDF,0
d656b976-03ff-4bd8-94d9-869b38976da34. LRE403 CIE.pdf,.pdf,0.7869100570678711,False,PyMuPDF,0
0ace5b36-2cd2-4cfe-8d59-cd2c308b18bfLRE235 justif_registro.pdf,.pdf,0.2754354476928711,False,PyMuPDF,0
f59f91f0-966b-4893-a187-306e6d7e49225. MTD fd.pdf,.pdf,4.034755706787109,False,PyMuPDF,0
a31abda3-6c37-4146-805d-45e698a5018c5. Solicitud IRVE_fdo.pdf,.pdf,0.27379703521728516,False,PyMuPDF,0
695041ef-e71b-49bd-8545-cce0d10f3997IAPA 17 F8616 ComunicacionEmpresasOtrasCCAA @ v2.pdf,.pdf,0.3212757110595703,False,PyMuPDF,0
0fb25b49-d840-48bd-a29d-cb00b4c1d1aa1. CIE IRVE_fdo.pdf,.pdf,0.2645444869995117,False,PyMuPDF,0
e74fe140-d622-4f12-a13e-30eebb098967CFO_VISAR.pdf,.pdf,0.19929981231689453,False,PyMuPDF,0
bc11a340-f78e-49a5-ac43-cb30402aa95f4. C295 CIE.pdf,.pdf,0.7876758575439453,False,PyMuPDF,0
f07d2837-0923-46aa-a538-e53883f7f0afJ01_LPR0500-4-fd.pdf,.pdf,0.26425838470458984,False,PyMuPDF,0
f768f4cb-9f6d-4bfb-878f-32a53f9c8fa0IMS308_2doCEE_V1.pdf,.pdf,0.2175312042236328,False,PyMuPDF,0
f4f47de0-9121-4c50-bd8d-45bfeb6926da4. LRE242 CIE.pdf,.pdf,0.7854518890380859,False,PyMuPDF,0
adc1e3c1-2760-496a-b173-fe1f35cdd437J01_LPR.pdf,.pdf,0.3253612518310547,False,PyMuPDF,0
284c00e9-a268-47a2-94a3-e64d7d7fb0b93. Solicitud inscripción fd.pdf,.pdf,1.0050687789916992,False,PyMuPDF,0
df57f55c-54d3-4c74-9978-be5984f790024. LRE331 CIE fdo.pdf,.pdf,0.30039310455322266,False,PyMuPDF,0
1fa7132d-0f54-4e8c-8bba-228a45d514151. LRE225 CIE_IRVE.pdf,.pdf,0.7874116897583008,False,PyMuPDF,0
08a9caad-1e57-4701-9e4f-34e9676d60edIMS310 CEE 2º fd.pdf,.pdf,0.32358455657958984,False,PyMuPDF,0
3ce1513e-ec8a-4830-b7c6-187fe0fcb497Delta B1 3A_CEE_V2_fd.pdf,.pdf,0.28615474700927734,False,PyMuPDF,0
410b666e-ba39-4190-87eb-70031ca9a2022. MTD Hector.pdf,.pdf,0.3724946975708008,False,PyMuPDF,0
dafc0da2-814c-4dfc-80a2-78f0baa7643f1. Solicitud_coope_fase 2.pdf,.pdf,1.5751066207885742,False,PyMuPDF,0
2c616772-2509-4866-b3d2-582957c3edf62. LRE403 DR_Fdo.pdf,.pdf,0.2160177230834961,False,PyMuPDF,0
7ee7dd41-bf38-40e3-bacd-15163af538184. S3 CIE.pdf,.pdf,0.787358283996582,False,PyMuPDF,0
763e1d19-fb43-41ff-85db-4db01ce0c1864. IMS324 CIE.pdf,.pdf,0.7911863327026367,False,PyMuPDF,0
32be8892-2d82-4648-82e1-b539b5c12804ANEXO V RELLENO FDO.pdf,.pdf,0.3327503204345703,False,PyMuPDF,0
2426aafa-2831-4e5b-a8b4-303c4e7c5aee1. Final de obra fd.pdf,.pdf,0.13851165771484375,False,PyMuPDF,0
3ecfeae0-4ecd-488e-89b9-5e72a8ab7ba02. IMS2039 Declaración responsable.pdf,.pdf,0.2823066711425781,False,PyMuPDF,0
7cd0576d-a7aa-40e9-8154-d6138b388a22J01. Informe justificativo-164.pdf,.pdf,0.1904277801513672,False,PyMuPDF,0
516971a9-dab2-40e0-a389-c8bb391d7e153. Anexo IRVE.docx,.docx,0.3217144012451172,False,python-docx,0
acfe19c3-f496-4b81-99fd-0dc4b3c564ba2. LRE217 Declaración responsable.pdf,.pdf,0.34151554107666016,False,PyMuPDF,0
6d45bf6f-34f3-4db6-9776-9d441facaaa91. Solicitud_coope_fase 2.pdf,.pdf,1.574570655822754,False,PyMuPDF,0
82a54804-e91e-463d-83bd-99a1d9900896Delta B16 2A_CEE_V2_fd.pdf,.pdf,0.2858724594116211,False,PyMuPDF,0
f75179c7-13a2-40b1-ae50-9d7c3d8cf06f1. LRE221 CIE fd.pdf,.pdf,0.3152332305908203,False,PyMuPDF,0
5fc8a61e-d8e0-44b5-9e84-450a2e7f3f2f1. Solicitud_coope_fase 2.pdf,.pdf,1.5745067596435547,False,PyMuPDF,0
97b3047d-8ba1-4bd1-b168-cbe328311cdfJ01. Informe new. fd.pdf,.pdf,1.6567420959472656,False,PyMuPDF,0
a87bfea5-be13-4db5-83b9-9c7e181364144.2. Memoria Técnica.pdf,.pdf,6.401396751403809,False,PyMuPDF,0
9baee67d-5548-4a6b-9c0f-561ff19b3c96LRE389 justificante_registro_solicitud_10-10-2023.pdf,.pdf,1.0251150131225586,False,PyMuPDF,0
e2a7682d-bcb2-4c84-8fb8-ad0ffb4237cd4. DR Tecnico Hector.pdf,.pdf,0.10907173156738281,False,PyMuPDF,0
e5b96cb7-0692-49e3-bc44-23ffdea54227LRE387 just_registro_13-11-24.pdf,.pdf,1.0190811157226562,False,PyMuPDF,0
2b258802-d93f-4537-bd91-0881f3f6f8a9Delta B14 3B_CEE_V1_fd.pdf,.pdf,0.2846832275390625,False,PyMuPDF,0
d56c2e90-9e99-40ff-8c51-b563535c22c30. Nota aclarotaria GARAY 3B.docx,.docx,0.05747795104980469,False,python-docx,0
88aac16f-6d53-410a-97eb-35d5b24c6ff7LRE259 justi_registr.pdf,.pdf,0.26920127868652344,False,PyMuPDF,0
1f372c95-f9dd-47f3-957d-ff49937f0d14C334 CEE_V1.pdf,.pdf,0.22240829467773438,False,PyMuPDF,0
00226da4-3046-414a-8856-d72b678381902. MTD.pdf,.pdf,2.7018556594848633,False,PyMuPDF,0
9989fb32-b266-4b87-a504-5fb324b05bab1. Solicitud_coope_fase 2.pdf,.pdf,1.5751657485961914,False,PyMuPDF,0
fe1ee686-ea9d-4f95-a669-a506d81ac9f9AU057 CM T 59 5 2C_V1.pdf,.pdf,0.32190608978271484,False,PyMuPDF,0
62b8a30e-554d-4d3f-a1c9-5fd02ad8b9ef1. CIE IRVE.pdf,.pdf,0.21358585357666016,False,PyMuPDF,0
4466bd38-90b0-4023-a375-a580cf765f53J01. Informe justificativo-202.pdf,.pdf,0.19044208526611328,False,PyMuPDF,0
1f0dae31-58ca-42b2-9581-1052eecfcec3Delta B19 2A_CEE_V1.pdf,.pdf,0.22638511657714844,False,PyMuPDF,0
9700acb1-1dee-4d42-a300-51d8e372bbf43. LRE356 Anexo IRVE_fdo.pdf,.pdf,0.5901279449462891,False,PyMuPDF,0
70bdc5c4-c7cd-4e4c-8983-528ab5f56cda1. Solicitud_coope_fase 2.pdf,.pdf,1.5762577056884766,False,PyMuPDF,0
368ed5c2-c52d-4d33-b753-e136c7a42bb92. LRE232 Declaración responsable.pdf,.pdf,0.3191556930541992,False,PyMuPDF,0
b367279e-09e9-4c10-923e-0f7c0974bdc8J01_LPR0700-3-fd.pdf,.pdf,0.26383113861083984,False,PyMuPDF,0
41eaae5d-741c-46da-9e93-a318d673d1a8G3B_CEE_V1_fd.pdf,.pdf,0.3089303970336914,False,PyMuPDF,0
8baa0a53-806c-46f9-84c9-7c815b38b8abC217 - CEE 2 FD.pdf,.pdf,0.2889986038208008,False,PyMuPDF,0
5b24c5a1-185a-4438-ba56-6188ebbedf824. CIE VE.pdf,.pdf,0.7829790115356445,False,PyMuPDF,0
982e49ad-ee2c-4405-b7a4-44bf9cc9d33e8.2. Solicitud Subvención.pdf,.pdf,4.565000534057617,True,PyMuPDF + OCR,0
7a8dbf0b-32cb-4f13-b317-6f2db90cdc22Delta B19 2B_CEE_V2.pdf,.pdf,0.28571033477783203,False,PyMuPDF,0
6ebced9c-ed11-4318-8042-3de339b8051bA1A_CEE_V1.pdf,.pdf,0.2553539276123047,False,PyMuPDF,0
ae40cf7b-722b-4f31-a7e6-20ab3c980a554. LRE370 CIE_bat fdo.pdf,.pdf,0.29572105407714844,False,PyMuPDF,0
9f0e2667-1ab1-4a92-ba3a-6f4118abf67c4. CIE_COLEC_COOPE FD.pdf,.pdf,0.2996635437011719,False,PyMuPDF,0
bf5ba55a-4426-479c-b780-a102f7ba38a0LPR_J01P3-3_fd.pdf,.pdf,0.315460205078125,False,PyMuPDF,0
a381a7a9-7b1a-4b82-8379-323e25fad1678.2. Solicitud Subvención.pdf,.pdf,5.986199378967285,False,PyMuPDF,0
dcf2834d-b88b-4898-b40c-fc0662dcae1bjustificante_registro_solicitud.pdf,.pdf,0.2763223648071289,False,PyMuPDF,0
4ff17cae-65e1-44ed-98fb-c96e8182dafdDelta B20 3A_CEE_V2.pdf,.pdf,0.22388935089111328,False,PyMuPDF,0
172c9695-5ab0-4cb7-8ab3-22800c9e331c8.2. Solicitud Subvención.pdf,.pdf,6.011115074157715,True,PyMuPDF + OCR,0
c4990411-8603-48e8-9fef-a1f0b4066f1aMTD VE Fdo. 2.pdf,.pdf,0.8412809371948242,False,PyMuPDF,0
9f501cdf-c373-44d6-9923-e7634c9aa07cIMS345 2º CEE fd.pdf,.pdf,0.2966957092285156,False,PyMuPDF,0
824db052-05f4-4269-8226-855ee482293cIMS347 CEE_V2_fd.pdf,.pdf,0.28186988830566406,False,PyMuPDF,0
2fcae6c6-5917-401c-a2be-98af3e1bc91e14. CFO fd.pdf,.pdf,0.1621227264404297,False,PyMuPDF,0
fd8b261e-28de-4093-a02b-e21b560252593. Anexo IRVE.docx,.docx,0.3217144012451172,False,python-docx,0
a7873e85-a317-493e-b254-1164371edb6bVISADO_14. CFO fd.pdf,.pdf,0.2130575180053711,False,PyMuPDF,0
7aa0103a-7798-4fbb-9a50-9bc81d2d4d68C348 1er CEE.pdf,.pdf,0.20911407470703125,False,PyMuPDF,0
bc951a04-314a-42d4-a730-e97df0357b193. LRE254 Anexo IRVE_fdo.pdf,.pdf,0.5953330993652344,False,PyMuPDF,0
5ce78e8a-26db-4e39-8643-06a2ea797eae2.  Encargo visado.pdf,.pdf,0.36009883880615234,False,PyMuPDF,0
b1667ba3-edc3-42de-b132-de3c2eae7c944. IMS2044 CIE.pdf,.pdf,0.7695837020874023,False,PyMuPDF,0
4170ebd3-e97c-4bd2-920b-0b7a197a7b8eIMS305_CEE_V1.pdf,.pdf,0.20783138275146484,False,PyMuPDF,0
065804db-d323-4d9f-8c7b-a87606432c59LRE378_justificante_registro_solicitud.pdf,.pdf,0.2695035934448242,False,PyMuPDF,0
da4edcb9-adce-42fe-bcc7-4e83930c9292VENIA PROFESIONAL Hector fd fd.pdf,.pdf,0.1386270523071289,False,PyMuPDF,0
cc2020be-c360-4d2a-aa0a-f6d564929df914. Certificado final de obra VISAR.pdf,.pdf,0.34436511993408203,False,PyMuPDF,0
f91cfc9d-3fff-40f7-8179-8f0b315339727. Venia Hec.pdf,.pdf,0.1386270523071289,False,PyMuPDF,0
dfd91d19-8e83-4ce4-ae99-526a05a969572. MTD Hector.docx,.docx,0.11321258544921875,False,python-docx,0
19755cd9-f82f-4a51-8640-152b04bf7b981. CIE IRVE_fdo.pdf,.pdf,0.26410579681396484,False,PyMuPDF,0
03c73d5b-a845-4c02-a008-cc4b8f943cca2. CFO fd.pdf,.pdf,0.1390829086303711,False,PyMuPDF,0
fb6b812c-2722-4344-bb9c-67f2c2c4658c2. AU085-9 DR.pdf,.pdf,0.20415210723876953,False,PyMuPDF,0
1f545e03-c3ab-4ed6-84e6-f5000f26267cDelta B1 2A_CEE_V2.pdf,.pdf,0.2267160415649414,False,PyMuPDF,0
6ebe1475-661b-45c1-bd28-b8228065dd713. LRE235 Anexo IRVE_fdo.pdf,.pdf,0.596949577331543,False,PyMuPDF,0
d1959c42-c12d-49e0-b034-875a6f111e15Delta B1 1B_CEE_V2_old.pdf,.pdf,0.22707557678222656,False,PyMuPDF,0
542742ae-19b8-4012-ae82-ff9d0a4cf9307.2. Tramitación con Industria_CIE.pdf,.pdf,0.782139778137207,False,PyMuPDF,0
b17e638f-c5cb-45fb-9435-ed9606f9133fJ2C_CEE_V2_Fd.pdf,.pdf,0.3091850280761719,False,PyMuPDF,0
0fc7ea9f-1ef1-4f57-9e55-02f8c3bc66681. CIE IRVE_fdo.pdf,.pdf,0.26108360290527344,False,PyMuPDF,0
0b4888db-96cc-463e-9cf7-2bb9876c79984.2. Memoria Técnica.pdf,.pdf,6.9154815673828125,False,PyMuPDF,0
4c5383a7-6624-423d-9a01-c75a8ead59d3J4C_CEE_V1.pdf,.pdf,0.25544071197509766,False,PyMuPDF,0
eba8c000-f3f1-49a8-8fb6-3917d744a201Delta B6 3A_CEE_V2.pdf,.pdf,0.22501850128173828,False,PyMuPDF,0
edf735d3-91e5-452b-8ad4-c05ed0f7cf844. DR Tec fd.pdf,.pdf,1.1332502365112305,False,PyMuPDF,0
68192959-7f8e-4371-bf61-262aaa22fe2a3. LRE212 Anexo ESQUEMA IRVE.docx,.docx,0.3664064407348633,False,python-docx,0
3ce24f59-d416-4476-b9f8-62e81a91108cAU042 Modelo Autorizacion de la solicitud a otro agente fd fd.pdf,.pdf,0.23160266876220703,False,PyMuPDF,0
a0b03169-d5f3-4385-b917-766b8d95c803C1A_CEE_V1.pdf,.pdf,0.25524044036865234,False,PyMuPDF,0
202bca6a-0b98-46d0-9ae4-ba3f7ff2892eAU057 CM T 59 4 2A_V1.pdf,.pdf,0.3216104507446289,False,PyMuPDF,0
ed89a16c-8fd6-4e44-9350-34c8dc748f17C210 Anexo V Declaración responsable sobre porcentaje de energía consumida F.pdf,.pdf,0.413909912109375,False,PyMuPDF,0
31259a5c-e5ef-42bc-ba4b-a65834537623C292 justificante_registro_solicitud_07-07-2023.pdf,.pdf,1.0111665725708008,False,PyMuPDF,0
70e608fa-baf2-4db3-8275-ec6d0eb5ec546. Tabla.xlsx,.xlsx,0.012747764587402344,False,openpyxl,0
6e775f25-8a43-4a2b-bb8c-e6c89ff8cbf91. Solicitud_coope_fase 2.pdf,.pdf,1.5751285552978516,False,PyMuPDF,0
4b424c35-4676-4769-bdbb-f35883ca72d62 CEE IMS349.pdf,.pdf,0.23299312591552734,False,PyMuPDF,0
53775277-ab34-4b38-a63a-d3477cb9b842J01. Informe justificativo-160.pdf,.pdf,0.1904449462890625,False,PyMuPDF,0
c81a66ab-ef28-464e-88b1-186002b89896J01. Informe justificativo-234.pdf,.pdf,0.190399169921875,False,PyMuPDF,0
31da6d87-5764-40e0-a2fa-21edbcf98131AU057 CM T 59 4 1A_V1.pdf,.pdf,0.32160472869873047,False,PyMuPDF,0
e71d43dc-6add-495d-954f-e0aa942e0273IMS319_CEE 1º.pdf,.pdf,0.22315692901611328,False,PyMuPDF,0
8f0dbaaa-7d14-410f-ab8e-5315dda17e611. CIE IRVE.pdf,.pdf,0.21621036529541016,False,PyMuPDF,0
0bc4adfc-8748-47fc-b5af-0c7151035bbc3. Anexo IRVE.docx,.docx,0.33512401580810547,False,python-docx,0
7625fa9c-7110-418b-aa6f-37385fb08f0d1. Solicitud_coope_fase 2.pdf,.pdf,1.5757131576538086,False,PyMuPDF,0
d5e5c876-1293-4c2b-a64b-9687f29892acJ01. Informe justificativo-251.pdf,.pdf,0.19045352935791016,False,PyMuPDF,0
d3e67fd6-ab31-4a8b-a125-e43c132282a6AU044 MC PS 17 1B_V1 FD.pdf FD.pdf,.pdf,0.3337678909301758,False,PyMuPDF,0
44106467-2d8d-4253-ac3f-c3ed63fc9cfbAU057 CM T 59 3 0A_V1_Fd.pdf,.pdf,0.36133384704589844,False,PyMuPDF,0
403c3cc8-910b-4ca4-a4ef-d03dbe86a4e94. CIE LRE410_sin fir.pdf,.pdf,0.2115478515625,False,PyMuPDF,0
a114384f-0437-4642-92e5-1cdd123097f14. DR Tec.pdf,.pdf,1.1330280303955078,False,PyMuPDF,0
5833635b-3bf7-4d38-9790-658408354c636.6 CIE.pdf,.pdf,0.30646705627441406,False,PyMuPDF,0
447a137d-97cb-404f-ad5b-921bb3f2fd981. Certf de aprovechamiento fd.pdf,.pdf,0.9988832473754883,False,PyMuPDF,0
c3609f23-b74c-4fe9-97d7-77a0ec11652b1. LRE235 CIE IRVE2 fd.pdf,.pdf,0.2626333236694336,False,PyMuPDF,0
99d7d03f-88d5-4a5f-981b-e649c8801ae5AU044 MC PS 17 2A_V2.pdf,.pdf,0.2862205505371094,False,PyMuPDF,0
1a315f0b-516e-4bbd-8ac1-b66287bd0d72J01. Informe justificativo-197.pdf,.pdf,0.19045543670654297,False,PyMuPDF,0
a035b819-5257-4757-919f-e0dcfca729624. DR Tecnico.pdf,.pdf,0.942530632019043,False,PyMuPDF,0
2c1b98b5-7e16-42ee-a67a-8f93291fcc64AU057 CM T 59 4 1B_V1.pdf,.pdf,0.3214445114135742,False,PyMuPDF,0
87988158-d0be-4995-887e-cedc2030dd24apertura-LA PABLO 5-PRES.pdf,.pdf,1.4381532669067383,False,PyMuPDF,0
408bd6ce-b90a-476e-8cbc-c717a3600c9d3. Anexo IRVE.pdf,.pdf,0.511103630065918,False,PyMuPDF,0
9fbb0bc4-8e98-4d9a-b24b-34625a9fe6e65. Jte CPPHAN fd.pdf,.pdf,0.271759033203125,False,PyMuPDF,0
fb72c257-6f1e-45aa-ba25-c0f2fa4f7bd46.9 CIE.pdf,.pdf,0.30686283111572266,False,PyMuPDF,0
5ed252b3-e01a-4446-ba0d-5c954d04876cDelta B6 2A_CEE_V2.pdf,.pdf,0.2250347137451172,False,PyMuPDF,0
7f3d4049-e23f-49da-a1f6-9a2b655864e4IMS331 Just registro_26-02-2024.pdf,.pdf,1.0122756958007812,False,PyMuPDF,0
4e533898-28b8-43e6-a12e-71ab86a603332. MTD FD.pdf,.pdf,5.533229827880859,False,PyMuPDF,0
03588585-04b5-4c28-b0c8-a3074e242154C306_CEE1_V1.pdf,.pdf,0.2488422393798828,False,PyMuPDF,0
7f4d5e62-a6d8-40fd-a029-8e3915b72968IMS307_CEE_fd.pdf,.pdf,0.30318546295166016,False,PyMuPDF,0
596ac82a-9172-4c33-921f-8f45fc2cc34cMOD. IT-315-SELLADO.pdf,.pdf,0.34898948669433594,False,PyMuPDF,0
7ab2b2cf-d2b0-4c53-ba2d-45741c29aaa7IMS333_2doCEE_V1.pdf,.pdf,0.26960182189941406,False,PyMuPDF,0
7685e0bc-2f89-499a-8cee-2325816134186.6 CIE.pdf,.pdf,0.30646705627441406,False,PyMuPDF,0
1972edb6-9612-41db-9999-54892b8ddc4dROTSEN_CEE_fd.pdf,.pdf,0.34485530853271484,False,PyMuPDF,0
2b7e4185-3267-494e-85ef-b46a8de27c9b(4. CIE mal).pdf,.pdf,0.2171955108642578,False,PyMuPDF,0
1fb489b3-d281-42aa-82ed-4cae89daa3041. Solicitud_coope_fase 2.pdf,.pdf,1.5750885009765625,False,PyMuPDF,0
b3877414-74d2-4205-93a6-14a80461c1ed1. Nota R. catastral.pdf,.pdf,0.20535564422607422,False,PyMuPDF,0
53e9695a-a74e-40fe-b97d-10f68817a978J01. Informe justificativo-217.pdf,.pdf,0.19040489196777344,False,PyMuPDF,0
4a63217e-9455-4be3-be5f-669219bfac124. DR Tecnico Hector.pdf,.pdf,0.09101486206054688,False,PyMuPDF,0
716925c6-9637-44b2-8e36-addc347a57791. Solicitud_coope_fase 2.pdf,.pdf,1.5745067596435547,False,PyMuPDF,0
d975de09-c017-4164-a8d5-f790ed4136df3. LRE233 Anexo IRVE_sin fir.pdf,.pdf,0.5151987075805664,False,PyMuPDF,0
9ec6b246-f865-48cd-ae36-361a48f49b14AER009 CEE 1.pdf,.pdf,0.2828350067138672,False,PyMuPDF,0
e58c2dda-03e2-4641-a4f4-2bfb503534ac6.8 CIE.pdf,.pdf,0.3060312271118164,False,PyMuPDF,0
e39051a0-a2c2-42c3-87b7-51b109f5010aLIBRO SUBC AU075 MADRID POETAS- PRESENTADO.pdf,.pdf,0.02407550811767578,False,PyMuPDF,0
ab47ee22-8776-4ef7-b2c8-a146fb0c12c74. LRE258 CIE.pdf,.pdf,0.7848062515258789,False,PyMuPDF,0
6408f383-6af7-4133-bc6a-2da1c80624f5Delta B18 1A_CEE_V2.pdf,.pdf,0.2244892120361328,False,PyMuPDF,0
33e6fbc1-ceb0-4fc1-b4e7-0fbdd9f1431c3. Solicitud inscripción.pdf,.pdf,1.0090131759643555,False,PyMuPDF,0
d042a85f-5c39-420e-8549-359b25d0acb03. LRE213 Anexo IRVE.pdf,.pdf,1.2177820205688477,False,PyMuPDF,0
1231e22c-92a3-4841-93fe-d538ebe434e51. CEE 1_Certificado Energético.pdf,.pdf,0.33385562896728516,False,PyMuPDF,0
5805817b-b235-4954-98ca-0f14ecec74da1. C353 CIE.xlsx,.xlsx,0.04328632354736328,False,openpyxl,0
2fd24b5f-878c-45ec-b99d-82f57b35aa7b4. CIE.pdf,.pdf,0.7844696044921875,False,PyMuPDF,0
22b3d7d7-9a2a-4808-b803-0953b5182821J01. Informe justificativo-171.pdf,.pdf,0.19039249420166016,False,PyMuPDF,0
ea64ebae-cb8c-49c0-8a46-f370774450f5A3B_CEE_V1.pdf,.pdf,0.2552671432495117,False,PyMuPDF,0
a5aa27c5-eadd-483f-aa8d-ad747c8436171. Solicitud_coope_fase 2.pdf,.pdf,1.5748729705810547,False,PyMuPDF,0
f6c118fd-9eaa-4afa-b6ed-d9088b08c3685. Tabla.xlsx,.xlsx,0.013055801391601562,False,openpyxl,0
3c433d51-a40c-4845-bdac-56377e79b2dbARE014_CERTIFICADO FINAL DE OBRA.docx,.docx,0.2824745178222656,False,python-docx,0
f659a823-570c-4b50-aabd-c986d69e1afd2. AER001 MOD. IT-318.pdf,.pdf,0.567082405090332,False,PyMuPDF,0
e485818c-c49f-4462-9ee7-c4049cd6d60dJ01. Informe justificativo-229.pdf,.pdf,0.19040393829345703,False,PyMuPDF,0
cb167192-0e26-48a7-b54c-74073242707bAU064 S4-1 just_registro_18-09-2024.pdf,.pdf,1.028752326965332,False,PyMuPDF,0
0626dcf6-78d9-405c-9c72-129ce9d9fbdfLRE338 justificante_registro_solicitud_10-07-2023.pdf,.pdf,1.021596908569336,False,PyMuPDF,0
f2d5eeb8-3c09-4009-905f-e3729b004332A4B_CEE_V2.pdf,.pdf,0.25578784942626953,False,PyMuPDF,0
3d8128dd-c574-4258-a304-890047ed6257IMS339 2o CEE FD.pdf,.pdf,0.2850151062011719,False,PyMuPDF,0
a9c54e28-6573-413a-8b43-b60d39b6182bAU044 MC PN  3 3D_V2.pdf,.pdf,0.3339509963989258,False,PyMuPDF,0
b7c23075-bd55-4c3e-836f-0530af351b793. LRE213 Anexo IRVE.pdf,.pdf,1.2177820205688477,False,PyMuPDF,0
648aa7d2-f6fc-4882-bb20-35ef73cb96762. MTD FD.pdf,.pdf,6.208957672119141,False,PyMuPDF,0
707dcc20-cf6d-4bae-be3f-9f1935dd1c34ANEXO IV C287.docx,.docx,0.3011312484741211,False,python-docx,0
23b16cd2-fd33-448a-9b95-64d840f3aeddJ01. Informe justificativo-150.pdf,.pdf,0.19044017791748047,False,PyMuPDF,0
4d7f3360-6177-47ce-ac7f-93e592811e88ANEXO V RELLENO IMS315.docx,.docx,0.30109691619873047,False,python-docx,0
22cceabc-bb4d-4bed-b239-39dae5f0951e3. LRE090 Anexo IRVE. FD1.pdf,.pdf,0.6940374374389648,False,PyMuPDF,0
586688de-a0f5-49e9-a1c6-842821474559J01_LPR0600.pdf,.pdf,0.33681392669677734,False,PyMuPDF,0
78068dc1-b99c-4bb3-9003-e30c334404ebJ01. Informe justificativo-151.pdf,.pdf,0.19043922424316406,False,PyMuPDF,0
b83e336b-1060-4f1a-8395-020baf074aacANEXO V RELLENO.pdf,.pdf,0.27254199981689453,False,PyMuPDF,0
c8aba0c6-86ee-483a-b889-c386c74c7ad73. Anexo IRVE.pdf,.pdf,0.5083684921264648,False,PyMuPDF,0
7406b31b-4dc3-4a5c-b6f4-36796def93b01. Solicitud_coope_fase 2.pdf,.pdf,1.5740175247192383,False,PyMuPDF,0
014e8f85-5f61-452c-80bc-30590a3fc5a86. Tabla.pdf,.pdf,0.21865463256835938,False,PyMuPDF,0
b046e1d4-0729-497d-881a-3a9058acb7c0VENIA PROFESIONAL Hector fd fd.pdf,.pdf,0.1386270523071289,False,PyMuPDF,0
12bf1c7b-e34b-4b03-9fd2-f8f6deb29ab23. Anexo IRVE_fdo.pdf,.pdf,0.5861492156982422,False,PyMuPDF,0
5e14ebc6-b3c8-4466-b298-b3d519133e7a1. Anexo ESQUEMA IRVE_COOP.pdf,.pdf,0.5466909408569336,False,PyMuPDF,0
b2f39999-7013-4355-adbd-41ed746a644aG3B_CEE_V3_fd.pdf,.pdf,0.3093099594116211,False,PyMuPDF,0
05de9d60-d514-41ab-b81d-4429f95c081eA3B_CEE_V1_fd.pdf,.pdf,0.30901145935058594,False,PyMuPDF,0
e5848888-42ae-46b7-b74d-21f6de9a03871. LRE075 CIE IRVE.pdf,.pdf,0.7864980697631836,False,PyMuPDF,0
384c6808-33b9-4a7a-a2d9-615f2a4f6d50LRE387 Just_registro_15-01-2024.pdf,.pdf,1.0365333557128906,False,PyMuPDF,0
3cd38a64-4465-482a-afdd-9c4ddb7e2b854. DR Tecnico Hector.docx,.docx,0.02693462371826172,False,python-docx,0
3c835ce1-4567-4759-b2aa-92f215ca2fa75. Solicitud inscripción IRVE_COOP FD.pdf,.pdf,0.2739715576171875,False,PyMuPDF,0
545857da-ba2f-4011-b7e6-ee26a0ca9f8e2. MTD Hector.docx,.docx,0.11316776275634766,False,python-docx,0
833e1737-87f0-4397-b011-997c9da1b330AU057 CM T 59 5 2B_V2_Fd.pdf,.pdf,0.36177635192871094,False,PyMuPDF,0
5b12e0d3-b79e-49da-91e4-10852a19a81fJ01_LPRP4-1_fd.pdf,.pdf,0.3667478561401367,False,PyMuPDF,0
07826b00-583d-442a-be8e-bf639aaba6842. MTD FD.pdf,.pdf,3.8349599838256836,False,PyMuPDF,0
a906b5ae-2378-4e94-897e-d485f806fef54. CIE 3kW JA-IMS- falta HP_rev.pdf,.pdf,0.18518447875976562,False,PyMuPDF,0
2a0e09b4-e314-4d6d-a119-2b8ef8d2ea0e5.1 CIE VE.pdf,.pdf,0.7853145599365234,False,PyMuPDF,0
6750495e-4baa-443c-81dd-758a03429ef5Delta B20 3A_CEE_V2.pdf,.pdf,0.2238931655883789,False,PyMuPDF,0
6315c352-7d14-4fe9-932b-0c3cf74b550dLRE387 just_registro_13-11-24.pdf,.pdf,1.0190811157226562,False,PyMuPDF,0
7d2be9dc-b188-4c27-bc55-4942e40ea9e2APERTURA AU075 MADRID POETAS.pdf,.pdf,0.03421592712402344,False,PyMuPDF,0
6cbf126d-3021-4f61-8b00-f9478b39d5ebJ14.2 Tabla Refe Catastro.pdf,.pdf,0.5260744094848633,False,PyMuPDF,0
219737b4-33c8-4fd1-bdf7-95e63d8c28bb1. Solicitud_coope_fase 2.pdf,.pdf,1.574345588684082,False,PyMuPDF,0
483ae095-7c5c-472e-a641-9e94bd7027ccDelta B16 3B_CEE_V2.pdf,.pdf,0.22726917266845703,False,PyMuPDF,0
25d65ba6-8235-4b81-b0e8-feb4901c526aDelta B16 3B_CEE_V1_FD.pdf,.pdf,0.2863597869873047,False,PyMuPDF,0
52967df6-b6ed-4fe8-b87c-1ea1b694883bAU057 CM T 59 C1 2C.pdf,.pdf,0.3219938278198242,False,PyMuPDF,0
a8a39280-133a-466e-9abc-ee521b238a5bJ01. Informe justificativo-214.pdf,.pdf,0.19041824340820312,False,PyMuPDF,0
2f4fafff-b826-4eee-b273-b75ea8770aab1. Solicitud_coope_fase 2.pdf,.pdf,1.5751323699951172,False,PyMuPDF,0
e4e004e4-0108-4e51-b4aa-0953b21c03681. Solicitud_coope_fase 2.pdf,.pdf,1.5748615264892578,False,PyMuPDF,0
ea8b36a2-22a9-4691-8ee3-1e61c8beaeb07.2. Tramitación con Industria_CIE.pdf,.pdf,0.7858142852783203,False,PyMuPDF,0
f1083db2-cf7b-480a-8a72-6286995a60b0C2B_CEE_V1.pdf,.pdf,0.2553672790527344,False,PyMuPDF,0
1fb85d15-09bc-44c6-97d9-882b7de1a4b4G4C_CEE_V2_fd.pdf,.pdf,0.3092632293701172,False,PyMuPDF,0
b5b24e16-c0c8-46a5-880a-c974ccd0140c3. C282 Solicitud inscripción.pdf,.pdf,0.9916877746582031,False,PyMuPDF,0
64e54bd3-517c-4a23-9f8d-599eefc674faDelta B16 3B_CEE_V2_fd.pdf,.pdf,0.2866554260253906,False,PyMuPDF,0
46df9369-5c10-4756-91b6-823049f7f7813. C300 CIEINSCRESU R2fd.pdf,.pdf,0.8483724594116211,False,PyMuPDF,0
4eeb7ed9-1a1a-434f-847c-2c1f32c709b01. Solicitud_coope_fase 2.pdf,.pdf,1.5745735168457031,False,PyMuPDF,0
076e5b49-7bec-42a6-baf3-5c3e587858ca2. C280 Declaracion responsable.pdf,.pdf,0.5596351623535156,False,PyMuPDF,0
afdb5598-4fa4-4d50-a71d-0d2c1e5dc4fdMT_pc VE_Coope_fd Héctor.pdf,.pdf,0.8615169525146484,False,PyMuPDF,0
0d650ace-e7f5-40fd-8366-31ce7a9f88113. IMS2039 Solicitud inscripción.pdf,.pdf,0.9848775863647461,False,PyMuPDF,0
97e7b324-585b-47fa-8cc1-33c060d6bca8AU044 MC PN  fd2.pdf,.pdf,0.33383655548095703,False,PyMuPDF,0
1a5edb98-d70b-42fb-acf3-fdb27b676273C2A_CEE_V2.pdf,.pdf,0.25551319122314453,False,PyMuPDF,0
ea8a9244-31e7-4b38-bbfb-31733ffef7dd3. LRE259 Anexo IRVE_SIN FIR.pdf,.pdf,0.5154800415039062,False,PyMuPDF,0
0bab7ab4-3f0a-4125-a9fc-f84329710f4aAU057 CM T 59 4 2A.pdf,.pdf,0.32117366790771484,False,PyMuPDF,0
6845dac3-2862-4faa-a48c-6d6df1299bafJ01. Informe justificativo-156.pdf,.pdf,0.19049072265625,False,PyMuPDF,0
e8672684-cb07-4761-86b2-fb3cf5ab9788J01. Informe justificativo-231.pdf,.pdf,0.1903982162475586,False,PyMuPDF,0
d6e209af-ec8b-410f-b54e-e6ceb18374943. Anexo IRVE_fdo.pdf,.pdf,0.5870771408081055,False,PyMuPDF,0
d6399753-04df-4fcd-a3be-b75ab691ae5a14. AER007 Memoria_RSIF.pdf,.pdf,2.874277114868164,False,PyMuPDF,0
7e9d1e34-cad5-482a-a6a6-b1c9ee71239dJ01_LPR0800-4-fd.pdf,.pdf,0.26448726654052734,False,PyMuPDF,0
8d543b38-ac68-47d8-a5f1-117f11714c29LRE004 Jus_registro_26-11-24.pdf,.pdf,1.021566390991211,False,PyMuPDF,0
837ed78a-9d3d-4228-9a3f-664e7c194a19ANEXO V IMS2041.docx,.docx,0.30124759674072266,False,python-docx,0
0dce28b4-edc9-43d9-82e3-3009c4a51f50Delta B1 3B_CEE_V2.pdf,.pdf,0.22725868225097656,False,PyMuPDF,0
7424d8c3-0c23-46e5-96af-a7cbf31b3e50C260 justificante_registro_solicitud 17-05-2023.pdf,.pdf,1.0076675415039062,False,PyMuPDF,0
5076a266-d6e1-4e76-88bf-be5864057a104. DR Tec.pdf,.pdf,1.0552139282226562,False,PyMuPDF,0
f00c7bfb-54fe-4449-ac20-1e6d7f8c06aa2. AU074 DR sin FD.pdf,.pdf,0.10356712341308594,False,PyMuPDF,0
ea5ea269-8f0c-427e-84e8-514c0fbf63bfDelta B20 3B_CEE_V1_fd.pdf,.pdf,0.28666114807128906,False,PyMuPDF,0
ccac3b1e-6008-4f83-b264-89eada8be714E3B_CEE_V1_fd.pdf,.pdf,0.3090381622314453,False,PyMuPDF,0
ea567ab3-00e6-41db-802e-5adcf7171080AU044 MC PS 17 1C_V1.pdf fd.pdf,.pdf,0.33373165130615234,False,PyMuPDF,0
959c6323-720f-485c-93a6-6fe893199575J01_LPR-2_fd.pdf,.pdf,0.26405906677246094,False,PyMuPDF,0
91bb8a98-c30c-4b39-84bc-8053b932c2ef3. A055 Anexo IRVE.pdf,.pdf,0.5892305374145508,False,PyMuPDF,0
852ac26c-30bc-443e-a412-7af4fce49ba03. IMS354 Anexo IRVE.pdf,.pdf,0.6281414031982422,False,PyMuPDF,0
bba8eb4e-f3b3-4873-a65e-990da546a4363. Anexo ESQUEMA IRVE_COOP FD 1.pdf,.pdf,0.6481552124023438,False,PyMuPDF,0
dd16c344-e16c-424c-8d59-5a89b17e2438LIBRO SUBC AU076 MADRID FUENTESPINA_Tramitado.pdf,.pdf,0.057109832763671875,False,PyMuPDF,0
32ff4abf-80d6-4665-86a1-71fc5af2715e5.2 MTD Aero 2 fd.pdf,.pdf,0.9255256652832031,False,PyMuPDF,0
c3d88c35-bef8-42ca-aecf-2bf2785b3b8b5.1 LRE004 CIE IRVE.pdf,.pdf,0.7848749160766602,False,PyMuPDF,0
900b6a2b-e1fe-47e4-b5e0-89192d672b3eJ01_LPR0800-1.pdf,.pdf,0.1848773956298828,False,PyMuPDF,0
cd0e62ef-f00d-414b-aeb6-61092ca7cf57justificante_registro_solicitud.pdf,.pdf,0.2711334228515625,False,PyMuPDF,0
359c2d0e-efab-4230-a527-126006d1ffe9Certificado REA 1.pdf,.pdf,0.1274862289428711,False,PyMuPDF,0
f98b1666-cc3c-462c-9eac-7a30a86343cf5.2 COVE.pdf,.pdf,0.2754354476928711,False,PyMuPDF,0
fbf4af9a-f242-427c-9e51-5a7480f3ab8cANEXO V RELLENO IMS315 v2.pdf,.pdf,0.2706899642944336,False,PyMuPDF,0
d329d4f7-b8b6-40df-8478-68bf06533044Solicitud en formato PD - copia.pdf,.pdf,1.117213249206543,False,PyMuPDF,0
de3ffe97-5088-4fe6-8df2-1fa8c5bbfbedSEO_CEE_V2_fd.pdf,.pdf,0.2873859405517578,False,PyMuPDF,0
0dabd25e-e43a-49a5-9e44-f8cb0a24da7aJ01. Informe justificativo-150.pdf,.pdf,0.19044017791748047,False,PyMuPDF,0
089d6f58-6924-4e47-b13d-2649818846360.2 Encargo de Obra fd.pdf,.pdf,0.31102848052978516,False,PyMuPDF,0
b75346d9-4adf-473d-a41b-e3a53ab2e3534. DR Tecnico Hector.docx,.docx,0.026990890502929688,False,python-docx,0
6912f0f4-031b-494f-87c4-9299c9b17d4dIMS347 CEE_V2.pdf,.pdf,0.22127151489257812,False,PyMuPDF,0
31d52e0d-cff7-483c-a018-9e96e3a61a90J01. Informe justificativo-236.pdf,.pdf,0.19040489196777344,False,PyMuPDF,0
75e0d356-0f1b-4765-ab37-6f5bc0a22d913. LRE077 Anexo IRVE.pdf,.pdf,1.2202692031860352,False,PyMuPDF,0
112b51d4-e204-4c87-9614-a22b90da2206C338 CEE 2.pdf,.pdf,0.23994731903076172,False,PyMuPDF,0
3fcab099-7470-4950-bf68-e039cd295fbcB3A_CEE_V1.pdf,.pdf,0.2551717758178711,False,PyMuPDF,0
ff029f2d-3db0-41d3-bb05-f9773748888aAU057 CM T 59 4 0C_V2_fd.pdf,.pdf,0.36240196228027344,False,PyMuPDF,0
e3d8efbb-c72c-4838-bad3-577e94cc24895. IMS354 CIE IRVE.pdf,.pdf,0.26283740997314453,False,PyMuPDF,0
ef8278a6-870f-4f39-9ed4-e9327914dd055. LRE080 Solicitud IRVE.pdf,.pdf,1.0001201629638672,False,PyMuPDF,0
be746275-9c8a-475a-b2de-5082bf86f969Delta B16 2A_CEE_V2.pdf,.pdf,0.22632503509521484,False,PyMuPDF,0
cbda9083-8abd-43cf-8373-be4ea52ab7f5IF1.9.pdf,.pdf,0.32215213775634766,False,PyMuPDF,0
e609bef2-c97f-4fdf-8946-8ba2a2656682AU057 CM T 59 3 2B_V2.pdf,.pdf,0.32117366790771484,False,PyMuPDF,0
c361a8b8-bfcc-4755-9839-2205272b2980AU085-1 Solicitud fd-SELLADO.pdf,.pdf,0.3363161087036133,False,PyMuPDF,0
778ac8e6-bb8d-42e7-9175-0ffd50b8cfcb1. LRE041 CIE IRVE.pdf,.pdf,0.7859821319580078,False,PyMuPDF,0
9b879fa9-ebea-4dce-bc36-531bf4c7c12404_EIA NO APLICA LPR0302 fd.pdf,.pdf,0.17876815795898438,False,PyMuPDF,0
85d0c268-d6c7-41be-8b19-e3c49e512488IMS353 CEE_V1_fd.pdf,.pdf,0.2829561233520508,False,PyMuPDF,0
be29b861-14d4-47c2-b567-4769a401434b1. CIE IRVE_fdo.pdf,.pdf,0.2630748748779297,False,PyMuPDF,0
29c8603f-f299-472f-a440-56ffc51a1cd37. DR.pdf,.pdf,0.07540130615234375,False,PyMuPDF,0
d85cee2d-b594-4eb4-b88b-467c8b605cddD4A_CEE_V1_fd.pdf,.pdf,0.30911827087402344,False,PyMuPDF,0
e82cb476-9c49-490d-8ed2-50e14dac75781. Solicitud_coope_fase 2.pdf,.pdf,1.5745067596435547,False,PyMuPDF,0
d287193e-70d9-4e62-8b67-2818abb0aca7H4A_CEE_V1_fd.pdf,.pdf,0.3090848922729492,False,PyMuPDF,0
6ebbcf15-dbc7-4c67-a71c-a50994757fa7IMS357 CEE_V1_AO.pdf,.pdf,0.22283077239990234,False,PyMuPDF,0
0a653fbd-5be8-4705-9330-534943f5ede7G3B_CEE_V2_FD.pdf,.pdf,0.3092041015625,False,PyMuPDF,0
c447529a-6e0e-44f1-b9cc-82d2e33879ea5. LRE210 Solicitud IRVE_fdo.pdf,.pdf,0.27257442474365234,False,PyMuPDF,0
5c831c1b-e282-4c7d-9650-8e220a0785bcDelta B18 1A_CEE_V2_fd.pdf,.pdf,0.28442859649658203,False,PyMuPDF,0
17d64d62-2c9c-473e-aa77-c7ce357c1e8dJ01. Informe justificativo-226.pdf,.pdf,0.19045639038085938,False,PyMuPDF,0
ce9572ba-077f-44b0-b04f-c6e594a802af3. Anexo IRVE_fdo.pdf,.pdf,0.590606689453125,False,PyMuPDF,0
c6deb326-5607-4b80-863c-029da38c9f292. S4-1 DR_sinfirma.pdf,.pdf,0.47516536712646484,False,PyMuPDF,0
3315e196-1449-464b-8cb3-5bf5be7aa9e21. CIE IRVE.pdf,.pdf,0.21182632446289062,False,PyMuPDF,0
c2179955-680b-4f93-8367-4cd5c572e488Delta B2 3A_CEE_V2.pdf,.pdf,0.22713279724121094,False,PyMuPDF,0
a3d004ff-3950-44cb-bc60-1d2380c313395. LRE233 Solicitud IRVE_fdo.pdf,.pdf,0.27376747131347656,False,PyMuPDF,0
aa87b398-3898-4bba-8bdb-81cff945e3a6AU044 MC PS 17 1B_V1 FD.pdf FD.pdf,.pdf,0.3337678909301758,False,PyMuPDF,0
74db78ff-52c3-4eca-bb35-6262fc020e302. MTD FD.pdf,.pdf,5.594965934753418,False,PyMuPDF,0
37feda46-3e76-4c3e-9d64-40a819f751b14. IMS321 CIE.pdf,.pdf,0.7862615585327148,False,PyMuPDF,0
0084e9d1-d9b9-4a97-878b-bfe931b3e6b3Delta B16 3B_CEE_V1.pdf,.pdf,0.2269277572631836,False,PyMuPDF,0
035f837a-4748-4b46-978f-4f05db653d0f1. Solicitud_coope_fase 2.pdf,.pdf,1.5757293701171875,False,PyMuPDF,0
c8371706-7966-4732-be06-9945f0cd1d7eJ01. Informe justificativo-223.pdf,.pdf,0.1903982162475586,False,PyMuPDF,0
cfe213e3-1ad0-4470-b513-ac2971a074beC264 Anexo V.pdf,.pdf,0.37316322326660156,False,PyMuPDF,0
c943ec15-a131-4e8d-a0b6-de4cfbc3cf5a5. A055 Solicitud IRVE.pdf,.pdf,0.2732086181640625,False,PyMuPDF,0
d7b5ba26-0674-40cf-87a5-06e15a92448e4. DR Tecnico Hector.pdf,.pdf,0.1092214584350586,False,PyMuPDF,0
8a924287-8c8c-49a6-8485-4267c8789eb6J01_LPR0700-6-fd.pdf,.pdf,0.2637796401977539,False,PyMuPDF,0
6b6ddbe6-9f12-4656-94ff-f7d721f468b0AU057 CM T 59 4 1B_V2.pdf,.pdf,0.32179927825927734,False,PyMuPDF,0
20bef151-15a0-4061-ae64-5c8c56e1ab6f3. Anexo IRVE.docx,.docx,0.3257179260253906,False,python-docx,0
2313b976-c8db-45dd-abdb-d8634adb95361. LRE256 CIE IRVE_fdo.pdf,.pdf,0.26146697998046875,False,PyMuPDF,0
4c44f9ca-07c3-464a-a7d4-0501e52b3cc76. Anexo VII Inf V2 fd.pdf,.pdf,0.4120302200317383,False,PyMuPDF,0
c66398be-ce7c-4b49-ad25-e6dd4904177f1. Just_planos_fd.pdf,.pdf,1.0485563278198242,False,PyMuPDF,0
3c2e0110-6d4a-412c-aebe-566119b08bd44. CIE C316_bat.pdf,.pdf,0.21456527709960938,False,PyMuPDF,0
80ff8cb3-b7f2-4416-834b-ec6de45b5e6e0. Nota aclarotaria GARAY 5B.docx,.docx,0.04531669616699219,False,python-docx,0
112a95fb-625c-477d-9b03-b5acc746991d4. IMS307 CIE.pdf,.pdf,0.7856674194335938,False,PyMuPDF,0
4856a4bf-86f1-44c0-a360-20487f239d0f1. CIE.xlsx,.xlsx,0.043305397033691406,False,openpyxl,0
11b55c5f-275d-4812-b77f-996f87f0559d7.2. Tramitación con Industria_CIE.pdf,.pdf,0.785435676574707,False,PyMuPDF,0
cefaba24-edb4-432a-8316-5de7a59fd9954. LRE268 CIE.pdf,.pdf,0.2593536376953125,False,PyMuPDF,0
c4de52c8-f57e-41d0-9de3-9a31196ef4f5J01_LPR0800.docx,.docx,0.14296340942382812,False,python-docx,0
aeff0a68-a9f4-4d4f-8dca-7f232280fb3f6. Tabla fd.pdf,.pdf,0.3010406494140625,False,PyMuPDF,0
795aee53-84fe-4931-b57f-c9632df91c26Delta B18 1B_CEE_V2.pdf,.pdf,0.22223854064941406,False,PyMuPDF,0
f9d44161-705d-45fb-aa20-43f96d3af67eSolicitud en formato PDF (con Huella Digital) (14).pdf,.pdf,1.1172571182250977,False,PyMuPDF,0
bc63be1d-93e1-42a7-9d01-08288d42363a1. cfo.pdf,.pdf,0.13779640197753906,False,PyMuPDF,0
bc896f2a-2a0a-4c28-994c-99372fa9a122SEO_CEE_V2.pdf,.pdf,0.22817230224609375,False,PyMuPDF,0
33c3a94b-6a1b-4430-8f41-f5c18ab0c458J01. Informe justificativo-168.pdf,.pdf,0.19044113159179688,False,PyMuPDF,0
926edf56-38fb-4494-8538-2bc62a91f24c1. J01 Informe justificativo_LPR09.docx,.docx,0.12175941467285156,False,python-docx,0
39d5214a-7c79-4b01-82ef-efa9d6ee77853. IMS347 Solicitud.pdf,.pdf,0.9987592697143555,False,PyMuPDF,0
ddbdc338-504f-4c7d-bf3f-59e3207d8d0aJ01. Informe justificativo-241.pdf,.pdf,0.19040298461914062,False,PyMuPDF,0
23237d61-2137-4c7e-9a35-2af8639de7663. Solicitud inscripción.pdf,.pdf,1.0042448043823242,False,PyMuPDF,0
ee887395-f37c-4163-b377-ca0b83e7cb8a3. LRE235 Anexo IRVE.docx,.docx,0.32939720153808594,False,python-docx,0
4cfd4aa9-e4a5-4c93-991c-17ecf663d0e2J01P2-3_fd.pdf,.pdf,0.26378822326660156,False,PyMuPDF,0
8b02eb49-3376-4846-8f57-a377157f884dIMS305_CEE_V1_fd.pdf,.pdf,0.2708711624145508,False,PyMuPDF,0
360e15b3-4619-48a0-b469-ce5a8b8ed8d3AU044 MC PN  3 2D_V2 fd.pdf,.pdf,0.3336200714111328,False,PyMuPDF,0
1c57afad-7bcb-427d-acb8-114d7d722eb61. Solicitud_coope_fase 2.pdf,.pdf,1.5751066207885742,False,PyMuPDF,0
94675080-1258-47f6-b813-efad1179b65cJ01. Informe justificativo-163.pdf,.pdf,0.19045448303222656,False,PyMuPDF,0
26448931-9ce4-4e06-8371-a83c939aef7fJ01_LPR0500.docx,.docx,0.15067386627197266,False,python-docx,0
5caeccc9-87c8-4b94-ab9e-b0c9c3866374AU044 MC PS 17 3D.pdf,.pdf,0.33390331268310547,False,PyMuPDF,0
7de045f3-68eb-428a-864c-a871fac74e5a1. Solicitud_coope_fase 2.pdf,.pdf,1.5748491287231445,False,PyMuPDF,0
a4716c98-8e70-44fe-b088-4dd44e769d1bJ01_LPR0700.docx,.docx,0.1651601791381836,False,python-docx,0
4d989a74-f038-4f04-a2ed-232c19029dcaDelta B1 2A_CEE_V1.pdf,.pdf,0.22629165649414062,False,PyMuPDF,0
b9d975a8-9c92-4023-a700-24a6a6e400cdAU044 MC PS 17 3D_CEE2.pdf,.pdf,0.26226139068603516,False,PyMuPDF,0
644aa7f5-d812-4fbf-b289-523e8878d22fDelta B3 2A_CEE_V2.pdf,.pdf,0.22327041625976562,False,PyMuPDF,0
802ecdd3-d791-4090-8c75-f07f519a887c2. C321 Declaracion responsable.pdf,.pdf,0.27628135681152344,False,PyMuPDF,0
d8938582-01f6-4287-9a37-bbf7b78608e2J01_LPR0900-1-fd.pdf,.pdf,0.26377296447753906,False,PyMuPDF,0
fd011653-efc3-4e24-b34b-281f65371df01. LRE346 CIE fd.pdf,.pdf,0.31609344482421875,False,PyMuPDF,0
8c648a24-4421-4b50-a377-a4c011b5a2b43. IMS122 Anexo IRVE.docx,.docx,0.3233652114868164,False,python-docx,0
c442df45-2dc7-4985-b60a-debb1b9b106a3. LRE252 Solicitud inscripción.pdf,.pdf,1.014573097229004,False,PyMuPDF,0
5161e599-a1f7-4f3a-bca1-4d7e26ec05feMEMORIA DES. fd H.pdf,.pdf,0.8846044540405273,False,PyMuPDF,0
7dda40d8-2bcf-4ef0-b0cd-4a957e8fc6dc4. Salarios pagados.pdf,.pdf,0.6657829284667969,False,PyMuPDF,0
c6c7cc29-5842-4ea2-a0be-71eacd48bbacH1A_CEE_V2.pdf,.pdf,0.2554788589477539,False,PyMuPDF,0
039a9552-aba4-4091-a60c-38045961808aAU044 MC PN  3 2A_V1 fd.pdf,.pdf,0.33376502990722656,False,PyMuPDF,0
